A 1.SAN-21.1|Berufliches Gymnasium, Technik (allgemeine Hochschulreife)|
A 1.SAN-21.2|Berufliches Gymnasium, Wirtschaft (allgemeine Hochschulreife)|
A 1.SAN-21.3|Berufliches Gymnasium, Gesundheit und Soziales (allgemeine Hochschulreife)|
A 1.SAN-43|Kolleg/Abendgymnasium (allgemeine Hochschulreife)|
A 1.SAN-44|Weitere Bildungsangebote des 2. und 3. Bildungswegs (allgemeine Hochschulreife)|
A 1.SAN-91|Vorbereitung auf Bildungsgänge, die zur allgemeinen Hochschulreife führen|
A 1.SAN-92|Vorbereitung auf die Prüfung zur allgemeinen Hochschulreife|
A 1.SLH-21.1|Berufliches Gymnasium, Technik (allgemeine Hochschulreife)|
A 1.SLH-21.2|Berufliches Gymnasium, Wirtschaft (allgemeine Hochschulreife)|
A 1.SLH-21.3|Berufliches Gymnasium, Gesundheit/Soziales (allgemeine Hochschulreife)|
A 1.SLH-21.4|Berufliches Gymnasium, Ernährung (allgemeine Hochschulreife)|
A 1.SLH-21.5|Berufliches Gymnasium, Agrarwirtschaft (allgemeine Hochschulreife)|
A 1.SLH-43|Kolleg/Abendgymnasium (allgemeine Hochschulreife)|
A 1.SLH-44|Weitere Bildungsangebote des 2. und 3. Bildungswegs (allgemeine Hochschulreife)|
A 1.SLH-91|Vorbereitung auf Bildungsgänge, die zur allgemeinen Hochschulreife führen|
A 1.SLH-92|Vorbereitung auf die Prüfung zur allgemeinen Hochschulreife|
A 1.THU-21.1|Berufliches Gymnasium, Technik (allgemeine Hochschulreife)|
A 1.THU-21.2|Berufliches Gymnasium, Wirtschaft (allgemeine Hochschulreife)|
A 1.THU-21.3|Berufliches Gymnasium, Gesundheit und Soziales (allgemeine Hochschulreife)|
A 1.THU-31|Berufliches Gymnasium, Doppelqualifikation (allgemeine Hochschulreife)|
A 1.THU-43|Kolleg/Abendgymnasium (allgemeine Hochschulreife)|
A 1.THU-44|Weitere Bildungsangebote des 2. und 3. Bildungswegs (allgemeine Hochschulreife)|
A 1.THU-91|Vorbereitung auf Bildungsgänge, die zur allgemeinen Hochschulreife führen|
A 1.THU-92|Vorbereitung auf die Prüfung zur allgemeinen Hochschulreife|
A 2.BAW-41.1|Technische Oberschule (fachgebundene Hochschulreife)|
A 2.BAW-41.2|Wirtschaftsoberschule (fachgebundene Hochschulreife)|
A 2.BAW-91|Vorbereitung auf Bildungsgänge, die zur fachgebundenen Hochschulreife führen|
A 2.BAW-92|Vorbereitung auf die Prüfung zur fachgebundenen Hochschulreife|
A 1.BAW-21.1|Berufliches Gymnasium, Technik (allgemeine Hochschulreife)|
A 1.BAW-21.10|Berufliches Gymnasium, Biotechnologie (allgemeine Hochschulreife)|
A 1.BAW-21.2|Berufliches Gymnasium, Wirtschaftswissenschaft (allgemeine Hochschulreife)|
A 1.BAW-21.3|Berufliches Gymnasium, Sozial- und Gesundheitswissenschaft (allgemeine Hochschulreife)|
A 1.BAW-21.4|Berufliches Gymnasium, Ernährungswissenschaft (allgemeine Hochschulreife)|
A 1.BAW-21.5|Berufliches Gymnasium, Agrarwissenschaft (allgemeine Hochschulreife)|
A 1.BAW-43|Kolleg/Abendgymnasium (allgemeine Hochschulreife)|
A 1.BAW-44|Weitere Bildungsangebote des 2. und 3. Bildungswegs (allgemeine Hochschulreife)|
A 1.BAW-91|Vorbereitung auf Bildungsgänge, die zur allgemeinen Hochschulreife führen|
A 1.BAW-92|Vorbereitung auf die Prüfung zur allgemeinen Hochschulreife|
A 1.BAY-43|Kolleg/Abendgymnasium (allgemeine Hochschulreife)|
A 1.BAY-44|Weitere Bildungsangebote des 2. und 3. Bildungswegs (allgemeine Hochschulreife)|
A 1.BAY-91|Vorbereitung auf Bildungsgänge, die zur allgemeinen Hochschulreife führen|
A 1.BAY-92|Vorbereitung auf die Prüfung zur allgemeinen Hochschulreife|
A 1.BER-21.1|Berufliches Gymnasium, Technik (allgemeine Hochschulreife)|
A 1.BER-21.2|Berufliches Gymnasium, Wirtschaft (allgemeine Hochschulreife)|
A 1.BER-21.4|Berufliches Gymnasium, Ernährung (allgemeine Hochschulreife)|
A 1.BER-43|Kolleg/Abendgymnasium (allgemeine Hochschulreife)|
A 1.BER-44|Weitere Bildungsangebote des 2. und 3. Bildungswegs (allgemeine Hochschulreife)|
A 1.BER-91|Vorbereitung auf Bildungsgänge, die zur allgemeinen Hochschulreife führen|
A 1.BER-92|Vorbereitung auf die Prüfung zur allgemeinen Hochschulreife|
A 1.BRA-21.1|Gymnasiale Oberstufe, Technik (allgemeine Hochschulreife)|
A 1.BRA-21.2|Gymnasiale Oberstufe, Wirtschaft (allgemeine Hochschulreife)|
A 1.BRA-21.3|Gymnasiale Oberstufe, Sozialwesen (allgemeine Hochschulreife)|
A 1.BRA-43|Schule des zweiten Bildungsweges (allgemeine Hochschulreife)|
A 1.BRA-44|Weitere Bildungsangebote des 2. und 3. Bildungswegs (allgemeine Hochschulreife)|
A 1.BRA-91|Vorbereitung auf Bildungsangebote, die zur allgemeinen Hochschulreife führen|
A 1.BRA-92|Vorbereitung auf die Prüfung zur allgemeinen Hochschulreife|
A 1.BRE-21.1|Berufliches Gymnasium, Technik (allgemeine Hochschulreife)|
A 1.BRE-21.2|Berufliches Gymnasium, Wirtschaft (allgemeine Hochschulreife)|
A 1.BRE-21.3|Berufliches Gymnasium, Gesundheit und Soziales (allgemeine Hochschulreife)|
A 1.BRE-21.6|Berufliches Gymnasium, Gestaltung/Multimedia (allgemeine Hochschulreife)|
A 1.BRE-31|Berufsfachschule, Doppelqualifikation (allgemeine Hochschulreife)|
A 1.BRE-43|Kolleg/Abendgymnasium (allgemeine Hochschulreife)|
A 1.BRE-44|Weitere Bildungsangebote des 2. und 3. Bildungswegs (allgemeine Hochschulreife)|
A 1.BRE-91|Vorbereitung auf Bildungsgänge, die zur allgemeinen Hochschulreife führen|
A 1.BRE-92|Vorbereitung auf die Prüfung zur allgemeinen Hochschulreife|
A 1.HAM-21|Berufliches Gymnasium, Technik (allgemeine Hochschulreife)|
A 1.HAM-22|Berufliches Gymnasium, Wirtschaft (allgemeine Hochschulreife)|
A 1.HAM-43|Kolleg/Abendgymnasium (allgemeine Hochschulreife)|
A 1.HAM-44|Weitere Bildungsangebote des 2. und 3. Bildungswegs (allgemeine Hochschulreife)|
A 1.HAM-91|Vorbereitung auf Bildungsgänge, die zur allgemeinen Hochschulreife führen|
A 1.HAM-92|Vorbereitung auf die Prüfung zur allgemeinen Hochschulreife|
A 1.HES-21.1|Berufliches Gymnasium, Technik (allgemeine Hochschulreife)|
A 1.HES-21.2|Berufliches Gymnasium, Wirtschaft (allgemeine Hochschulreife)|
A 1.HES-21.3|Berufliches Gymnasium, Gesundheit und Soziales (allgemeine Hochschulreife)|
A 1.HES-21.4|Berufliches Gymnasium, Ernährung (allgemeine Hochschulreife)|
A 1.HES-22|Berufliche Schule, Modellversuch (allgemeine Hochschulreife)|
A 1.HES-31|Berufliches Gymnasium, Doppelqualifikation (allgemeine Hochschulreife)|
A 1.HES-43|Kolleg/Abendgymnasium (allgemeine Hochschulreife)|
A 1.HES-44|Weitere Bildungsangebote des 2. und 3. Bildungswegs (allgemeine Hochschulreife)|
A 1.HES-91|Vorbereitung auf Bildungsangebote, die zur allgemeinen Hochschulreife führen|
A 1.HES-92|Vorbereitung auf die Prüfung zur allgemeinen Hochschulreife|
A 1.MBV-21.1|Berufliches Gymnasium, Technik (allgemeine Hochschulreife)|
A 1.MBV-21.2|Berufliches Gymnasium, Wirtschaft (allgemeine Hochschulreife)|
A 1.MBV-21.3|Berufliches Gymnasium, Gesundheit und Soziales (allgemeine Hochschulreife)|
A 1.MBV-21.4|Berufliches Gymnasium, Ernährungswissenschaft (allgemeine Hochschulreife)|
A 1.MBV-31|Berufliches Gymnasium, Doppelqualifikation (allgemeine Hochschulreife)|
A 1.MBV-43|Kolleg/Abendgymnasium (allgemeine Hochschulreife)|
A 1.MBV-44|Weitere Bildungsangebote des 2. und 3. Bildungswegs (allgemeine Hochschulreife)|
A 1.MBV-91|Vorbereitung auf Bildungsgänge, die zur allgemeinen Hochschulreife führen|
A 1.MBV-92|Vorbereitung auf die Prüfung zur allgemeinen Hochschulreife|
A 1.NDS-21.1|Berufliches Gymnasium, Technik (Allgemeine Hochschulreife)|
A 1.NDS-21.2|Berufliches Gymnasium, Wirtschaft (Allgemeine Hochschulreife)|
A 1.NDS-21.3|Berufliches Gymnasium, Gesundheit und Soziales (Allgemeine Hochschulreife)|
A 1.NDS-43|Kolleg/Abendgymnasium (allgemeine Hochschulreife)|
A 1.NDS-44|Weitere Bildungsangebote des 2. und 3. Bildungswegs (allgemeine Hochschulreife)|
A 1.NDS-91|Vorbereitung auf Bildungsgänge, die zur allgemeinen Hochschulreife führen|
A 1.NDS-92|Vorbereitung auf die Prüfung zur allgemeinen Hochschulreife|
A 1.NRW-21.1|Berufliches Gymnasium, Technik (allgemeine Hochschulreife)|
A 1.NRW-21.12|Berufliches Gymnasium, Informatik (allgemeine Hochschulreife)|
A 1.NRW-21.2|Berufliches Gymnasium, Wirtschaft und Verwaltung (allgemeine Hochschulreife)|
A 1.NRW-21.4|Berufliches Gymnasium, Ernährung (allgemeine Hochschulreife)|
A 1.NRW-21.6|Berufliches Gymnasium, Gestaltung (allgemeine Hochschulreife)|
A 1.NRW-27|Oberstufen-Kolleg (allgemeine Hochschulreife)|
A 1.NRW-31|Berufliches Gymnasium, Doppelqualifikation (allgemeine Hochschulreife)|
A 1.NRW-42.1|Fachoberschule Klasse 13, Technik (allgemeine Hochschulreife)|
A 1.NRW-42.2|Fachoberschule Klasse 13, Wirtschaft und Verwaltung (allgemeine Hochschulreife)|
A 1.NRW-42.3|Fachoberschule Klasse 13, Sozial- und Gesundheitswesen (allgemeine Hochschulreife)|
A 1.NRW-42.4|Fachoberschule Klasse 13, Ernährung und Hauswirtschaft (allgemeine Hochschulreife)|
A 1.NRW-42.5|Fachoberschule Klasse 13, Agrarwirtschaft, Bio- und Umwelttechnologie (allgemeine Hochschulreife)|
A 1.NRW-42.6|Fachoberschule Klasse 13, Gestaltung (allgemeine Hochschulreife)|
A 1.NRW-43|Kolleg/Abendgymnasium (allgemeine Hochschulreife)|
A 1.NRW-44|Weitere Bildungsangebote des 2. und 3. Bildungswegs (allgemeine Hochschulreife)|
A 1.NRW-91|Vorbereitung auf Bildungsgänge, die zur allgemeinen Hochschulreife führen|
A 1.NRW-92|Vorbereitung auf die Prüfung zur allgemeinen Hochschulreife|
A 1.RPF-21.1|Berufliches Gymnasium, Technik (allgemeine Hochschulreife)|
A 1.RPF-21.2|Berufliches Gymnasium, Wirtschaft (allgemeine Hochschulreife)|
A 1.RPF-21.3|Berufliches Gymnasium, Gesundheit und Soziales (allgemeine Hochschulreife)|
A 1.RPF-43|Kolleg/Abendgymnasium (allgemeine Hochschulreife)|
A 1.RPF-44|Weitere Bildungsangebote des 2. und 3. Bildungswegs (allgemeine Hochschulreife)|
A 1.RPF-91|Vorbereitung auf Bildungsgänge, die zur allgemeinen Hochschulreife führen|
A 1.RPF-92|Vorbereitung auf die Prüfung zur allgemeinen Hochschulreife|
A 1.SAA-21.1|Berufliches Gymnasium, Technik (allgemeine Hochschulreife)|
A 1.SAA-21.2|Berufliches Gymnasium, Wirtschaft (allgemeine Hochschulreife)|
A 1.SAA-21.3|Berufliches Gymnasium, Gesundheit und Soziales (allgemeine Hochschulreife)|
A 1.SAA-22.1|Technisch-Wissenschaftliches Gymnasium, Doppelprofilierung (allgemeine Hochschulreife)|
A 1.SAA-22.2|Wirtschaftswissenschaftliches Gymnasium, Doppelprofilierung (allgemeine Hochschulreife)|
A 1.SAA-43|Kolleg/Abendgymnasium (allgemeine Hochschulreife)|
A 1.SAA-44|Weitere Bildungsangebote des 2. und 3. Bildungswegs (allgemeine Hochschulreife)|
A 1.SAA-91|Vorbereitung auf Bildungsgänge, die zur allgemeinen Hochschulreife führen|
A 1.SAA-92|Vorbereitung auf die Prüfung zur allgemeinen Hochschulreife|
A 1.SAC-21.1|Berufliches Gymnasium, Technikwissenschaft (allgemeine Hochschulreife)|
A 1.SAC-21.10|Berufliches Gymnasium, Biotechnologie (allgemeine Hochschulreife)|
A 1.SAC-21.2|Berufliches Gymnasium, Wirtschaftswissenschaft (allgemeine Hochschulreife)|
A 1.SAC-21.3|Berufliches Gymnasium, Gesundheit und Soziales (allgemeine Hochschulreife)|
A 1.SAC-21.4|Berufliches Gymnasium, Ernährungswissenschaft (allgemeine Hochschulreife)|
A 1.SAC-21.5|Berufliches Gymnasium, Agrarwissenschaft (allgemeine Hochschulreife)|
A 1.SAC-21.8|Berufliches Gymnasium, Informations- und Kommunikationstechnologie (allgemeine Hochschulreife)|
A 1.SAC-31|Berufliches Gymnasium, Doppelqualifikation (allgemeine Hochschulreife)|
A 1.SAC-43|Kolleg/Abendgymnasium (allgemeine Hochschulreife)|
A 1.SAC-44|Weitere Bildungsangebote des 2. und 3. Bildungswegs (allgemeine Hochschulreife)|
A 1.SAC-91|Vorbereitung auf Bildungsgänge zur allgemeinen Hochschulreife|
A 1.SAC-92|Vorbereitung auf die Prüfung zur allgemeinen Hochschulreife|
A 3.BAY-21.1|Berufliche Oberschule, Fachoberschule, Technik (Fachhochschulreife)|
A 3.BAY-21.2|Berufliche Oberschule, Fachoberschule, Wirtschaft und Verwaltung (Fachhochschulreife)|
A 3.BAY-21.3|Berufliche Oberschule, Fachoberschule, Sozialwesen (Fachhochschulreife)|
A 3.BAY-21.5|Berufliche Oberschule, Fachoberschule, Agrarwirtschaft, Bio- und Umwelttechnologie (Fachhochschulreife)|
A 3.BAY-21.6|Berufliche Oberschule, Fachoberschule, Gestaltung (Fachhochschulreife)|
A 3.BAY-41.1|Berufliche Oberschule, Berufsoberschule, Technik (Fachhochschulreife)|
A 3.BAY-41.2|Berufliche Oberschule, Berufsoberschule, Wirtschaft und Verwaltung (Fachhochschulreife)|
A 3.BAY-41.3|Berufliche Oberschule, Berufsoberschule, Sozialwesen (Fachhochschulreife)|
A 3.BAY-41.5|Berufliche Oberschule, Berufsoberschule, Agrarwirtschaft, Bio- und Umwelttechnologie (Fachhochschulreife)|
A 3.BAY-44|Weitere Bildungsangebote des 2. und 3. Bildungswegs (Fachhochschulreife)|
A 3.BAY-45|Zusatzqualifikation während dualer Berufsausbildung (Fachhochschulreife)|
A 3.BAY-46|kolleg24 (Fachhochschulreife)|
A 3.BAY-91|Vorbereitung auf Bildungsgänge, die zur Fachhochschulreife führen|
A 3.BAY-92|Vorbereitung auf die Prüfung zur Fachhochschulreife|
A 3.BER-21.1|Fachoberschule, Technik (Fachhochschulreife)|
A 3.BER-21.2|Fachoberschule, Wirtschaft und Verwaltung (Fachhochschulreife)|
A 3.BER-21.3|Fachoberschule, Gesundheit und Soziales (Fachhochschulreife)|
A 3.BER-21.4|Fachoberschule, Ernährung und Hauswirtschaft (Fachhochschulreife)|
A 3.BER-21.5|Fachoberschule, Agrarwirtschaft (Fachhochschulreife)|
A 3.BER-21.6|Fachoberschule, Gestaltung (Fachhochschulreife)|
A 3.BER-41.1|Fachoberschule, Technik (Fachhochschulreife)|
A 3.BER-41.2|Fachoberschule, Wirtschaft und Verwaltung (Fachhochschulreife)|
A 3.BER-41.3|Fachoberschule, Gesundheit und Soziales (Fachhochschulreife)|
A 3.BER-41.4|Fachoberschule, Ernährung und Hauswirtschaft (Fachhochschulreife)|
A 3.BER-41.6|Fachoberschule, Gestaltung (Fachhochschulreife)|
A 3.BER-44|Weitere Bildungsangebote des 2. und 3. Bildungswegs (Fachhochschulreife)|
A 3.BER-45|Zusatzqualifikation während dualer Berufsausbildung (Fachhochschulreife)|
A 3.BER-91|Vorbereitung auf Bildungsgänge, die zur Fachhochschulreife führen|
A 3.BER-92|Vorbereitung auf die Prüfung zur Fachhochschulreife|
A 3.BRA-21.1|Fachoberschule, Technik (Fachhochschulreife)|
A 3.BRA-21.2|Fachoberschule, Wirtschaft und Verwaltung (Fachhochschulreife)|
A 3.BRA-21.3|Fachoberschule, Gesundheit und Soziales (Fachhochschulreife)|
A 3.BRA-36|Duale Berufsausbildung, Doppelqualifikation (Fachhochschulreife)|
A 3.BRA-41.1|Fachoberschule, Technik (Fachhochschulreife)|
A 3.BRA-41.2|Fachoberschule, Wirtschaft und Verwaltung (Fachhochschulreife)|
A 3.BRA-41.3|Fachoberschule, Gesundheit und Soziales (Fachhochschulreife)|
A 3.BRA-41.4|Fachoberschule, Ernährung und Hauswirtschaft (Fachhochschulreife)|
A 3.BRA-41.5|Fachoberschule, Agrarwirtschaft, Bio- und Umwelttechnologie (Fachhochschulreife)|
A 3.BRA-41.6|Fachoberschule, Gestaltung (Fachhochschulreife)|
A 3.BRA-44|Weitere Bildungsangebote des 2. und 3. Bildungswegs (Fachhochschulreife)|
A 3.BRA-45|Zusatzqualifikation während dualer Berufsausbildung (Fachhochschulreife)|
A 3.BRA-46|Telekolleg (Fachhochschulreife)|
A 3.BRA-91|Vorbereitung auf Bildungsgänge, die zur Fachhochschulreife führen|
A 3.BRA-92|Vorbereitung auf die Prüfung zur Fachhochschulreife|
A 3.BRE-21.1|Fachoberschule, Technik (Fachhochschulreife)|
A 3.BRE-21.3|Fachoberschule, Gesundheit und Soziales (Fachhochschulreife)|
A 3.BRE-21.4|Fachoberschule, Ernährung und Hauswirtschaft (Fachhochschulreife)|
A 3.BRE-21.6|Fachoberschule, Gestaltung (Fachhochschulreife)|
A 3.BRE-22|Höhere Handelsschule (Fachhochschulreife)|
A 3.BRE-31|Berufsfachschule, Doppelqualifikation (Fachhochschulreife)|
A 3.BRE-41.1|Fachoberschule 12. Klasse, Technik (Fachhochschulreife)|
A 3.BRE-41.2|Fachoberschule 12. Klasse, Wirtschaft und Verwaltung (Fachhochschulreife)|
A 3.BRE-41.3|Fachoberschule 12. Klasse, Gesundheit und Soziales (Fachhochschulreife)|
A 3.BRE-41.4|Fachoberschule 12. Klasse, Ernährung und Hauswirtschaft (Fachhochschulreife)|
A 3.BRE-41.6|Fachoberschule 12. Klasse, Gestaltung (Fachhochschulreife)|
A 3.BRE-44|Weitere Bildungsangebote des 2. und 3. Bildungswegs (Fachhochschulreife)|
A 3.BRE-45|Zusatzqualifikation während dualer Berufsausbildung (Fachhochschulreife)|
A 3.BRE-91|Vorbereitung auf Bildungsgänge, die zur Fachhochschulreife führen|
A 3.BRE-92|Vorbereitung auf die Prüfung zur Fachhochschulreife|
A 3.HAM-22|Höhere Handelsschule (Fachhochschulreife)|
A 3.HAM-41.1|Fachoberschule, Technik (Fachhochschulreife)|
A 3.HAM-41.2|Fachoberschule, Wirtschaft und Verwaltung (Fachhochschulreife)|
A 3.HAM-41.3|Fachoberschule, Sozialpädagogik (Fachhochschulreife)|
A 3.HAM-41.4|Fachoberschule, Ernährung und Hauswirtschaft (Fachhochschulreife)|
A 3.HAM-41.6|Fachoberschule, Gestaltung (Fachhochschulreife)|
A 3.HAM-41.9|Fachoberschule, Gesundheit und Soziales (Fachhochschulreife)|
A 3.HAM-44|Weitere Bildungsangebote des 2. und 3. Bildungswegs (Fachhochschulreife)|
A 3.HAM-91|Vorbereitung auf Bildungsgänge, die zur Fachhochschulreife führen|
A 3.HAM-92|Vorbereitung auf die Prüfung zur Fachhochschulreife|
A 3.HES-21.1|Fachoberschule Form A, Technik (Fachhochschulreife)|
A 3.HES-21.2|Fachoberschule Form A, Wirtschaft und Verwaltung (Fachhochschulreife)|
A 3.HES-21.6|Fachoberschule Form A, Gestaltung (Fachhochschulreife)|
A 3.HES-21.9|Fachoberschule Form A, Gesundheit und Soziales (Fachhochschulreife)|
A 3.HES-41.1|Fachoberschule Form B, Technik (Fachhochschulreife)|
A 3.HES-41.2|Fachoberschule Form B, Wirtschaft und Verwaltung (Fachhochschulreife)|
A 3.HES-41.6|Fachoberschule Form B, Gestaltung (Fachhochschulreife)|
A 3.HES-41.9|Fachoberschule Form B, Gesundheit und Soziales (Fachhochschulreife)|
A 3.HES-44|Weitere Bildungsangebote des 2. und 3. Bildungswegs (Fachhochschulreife)|
A 3.HES-45|Zusatzqualifikation während dualer Berufsausbildung (Fachhochschulreife)|
A 3.HES-91|Vorbereitung auf Bildungsgänge, die zur Fachhochschulreife führen|
A 3.HES-92|Vorbereitung auf die Prüfung zur Fachhochschulreife|
A 3.MBV-21.1|Fachoberschule, Technik (Fachhochschulreife)|
A 3.MBV-21.2|Fachoberschule, Wirtschaft/Verwaltung (Fachhochschulreife)|
A 3.MBV-21.3|Fachoberschule, Sozialpädagogik (Fachhochschulreife)|
A 3.MBV-21.4|Fachoberschule, Ernährung und Hauswirtschaft (Fachhochschulreife)|
A 3.MBV-21.5|Fachoberschule, Agrarwirtschaft (Fachhochschulreife)|
A 3.MBV-21.6|Fachoberschule, Gestaltung (Fachhochschulreife)|
A 3.MBV-21.7|Fachoberschule, Seefahrt (Fachhochschulreife)|
A 3.MBV-21.8|Fachoberschule, Informatik (Fachhochschulreife)|
A 3.MBV-41.1|Fachoberschule 12. Klasse, Technik (Fachhochschulreife)|
A 3.MBV-41.2|Fachoberschule 12. Klasse, Wirtschaft/Verwaltung (Fachhochschulreife)|
A 3.MBV-41.3|Fachoberschule 12. Klasse, Sozialpädagogik (Fachhochschulreife)|
A 3.MBV-41.4|Fachoberschule 12. Klasse, Ernährung und Hauswirtschaft (Fachhochschulreife)|
A 3.MBV-41.5|Fachoberschule 12. Klasse, Agrarwirtschaft (Fachhochschulreife)|
A 3.MBV-41.6|Fachoberschule 12. Klasse, Gestaltung (Fachhochschulreife)|
A 3.MBV-41.7|Fachoberschule 12. Klasse, Seefahrt (Fachhochschulreife)|
A 3.MBV-41.8|Fachoberschule 12. Klasse, Informatik (Fachhochschulreife)|
A 3.MBV-44|Weitere Bildungsangebote des 2. und 3. Bildungswegs (Fachhochschulreife)|
A 3.MBV-45|Zusatzqualifikation während dualer Berufsausbildung (Fachhochschulreife)|
A 3.MBV-91|Vorbereitung auf Bildungsgänge, die zur Fachhochschulreife führen|
A 3.MBV-92|Vorbereitung auf die Prüfung zur Fachhochschulreife|
A 3.NDS-21.1|Fachoberschule, Technik (Fachhochschulreife)|
A 3.NDS-21.2|Fachoberschule, Wirtschaft und Verwaltung (Fachhochschulreife)|
A 3.NDS-21.3|Fachoberschule, Gesundheit und Soziales (Fachhochschulreife)|
A 3.NDS-21.4|Fachoberschule, Ernährung und Hauswirtschaft (Fachhochschulreife)|
A 3.NDS-21.5|Fachoberschule, Agrarwirtschaft, Bio- und Umwelttechnologie (Fachhochschulreife)|
A 3.NDS-21.6|Fachoberschule, Gestaltung (Fachhochschulreife)|
A 3.NDS-41.1|Fachoberschule 12. Klasse, Technik (Fachhochschulreife)|
A 3.NDS-41.2|Fachoberschule 12. Klasse, Wirtschaft und Verwaltung (Fachhochschulreife)|
A 3.NDS-41.3|Fachoberschule 12. Klasse, Gesundheit und Soziales (Fachhochschulreife)|
A 3.NDS-41.4|Fachoberschule 12. Klasse, Ernährung und Hauswirtschaft (Fachhochschulreife)|
A 3.NDS-41.5|Fachoberschule 12. Klasse, Agrarwirtschaft, Bio- und Umwelttechnologie (Fachhochschulreife)|
A 3.NDS-41.6|Fachoberschule 12. Klasse, Gestaltung (Fachhochschulreife)|
A 3.NDS-44|Weitere Bildungsangebote des 2. und 3. Bildungswegs (Fachhochschulreife)|
A 3.NDS-45|Zusatzqualifikation während dualer Berufsausbildung (Fachhochschulreife)|
A 3.NDS-91|Vorbereitung auf Bildungsgänge, die zur Fachhochschulreife führen|
A 3.NDS-92|Vorbereitung auf die Prüfung zur Fachhochschulreife|
A 3.NRW-21.1|Fachoberschule, Technik (Fachhochschulreife)|
A 3.NRW-21.2|Fachoberschule, Wirtschaft und Verwaltung (Fachhochschulreife)|
A 3.NRW-21.3|Fachoberschule, Gesundheit und Soziales (Fachhochschulreife)|
A 3.NRW-21.4|Fachoberschule, Ernährung und Hauswirtschaft (Fachhochschulreife)|
A 3.NRW-21.5|Fachoberschule, Agrarwirtschaft, Bio- und Umwelttechnologie (Fachhochschulreife)|
A 3.NRW-21.6|Fachoberschule, Gestaltung (Fachhochschulreife)|
A 3.NRW-22.1|Zweijährige Berufsfachschule, Technik (Fachhochschulreife)|
A 3.NRW-22.2|Zweijährige Berufsfachschule, Wirtschaft und Verwaltung (Höhere Handelsschule) (Fachhochschulreife)|
A 3.NRW-22.3|Zweijährige Berufsfachschule, Sozial- und Gesundheitswesen (Fachhochschulreife)|
A 3.NRW-22.4|Zweijährige Berufsfachschule, Ernährung und Hauswirtschaft (Fachhochschulreife)|
A 3.NRW-22.5|Zweijährige Berufsfachschule, Agrarwirtschaft (Fachhochschulreife)|
A 3.NRW-22.6|Zweijährige Berufsfachschule, Gestaltung (Fachhochschulreife)|
A 3.NRW-31|Dreijährige Berufsfachschule, Doppelqualifikation (Fachhochschulreife)|
A 3.NRW-41.1|Fachoberschule Klasse 12 B, Technik (Fachhochschulreife)|
A 3.NRW-41.2|Fachoberschule Klasse 12 B, Wirtschaft und Verwaltung (Fachhochschulreife)|
A 3.NRW-41.3|Fachoberschule Klasse 12 B, Gesundheit und Soziales (Fachhochschulreife)|
A 3.NRW-41.4|Fachoberschule Klasse 12 B, Ernährung und Hauswirtschaft (Fachhochschulreife)|
A 3.NRW-41.5|Fachoberschule Klasse 12 B, Agrarwirtschaft (Fachhochschulreife)|
A 3.NRW-41.6|Fachoberschule Klasse 12 B, Gestaltung (Fachhochschulreife)|
A 3.NRW-44|Weitere Bildungsangebote des 2. und 3. Bildungswegs (Fachhochschulreife)|
A 3.NRW-45|Fachklasse des dualen Systems - Berufsschule (Fachhochschulreife)|
A 3.NRW-91|Vorbereitung auf Bildungsgänge, die zur Fachhochschulreife führen|
A 2.BAY-41.1|Berufliche Oberschule, Berufsoberschule, Technik (fachgebundene Hochschulreife)|
A 2.BAY-41.2|Berufliche Oberschule, Berufsoberschule, Wirtschaft und Verwaltung (fachgebundene Hochschulreife)|
A 2.BAY-41.3|Berufliche Oberschule, Berufsoberschule, Sozialwesen (fachgebundene Hochschulreife)|
A 2.BAY-41.5|Berufliche Oberschule, Berufsoberschule, Agrarwirtschaft, Bio- und Umwelttechnologie (fachgebundene Hochschulreife)|
A 2.BAY-91|Vorbereitung auf Bildungsgänge, die zur fachgebundenen Hochschulreife führen|
A 2.BAY-92|Vorbereitung auf die Prüfung zur fachgebundenen Hochschulreife|
A 2.BER-41.1|Berufsoberschule, Technik (fachgebundene Hochschulreife)|
A 2.BER-41.2|Berufsoberschule, Wirtschaft (fachgebundene Hochschulreife)|
A 2.BER-41.3|Berufsoberschule, Sozialwesen (fachgebundene Hochschulreife)|
A 2.BER-41.4|Berufsoberschule Ernährung/Hauswirtschaft (fachgebundene Hochschulreife)|
A 2.BER-41.5|Berufsoberschule, Agrarwirtschaft (fachgebundene Hochschulreife)|
A 2.BER-41.6|Berufsoberschule, Gestaltung (fachgebundene Hochschulreife)|
A 2.BER-91|Vorbereitung auf Bildungsgänge, die zur fachgebundenen Hochschulreife führen|
A 2.BER-92|Vorbereitung auf die Prüfung zur fachgebundenen Hochschulreife|
A 2.BRE-41.1|Berufsoberschule, Technik (fachgebundene Hochschulreife)|
A 2.BRE-41.2|Berufsoberschule, Wirtschaft und Verwaltung (fachgebundene Hochschulreife)|
A 2.BRE-41.3|Berufsoberschule, Gesundheit und Soziales (fachgebundene Hochschulreife)|
A 2.BRE-41.4|Berufsoberschule, Ernährung/Hauswirtschaft (fachgebundene Hochschulreife)|
A 2.BRE-41.6|Berufsoberschule, Gestaltung (fachgebundene Hochschulreife)|
A 2.BRE-44|Weitere Bildungsangebote des 2. und 3. Bildungswegs (fachgebundene Hochschulreife)|
A 2.BRE-91|Vorbereitung auf Bildungsgänge, die zur fachgebundenen Hochschulreife führen|
A 2.BRE-92|Vorbereitung auf die Prüfung zur fachgebundenen Hochschulreife|
A 2.NDS-41.1|Berufsoberschule, Technik (fachgebundene Hochschulreife)|
A 2.NDS-41.2|Berufsoberschule, Wirtschaft und Verwaltung (fachgebundene Hochschulreife)|
A 2.NDS-41.3|Berufsoberschule, Gesundheit und Soziales (fachgebundene Hochschulreife)|
A 2.NDS-41.4|Berufsoberschule, Ernährung und Hauswirtschaft (fachgebundene Hochschulreife)|
A 2.NDS-41.5|Berufsoberschule, Agrarwirtschaft, Bio- und Umwelttechnologie (fachgebundene Hochschulreife)|
A 2.NDS-44|Weitere Bildungsangebote des 2. und 3. Bildungswegs (fachgebundene Hochschulreife)|
A 2.NDS-91|Vorbereitung auf Bildungsgänge, die zur fachgebundenen Hochschulreife führen|
A 2.NDS-92|Vorbereitung auf die Prüfung zur fachgebundenen Hochschulreife|
A 2.RPF-41.1|Berufsoberschule II, Technik (fachgebundene Hochschulreife)|
A 2.RPF-41.2|Berufsoberschule II, Wirtschaft und Verwaltung (fachgebundene Hochschulreife)|
A 2.RPF-41.3|Berufsoberschule II, Gesundheit und Soziales (fachgebundene Hochschulreife)|
A 2.RPF-91|Vorbereitung auf Bildungsgänge, die zur fachgebundenen Hochschulreife führen|
A 2.RPF-92|Vorbereitung auf die Prüfung zur fachgebundenen Hochschulreife|
A 2.SLH-41.1|Berufsoberschule, Technik (fachgebundene Hochschulreife)|
A 2.SLH-41.2|Berufsoberschule, Wirtschaft und Verwaltung (fachgebundene Hochschulreife)|
A 2.SLH-41.3|Berufsoberschule, Gesundheit und Soziales (fachgebundene Hochschulreife)|
A 2.SLH-41.4|Berufsoberschule, Ernährung/Hauswirtschaft (fachgebundene Hochschulreife)|
A 2.SLH-41.5|Berufsoberschule, Agrarwirtschaft, Bio- und Umwelttechnologie (fachgebundene Hochschulreife)|
A 2.SLH-41.6|Berufsoberschule, Gestaltung (fachgebundene Hochschulreife)|
A 2.SLH-44|Weitere Bildungsangebote des 2. und 3. Bildungswegs (fachgebundene Hochschulreife)|
A 2.SLH-91|Vorbereitung auf Bildungsgänge, die zur fachgebundenen Hochschulreife führen|
A 2.SLH-92|Vorbereitung auf die Prüfung zur fachgebundenen Hochschulreife|
A 3.BAW-21.1|Berufskolleg zum Erwerb der Fachhochschulreife, Technik (Fachhochschulreife)|
A 3.BAW-21.2|Berufskolleg zum Erwerb der Fachhochschulreife, Wirtschaft und Verwaltung (Fachhochschulreife)|
A 3.BAW-21.3|Berufskolleg zum Erwerb der Fachhochschulreife, Sozialwesen (Fachhochschulreife)|
A 3.BAW-22.1|Technisches Berufskolleg II (Fachhochschulreife)|
A 3.BAW-22.2|Kaufmännisches Berufskolleg II (Fachhochschulreife)|
A 3.BAW-22.7|Berufskolleg Gesundheit und Pflege II (Fachhochschulreife)|
A 3.BAW-41.1|Berufskolleg zum Erwerb der Fachhochschulreife, gewerblich (Fachhochschulreife)|
A 3.BAW-41.2|Berufskolleg zum Erwerb der Fachhochschulreife, kaufmännisch (Fachhochschulreife)|
A 3.BAW-41.3|Berufskolleg zum Erwerb der Fachhochschulreife, hauswirtschaftlich/landwirtschaftlich/sozialpädagogisch (Fachhochschulreife)|
A 3.BAW-41.6|Berufskolleg zum Erwerb der Fachhochschulreife, gestalterisch (Fachhochschulreife)|
A 3.BAW-44|Weitere Bildungsangebote des 2. und 3. Bildungswegs (Fachhochschulreife)|
A 3.BAW-45|Zusatzqualifikation während dualer Berufsausbildung (Fachhochschulreife)|
A 3.BAW-91|Vorbereitung auf Bildungsgänge, die zur Fachhochschulreife führen|
A 3.BAW-92|Vorbereitung auf die Prüfung zur Fachhochschulreife|
A 3.NRW-92|Vorbereitung auf die Prüfung zur Fachhochschulreife|
A 3.RPF-41.1|Berufsoberschule I, Technik (Fachhochschulreife)|
A 3.RPF-41.2|Berufsoberschule I, Wirtschaft und Verwaltung (Fachhochschulreife)|
A 3.RPF-41.3|Berufsoberschule I, Gesundheit und Soziales (Fachhochschulreife)|
A 3.RPF-41.6|Berufsoberschule I, Gestaltung (Fachhochschulreife)|
A 3.RPF-42|Duale Berufsoberschule (Fachhochschulreife)|
A 3.RPF-44|Weitere Bildungsangebote des 2. und 3. Bildungswegs (Fachhochschulreife)|
A 3.RPF-45|Zusatzqualifikation während dualer Berufsausbildung (Fachhochschulreife)|
A 3.RPF-46|Telekolleg (Fachhochschulreife)|
A 3.RPF-91|Vorbereitung auf Bildungsgänge, die zur Fachhochschulreife führen|
A 3.RPF-92|Vorbereitung auf die Prüfung zur Fachhochschulreife|
A 3.SAA-21.1|Fachoberschule, Ingenieurwesen (Fachhochschulreife)|
A 3.SAA-21.2|Fachoberschule, Wirtschaft (Fachhochschulreife)|
A 3.SAA-21.3|Fachoberschule, Gesundheit und Soziales (Fachhochschulreife)|
A 3.SAA-21.4|Fachoberschule, Ernährung und Hauswirtschaft (Fachhochschulreife)|
A 3.SAA-21.6|Fachoberschule, Design (Fachhochschulreife)|
A 3.SAA-41.1|Fachoberschule 12. Klasse, Ingenieurwesen (Fachhochschulreife)|
A 3.SAA-41.2|Fachoberschule 12. Klasse, Wirtschaft (Fachhochschulreife)|
A 3.SAA-41.3|Fachoberschule 12. Klasse, Gesundheit und Soziales (Fachhochschulreife)|
A 3.SAA-41.4|Fachoberschule 12. Klasse, Ernährung und Hauswirtschaft (Fachhochschulreife)|
A 3.SAA-41.6|Fachoberschule 12. Klasse, Design (Fachhochschulreife)|
A 3.SAA-44|Weitere Bildungsangebote des 2. und 3. Bildungswegs (Fachhochschulreife)|
A 3.SAA-91|Vorbereitung auf Bildungsgänge, die zur Fachhochschulreife führen|
A 3.SAA-92|Vorbereitung auf die Prüfung zur Fachhochschulreife|
A 3.SAC-21.1|Fachoberschule, Technik (Fachhochschulreife)|
A 3.SAC-21.2|Fachoberschule, Wirtschaft und Verwaltung (Fachhochschulreife)|
A 3.SAC-21.3|Fachoberschule, Gesundheit und Soziales (Fachhochschulreife)|
A 3.SAC-21.5|Fachoberschule, Agrarwirtschaft, Bio- und Umwelttechnologie (Fachhochschulreife)|
A 3.SAC-21.6|Fachoberschule, Gestaltung (Fachhochschulreife)|
A 3.SAC-41.1|Fachoberschule 12. Klasse, Technik (Fachhochschulreife)|
A 3.SAC-41.2|Fachoberschule 12. Klasse, Wirtschaft und Verwaltung (Fachhochschulreife)|
A 3.SAC-41.3|Fachoberschule 12. Klasse, Gesundheit und Soziales (Fachhochschulreife)|
A 3.SAC-41.5|Fachoberschule 12. Klasse, Agrarwirtschaft, Bio- und Umwelttechnologie (Fachhochschulreife)|
A 3.SAC-41.6|Fachoberschule 12. Klasse, Gestaltung (Fachhochschulreife)|
A 3.SAC-44|Weitere Bildungsangebote des 2. und 3. Bildungswegs (Fachhochschulreife)|
A 3.SAC-45|Zusatzqualifikation während dualer Berufsausbildung (Fachhochschulreife)|
A 3.SAC-91|Vorbereitung auf Bildungsgänge, die zur Fachhochschulreife führen|
A 3.SAC-92|Vorbereitung auf die Prüfung zur Fachhochschulreife|
A 3.SAN-21.1|Fachoberschule, Technik (Fachhochschulreife)|
A 3.SAN-21.2|Fachoberschule, Wirtschaft und Verwaltung (Fachhochschulreife)|
A 3.SAN-21.3|Fachoberschule, Gesundheit und Soziales (Fachhochschulreife)|
A 3.SAN-21.4|Fachoberschule, Ernährung und Hauswirtschaft (Fachhochschulreife)|
A 3.SAN-21.6|Fachoberschule, Gestaltung (Fachhochschulreife)|
A 3.SAN-41.1|Fachoberschule 12. Klasse, Technik (Fachhochschulreife)|
A 3.SAN-41.2|Fachoberschule 12. Klasse, Wirtschaft und Verwaltung (Fachhochschulreife)|
A 3.SAN-41.3|Fachoberschule 12. Klasse, Gesundheit und Soziales (Fachhochschulreife)|
A 3.SAN-41.4|Fachoberschule 12. Klasse, Ernährung und Hauswirtschaft (Fachhochschulreife)|
A 3.SAN-41.6|Fachoberschule 12. Klasse, Gestaltung (Fachhochschulreife)|
A 3.SAN-44|Weitere Bildungsangebote des 2. und 3. Bildungswegs (Fachhochschulreife)|
A 3.SAN-45|Zusatzqualifikation während dualer Berufsausbildung (Fachhochschulreife)|
A 3.SAN-91|Vorbereitung auf Bildungsgänge, die zur Fachhochschulreife führen|
A 3.SAN-92|Vorbereitung auf die Prüfung zur Fachhochschulreife|
A 3.SLH-41.1|Fachoberschule, Technik (Fachhochschulreife)|
A 3.SLH-41.2|Fachoberschule, Wirtschaft und Verwaltung (Fachhochschulreife)|
A 3.SLH-41.3|Fachoberschule, Gesundheit und Soziales (Fachhochschulreife)|
A 3.SLH-41.4|Fachoberschule, Ernährung und Hauswirtschaft (Fachhochschulreife)|
A 3.SLH-41.5|Fachoberschule, Agrarwirtschaft, Bio- und Umwelttechnologie (Fachhochschulreife)|
A 3.SLH-41.6|Fachoberschule, Gestaltung (Fachhochschulreife)|
A 3.SLH-44|Weitere Bildungsangebote des 2. und 3. Bildungswegs (Fachhochschulreife)|
A 3.SLH-45|Zusatzqualifikation während dualer Berufsausbildung (Fachhochschulreife)|
A 3.SLH-91|Vorbereitung auf Bildungsgänge, die zur Fachhochschulreife führen|
A 3.SLH-92|Vorbereitung auf die Prüfung zur Fachhochschulreife|
A 3.THU-21.1|Fachoberschule, Technik (Fachhochschulreife)|
A 3.THU-21.2|Fachoberschule, Wirtschaft und Verwaltung (Fachhochschulreife)|
A 3.THU-21.3|Fachoberschule, Gesundheit und Soziales (Fachhochschulreife)|
A 3.THU-21.4|Fachoberschule, Ernährung und Hauswirtschaft (Fachhochschulreife)|
A 3.THU-21.6|Fachoberschule, Gestaltung (Fachhochschulreife)|
A 3.THU-41.1|Fachoberschule 12. Klasse, Technik (Fachhochschulreife)|
A 3.THU-41.2|Fachoberschule 12. Klasse, Wirtschaft und Verwaltung (Fachhochschulreife)|
A 3.THU-41.3|Fachoberschule 12. Klasse, Gesundheit und Soziales (Fachhochschulreife)|
A 7.BAW-11.10|Berufsfachschule - einjährig, Körperpflege (berufliche Grundbildung)|
A 7.BAW-11.12|Berufsfachschule - einjährig, Ernährung/Hauswirtschaft, gewerbliche Berufe (berufliche Grundbildung)|
A 7.BAW-11.13|Berufsfachschule - einjährig, Hauswirtschaft, hauswirtschaftliche Berufe (berufliche Grundbildung)|
A 7.BAW-11.17|Berufsfachschule - einjährig, Fotografie (berufliche Grundbildung)|
A 7.BAW-11.2|Berufsfachschule - einjährig, Metalltechnik (berufliche Grundbildung)|
A 7.BAW-11.3|Berufsfachschule - einjährig, Elektrotechnik (berufliche Grundbildung)|
A 7.BAW-11.4|Berufsfachschule - einjährig, Bautechnik (berufliche Grundbildung)|
A 7.BAW-11.5|Berufsfachschule - einjährig, Holztechnik (berufliche Grundbildung)|
A 7.BAW-11.6|Berufsfachschule - einjährig, Farbtechnik (berufliche Grundbildung)|
A 7.BAW-11.8|Berufsfachschule - einjährig, Druck- und Medientechnik (berufliche Grundbildung)|
A 7.BAW-11.9|Berufsfachschule - einjährig, Textiltechnik/Bekleidung (berufliche Grundbildung)|
A 7.BAW-12.1|Berufsfachschule - zweijährig, Büro und Handel (berufliche Grundbildung)|
A 7.BAW-12.12|Berufsfachschule - zweijährig, Nahrung (berufliche Grundbildung)|
A 7.BAW-12.14|Berufsfachschule - zweijährig, Feinwerktechnik (berufliche Grundbildung)|
A 7.BAW-12.2|Berufsfachschule - zweijährig, Metall (berufliche Grundbildung)|
A 7.BAW-12.3|Berufsfachschule - zweijährig, Elektro (berufliche Grundbildung)|
A 7.BAW-14|Berufseinstiegsjahr (BEJ) (berufliche Grundbildung)|
A 7.BAW-15|Berufsvorbereitungsjahr (BVJ) (berufliche Grundbildung)|
A 7.BAW-21.1|Technisches Berufskolleg I (berufliche Grundbildung)|
A 7.BAW-21.2|Kaufmännisches Berufskolleg I (berufliche Grundbildung)|
A 7.BAW-21.4|Berufskolleg für Ernährung und Hauswirtschaft I (berufliche Grundbildung)|
A 7.BAW-21.7|Berufskolleg für Gesundheit und Pflege I (berufliche Grundbildung)|
A 7.BAW-23|Duales Berufskolleg, Sozial (berufliche Grundbildung)|
A 7.BAW-24|Berufskolleg für Praktikantinnen/Praktikanten (berufliche Grundbildung)|
A 7.BAY-11.7|Berufsfachschule, Hotel-/Gaststättengewerbe (berufliche Grundbildung)|
A 7.BAY-13.12|Berufsgrundbildungsjahr (BGJ), Ernährung/Hauswirtschaft (berufliche Grundbildung)|
A 7.BAY-13.13|Berufsgrundschuljahr (BGJ), Agrarwirtschaft (berufliche Grundbildung)|
A 7.BAY-13.4|Berufsgrundschuljahr (BGJ), Bautechnik (berufliche Grundbildung)|
A 7.BAY-13.5|Berufsgrundschuljahr (BGJ), Holztechnik (berufliche Grundbildung)|
A 7.BAY-15|Berufsvorbereitungsjahr (BVJ) (berufliche Grundbildung)|
A 3.THU-41.4|Fachoberschule 12. Klasse, Ernährung und Hauswirtschaft (Fachhochschulreife)|
A 3.THU-41.6|Fachoberschule 12. Klasse, Gestaltung (Fachhochschulreife)|
A 3.THU-44|Weitere Bildungsangebote des 2. und 3. Bildungswegs (Fachhochschulreife)|
A 3.THU-45|Fachstufe des dualen Systems - Berufsschule (Fachhochschulreife)|
A 3.THU-91|Vorbereitung auf Bildungsgänge, die zur Fachhochschulreife führen|
A 3.THU-92|Vorbereitung auf die Prüfung zur Fachhochschulreife|
A 4.BAW-21.1|Berufsfachschule, gewerblich-technisch (Fachschulreife)|
A 4.BAW-21.2|Berufsfachschule, kaufmännisch - Wirtschaftsschule (Fachschulreife)|
A 4.BAW-21.3|Berufsfachschule, Ernährung und Gesundheit (Fachschulreife)|
A 4.BAW-42.1|Berufsaufbauschule, gewerblich-technisch (Fachschulreife)|
A 4.BAW-42.2|Berufsaufbauschule, kaufmännisch (Fachschulreife)|
A 4.BAW-42.3|Berufsaufbauschule, hauswirtschaftlich-pflegerisch-sozialpädagogisch (Fachschulreife)|
A 4.BAW-42.5|Berufsaufbauschule, landwirtschaftlich (Fachschulreife)|
A 4.BAW-43|Abendrealschule (mittlerer Bildungsabschluss)|
A 4.BAW-44|Weitere Bildungsangebote des 2. Bildungswegs (mittlerer Bildungsabschluss)|
A 4.BAW-91|Vorbereitung auf Bildungsgänge, die zum mittleren Bildungsabschluss führen|
A 4.BAW-92|Vorbereitung auf die Prüfung zum mittleren Bildungsabschluss|
A 4.BAY-21|Wirtschaftsschule, drei- und vierstufig (mittlerer Schulabschluss)|
A 4.BAY-22|Wirtschaftsschule, zweistufig (mittlerer Schulabschluss)|
A 4.BAY-43|Abendrealschule (mittlerer Schulabschluss)|
A 4.BAY-44|Weitere Bildungsangebote des 2. Bildungswegs (mittlerer Schulabschluss)|
A 4.BAY-91|Vorbereitung auf Bildungsgänge, die zum mittleren Schulabschluss führen|
A 4.BAY-92|Vorbereitung auf die Prüfung zum mittleren Schulabschluss|
A 4.BER-44|Bildungsangebote des 2. Bildungswegs (mittlerer Schulabschluss)|
A 4.BER-91|Vorbereitung auf Bildungsgänge, die zum mittleren Schulabschluss führen|
A 4.BER-92|Vorbereitung auf die Prüfung zum mittleren Schulabschluss|
A 4.BRA-43|Schule des zweiten Bildungsweges (Fachoberschulreife)|
A 4.BRA-44|Weitere Bildungsangebote des 2. Bildungswegs (Fachoberschulreife)|
A 4.BRA-91|Vorbereitung auf Bildungsgänge, die zur Fachoberschulreife führen|
A 4.BRA-92|Vorbereitung auf die Prüfung zur Fachoberschulreife|
A 4.BRE-21.2|Berufsfachschule, kaufmännisch - Handelsschule (mittlerer Schulabschluss)|
A 4.BRE-21.3|Berufsfachschule, Hauswirtschaft und Soziales (mittlerer Schulabschluss)|
A 4.BRE-21.7|Berufsfachschule, Hotel- und Gaststättengewerbe (mittlerer Schulabschluss)|
A 4.BRE-21.9|Berufsfachschule, Gesundheit (mittlerer Schulabschluss)|
A 4.BRE-42.0|Berufsaufbauschule, fachrichtungsunabhängig (Fachschulreife)|
A 4.BRE-43|Abendrealschule (mittlerer Schulabschluss)|
A 4.BRE-44|Weitere Bildungsangebote des 2. Bildungswegs (mittlerer Schulabschluss)|
A 4.BRE-91|Vorbereitung auf Bildungsgänge, die zum mittleren Schulabschluss führen|
A 4.BRE-92|Vorbereitung auf die Prüfung zum mittleren Schulabschluss|
A 4.HAM-21.1|Berufsfachschule, Technik (mittlerer Schulabschluss)|
A 4.HAM-21.2|Berufsfachschule, Wirtschaft und Verwaltung (mittlerer Schulabschluss)|
A 4.HAM-21.3|Berufsfachschule, sozialpädagogische Dienstleistungen (mittlerer Schulabschluss)|
A 4.HAM-21.7|Berufsfachschule, Gastronomie und Ernährung (mittlerer Schulabschluss)|
A 4.HAM-21.9|Berufsfachschule, Gesundheit (mittlerer Schulabschluss)|
A 4.HAM-43|Abendrealschule (Realschulabschluss)|
A 4.HAM-44|Weitere Bildungsangebote des 2. Bildungswegs (mittlerer Schulabschluss)|
A 4.HAM-91|Vorbereitung auf Bildungsgänge, die zum mittleren Schulabschluss führen|
A 4.HAM-92|Vorbereitung auf die Prüfung zum mittleren Schulabschluss|
A 4.HES-21.12|Berufsfachschule, Metalltechnik (mittlerer Abschluss)|
A 4.HES-21.13|Berufsfachschule, Elektrotechnik (mittlerer Abschluss)|
A 4.HES-21.14|Berufsfachschule, Bautechnik (mittlerer Abschluss)|
A 4.HES-21.15|Berufsfachschule, Holztechnik (mittlerer Abschluss)|
A 4.HES-21.17|Berufsfachschule, Chemie/Physik/Biologie (mittlerer Abschluss)|
A 4.HES-21.18|Berufsfachschule, Drucktechnik (mittlerer Abschluss)|
A 4.HES-21.2|Berufsfachschule, Wirtschaft und Verwaltung (mittlerer Abschluss)|
A 4.HES-21.3|Berufsfachschule, sozialpflegerische und sozialpädagogische Berufe (mittlerer Abschluss)|
A 4.HES-21.4|Berufsfachschule, Ernährung/Gastronomie/Hauswirtschaft (mittlerer Abschluss)|
A 4.HES-21.5|Berufsfachschule, Agrarwirtschaft (mittlerer Abschluss)|
A 4.HES-21.6|Berufsfachschule, Farbtechnik und Raumgestaltung (mittlerer Abschluss)|
A 4.HES-21.7|Berufsfachschule, medizinisch-technische und krankenpflegerische Berufe (mittlerer Abschluss)|
A 4.HES-21.8|Berufsfachschule, Textiltechnik und Bekleidung (mittlerer Schulabschluss)|
A 4.HES-21.9|Berufsfachschule, Körperpflege (mittlerer Abschluss)|
A 4.HES-43|Abendrealschule (mittlerer Abschluss)|
A 4.HES-44|Weitere Bildungsangebote des 2. Bildungswegs (mittlerer Abschluss)|
A 4.HES-91|Vorbereitung auf Bildungsgänge, die zum mittleren Abschluss führen|
A 4.HES-92|Vorbereitung auf die Prüfung zum mittleren Abschluss|
A 4.MBV-44|Bildungsangebote des 2. Bildungswegs (mittlere Reife)|
A 4.MBV-91|Vorbereitung auf Bildungsgänge, die zur mittleren Reife führen|
A 4.MBV-92|Vorbereitung auf die Prüfung zur mittleren Reife|
A 4.NDS-21.1|Berufsfachschule, Technik (Sekundarabschluss I - Realschulabschluss)|
A 4.NDS-21.2|Berufsfachschule, Wirtschaft (Sekundarabschluss I - Realschulabschluss)|
A 4.NDS-21.4|Berufsfachschule, Ernährung und Hauswirtschaft (Sekundarabschluss I - Realschulabschluss)|
A 4.NDS-21.5|Berufsfachschule, Agrarwirtschaft (Sekundarabschluss I - Realschulabschluss)|
A 4.NDS-21.7|Berufsfachschule, Sozialpädagogik (Sekundarabschluss I - Realschulabschluss)|
A 4.NDS-44|Bildungsangebote des 2. Bildungswegs (Sekundarabschluss I - Realschulabschluss)|
A 4.NDS-91|Vorbereitung auf Bildungsgänge, die zum Sekundarabschluss I - Realschulabschluss führen|
A 4.NDS-92|Vorbereitung auf die Prüfung zum Sekundarabschluss I - Realschulabschluss|
A 4.NRW-21.1|Berufsfachschule, Technik/Naturwissenschaften (mittlerer Schulabschluss)|
A 4.NRW-21.2|Berufsfachschule, Wirtschaft und Verwaltung - Handelsschule (mittlerer Schulabschluss)|
A 4.NRW-21.3|Berufsfachschule, Gesundheit/Erziehung und Soziales (mittlerer Schulabschluss)|
A 4.NRW-21.4|Berufsfachschule, Ernährungs- und Versorgungsmanagement (mittlerer Schulabschluss)|
A 4.NRW-21.5|Berufsfachschule, Agrarwirtschaft (mittlerer Schulabschluss)|
A 4.NRW-43|Abendrealschule (mittlerer Schulabschluss)|
A 4.NRW-44|Weitere Bildungsangebote des 2. Bildungswegs (mittlerer Schulabschluss)|
A 4.NRW-91|Vorbereitung auf Bildungsgänge, die zum mittleren Schulabschluss führen|
A 4.NRW-92|Vorbereitung auf die Prüfung zum mittleren Schulabschluss|
A 4.RPF-21.1|Berufsfachschule II, Gewerbe und Technik (qualifizierter Sekundarabschluss I)|
A 4.RPF-21.2|Berufsfachschule II, Wirtschaft und Verwaltung (qualifizierter Sekundarabschluss I)|
A 4.RPF-21.4|Berufsfachschule II, Ernährung und Hauswirtschaft/Sozialwesen (qualifizierter Sekundarabschluss I)|
A 4.RPF-21.7|Berufsfachschule II, Gesundheit/Pflege (qualifizierter Sekundarabschluss I)|
A 4.RPF-44|Bildungsangebote des 2. Bildungswegs (qualifizierter Sekundarabschluss I)|
A 4.RPF-91|Vorbereitung auf Bildungsgänge, die zum qualifizierten Sekundarabschluss I führen|
A 4.RPF-92|Vorbereitung auf die Prüfung zum qualifizierten Sekundarabschluss I|
A 4.SAA-21.1|Berufsfachschule, Technik (mittlerer Bildungsabschluss)|
A 4.SAA-21.2|Berufsfachschule, Wirtschaft und Verwaltung (mittlerer Bildungsabschluss)|
A 4.SAA-21.3|Berufsfachschule, Gesundheit und Soziales (mittlerer Bildungsabschluss)|
A 4.SAA-43|Gemeinschaftsschule in Abendform (mittlerer Bildungsabschluss)|
A 4.SAA-44|Weitere Bildungsangebote des 2. Bildungswegs (mittlerer Bildungsabschluss)|
A 4.SAA-91|Vorbereitung auf Bildungsgänge, die zum mittleren Bildungsabschluss führen|
A 4.SAA-92|Vorbereitung auf die Prüfung zum mittleren Bildungsabschluss|
A 4.SAC-43|Abendoberschule (Realschulabschluss)|
A 4.SAC-44|Weitere Bildungsangebote des 2. Bildungswegs (Realschulabschluss)|
A 4.SAC-91|Vorbereitung auf Bildungsgänge, die zum Realschulabschluss führen|
A 4.SAC-92|Vorbereitung auf die Prüfung zum Realschulabschluss|
A 4.SAN-21.3|Berufsfachschule, Sozialpflege (Realschulabschluss)|
A 4.SAN-43|Abendsekundarschule (Realschulabschluss)|
A 4.SAN-44|Weitere Bildungsangebote des 2. Bildungswegs (Realschulabschluss)|
A 4.SAN-91|Vorbereitung auf Bildungsgänge, die zum Realschulabschluss führen|
A 4.SAN-92|Vorbereitung auf die Prüfung zum Realschulabschluss|
A 4.SLH-21.1|Berufsfachschule, Technik (mittlerer Schulabschluss)|
A 4.SLH-21.2|Berufsfachschule, Wirtschaft (mittlerer Schulabschluss)|
A 4.SLH-21.4|Berufsfachschule, Nahrung und Gastronomie (mittlerer Schulabschluss)|
A 4.SLH-21.7|Berufsfachschule, Gesundheit und Ernährung (mittlerer Schulabschluss)|
A 4.SLH-44|Bildungsangebote des 2. Bildungswegs (mittlerer Schulabschluss)|
A 4.SLH-91|Vorbereitung auf Bildungsgänge, die zum mittleren Schulabschluss führen|
A 4.SLH-92|Vorbereitung auf die Prüfung zum mittleren Schulabschluss|
A 4.THU-21.1|Berufsfachschule, Technik (mittlerer Schulabschluss)|
A 4.THU-21.2|Berufsfachschule, Wirtschaft/Verwaltung (mittlerer Schulabschluss)|
A 4.THU-21.3|Berufsfachschule, Gesundheit/Soziales (mittlerer Schulabschluss)|
A 4.THU-21.4|Berufsfachschule, Ernährung/Hauswirtschaft (mittlerer Schulabschluss)|
A 4.THU-21.5|Berufsfachschule, Floristik/Gartenbau (mittlerer Schulabschluss)|
A 4.THU-21.6|Berufsfachschule, Farbtechnik/Raumgestaltung (mittlerer Schulabschluss)|
A 4.THU-21.8|Berufsfachschule, Textil/Bekleidung (mittlerer Schulabschluss)|
A 4.THU-21.9|Berufsfachschule, Körperpflege (mittlerer Schulabschluss)|
A 4.THU-44|Bildungsangebote des 2. Bildungswegs (Realschulabschluss)|
A 4.THU-91|Vorbereitung auf Bildungsgänge, die zum Realschulabschluss führen|
A 4.THU-92|Vorbereitung auf die Prüfung zum Realschulabschluss|
A 6.BAW-44|Bildungsangebote des 2. Bildungswegs (Hauptschulabschluss)|
A 6.BAW-91|Vorbereitung auf Bildungsgänge, die zum Hauptschulabschluss führen|
A 6.BAW-92|Vorbereitung auf die Prüfung zum Hauptschulabschluss|
A 6.BAY-44|Bildungsangebote des 2. Bildungswegs (Abschluss der Mittelschule)|
A 6.BAY-91|Vorbereitung auf Bildungsgänge, die zum Abschluss der Mittelschule führen|
A 6.BAY-92|Vorbereitung auf die Prüfung zum Abschluss der Mittelschule|
A 6.BER-44|Bildungsangebote des 2. Bildungswegs (Berufsbildungsreife)|
A 6.BER-91|Vorbereitung auf Bildungsgänge, die zur Berufsbildungsreife führen|
A 6.BER-92|Vorbereitung auf die Prüfung zur Berufsbildungsreife|
A 6.BRA-44|Bildungsangebote des 2. Bildungswegs (Berufsbildungsreife)|
A 6.BRA-91|Vorbereitung auf Bildungsgänge, die zur Berufsbildungsreife führen|
A 6.BRA-92|Vorbereitung auf die Prüfung zur Berufsbildungsreife (Hauptschulabschluss)|
A 6.BRE-44|Bildungsangebote des 2. Bildungswegs (erweiterte Berufsbildungsreife)|
A 6.BRE-91|Vorbereitung auf Bildungsgänge, die zur erweiterten Berufsbildungsreife führen|
A 6.BRE-92|Vorbereitung auf die Prüfung zur erweiterten Berufsbildungsreife|
A 6.HAM-43|Abendschule (Erster allgemeinbildender Schulabschluss)|
A 6.HAM-44|Weitere Bildungsangebote des 2. Bildungswegs (Erster allgemeinbildender Schulabschluss)|
A 6.HAM-91|Vorbereitung auf Bildungsgänge, die zum Ersten allgemeinbildenden Schulabschluss führen|
A 6.HAM-92|Vorbereitung auf die Prüfung zum Ersten allgemeinbildenden Schulabschluss|
A 6.HES-43|Abendhauptschule (Hauptschulabschluss)|
A 6.HES-44|Weitere Bildungsangebote des 2. Bildungswegs (Hauptschulabschluss)|
A 6.HES-91|Vorbereitung auf Bildungsgänge, die zum Hauptschulabschluss führen|
A 6.HES-92|Vorbereitung auf die Prüfung zum Hauptschulabschluss|
A 6.MBV-44|Bildungsangebote des 2. Bildungswegs (Berufsreife)|
A 6.MBV-91|Vorbereitung auf Bildungsgänge, die zur Berufsreife führen|
A 6.MBV-92|Vorbereitung auf die Prüfung zur Berufsreife|
A 6.NDS-44|Bildungsangebote des 2. Bildungswegs (Hauptschulabschluss)|
A 6.NDS-91|Vorbereitung auf Bildungsgänge, die zum Hauptschulabschluss führen|
A 6.NDS-92|Vorbereitung auf die Prüfung zum Hauptschulabschluss|
A 6.NRW-44|Bildungsangebote des 2. Bildungswegs (Erster Schulabschluss)|
A 6.NRW-91|Vorbereitung auf Bildungsgänge, die zum Ersten Schulabschluss führen|
A 6.NRW-92|Vorbereitung auf die Prüfung zum Ersten Schulabschluss|
A 6.RPF-44|Bildungsangebote des 2. Bildungswegs (Berufsreife)|
A 6.RPF-91|Vorbereitung auf Bildungsgänge, die zur Berufsreife führen|
A 6.RPF-92|Vorbereitung auf die Prüfung zur Berufsreife|
A 6.SAA-43|Gemeinschaftsschule in Abendform (Hauptschulabschluss)|
A 6.SAA-44|Weitere Bildungsangebote des 2. Bildungswegs (Hauptschulabschluss)|
A 6.SAA-91|Vorbereitung auf Bildungsgänge, die zum Hauptschulabschluss führen|
A 6.SAA-92|Vorbereitung auf die Prüfung zum Hauptschulabschluss|
A 6.SAC-43|Abendoberschule (Hauptschulabschluss)|
A 6.SAC-44|Weitere Bildungsangebote des 2. Bildungswegs (Hauptschulabschluss)|
A 6.SAC-91|Vorbereitung auf Bildungsgänge, die zum Hauptschulabschluss führen|
A 6.SAC-92|Vorbereitung auf die Prüfung zum Hauptschulabschluss|
A 6.SAN-44|Bildungsangebote des 2. Bildungswegs (Hauptschulabschluss)|
A 6.SAN-91|Vorbereitung auf Bildungsgänge, die zum Hauptschulabschluss führen|
A 6.SAN-92|Vorbereitung auf die Prüfung zum Hauptschulabschluss|
A 6.SLH-44|Bildungsangebote des 2. Bildungswegs (Erster allgemeinbildender Schulabschluss)|
A 6.SLH-91|Vorbereitung auf Bildungsgänge, die zum Ersten allgemeinbildenden Schulabschluss führen|
A 6.SLH-92|Vorbereitung auf die Prüfung zum Ersten allgemeinbildenden Schulabschluss|
A 6.THU-44|Bildungsangebote des 2. Bildungswegs (Hauptschulabschluss)|
A 6.THU-91|Vorbereitung auf Bildungsgänge, die zum Hauptschulabschluss führen|
A 6.THU-92|Vorbereitung auf die Prüfung zum Hauptschulabschluss|
A 7.NDS-11.8|Berufsfachschule Textiltechnik und Bekleidung (berufliche Grundbildung)|
A 7.NDS-11.9|Berufsfachschule Farbtechnik und Raumgestaltung (berufliche Grundbildung)|
A 7.NDS-14|Berufseinstiegsschule (Berufliche Grundbildung)|
A 7.NDS-21.1|Berufsfachschule, Technik (berufliche Grundbildung)|
A 7.NDS-21.2|Berufsfachschule, Wirtschaft (berufliche Grundbildung)|
A 7.NDS-21.4|Berufsfachschule, Hauswirtschaft und Pflege (berufliche Grundbildung)|
A 7.NDS-21.5|Berufsfachschule, Informatik (berufliche Grundbildung)|
A 7.NRW-21.1|Berufsfachschule, Wirtschaft und Verwaltung (berufliche Grundbildung)|
A 7.NRW-21.10|Berufsfachschule, Holztechnik (berufliche Grundbildung)|
A 7.NRW-21.11|Berufsfachschule, Sozial- und Gesundheitswesen (berufliche Grundbildung)|
A 7.NRW-21.12|Berufsfachschule, Ernährung und Hauswirtschaft (berufliche Grundbildung)|
A 7.NRW-21.13|Berufsfachschule, Medizintechnik (berufliche Grundbildung)|
A 7.NRW-21.14|Berufsfachschule, Körperpflege (berufliche Grundbildung)|
A 7.NRW-21.15|Berufsfachschule, Vermessungstechnik (berufliche Grundbildung)|
A 7.NRW-21.16|Berufsfachschule, Informations- und Telekommunikationstechnik (berufliche Grundbildung)|
A 7.NRW-21.2|Berufsfachschule, Metalltechnik (berufliche Grundbildung)|
A 7.NRW-21.20|Berufsfachschule, Medien/Medientechnologie (berufliche Grundbildung)|
A 7.NRW-21.3|Berufsfachschule, Elektrotechnik (berufliche Grundbildung)|
A 7.NRW-21.4|Berufsfachschule, Agrarwirtschaft (berufliche Grundbildung)|
A 7.NRW-21.5|Berufsfachschule, Bautechnik (berufliche Grundbildung)|
A 7.NRW-21.6|Berufsfachschule, Drucktechnik (berufliche Grundbildung)|
A 7.NRW-21.7|Berufsfachschule, Physik/Chemie/Biologie (berufliche Grundbildung)|
A 7.NRW-21.8|Berufsfachschule, Textiltechnik und Bekleidung (berufliche Grundbildung)|
A 7.NRW-21.9|Berufsfachschule, Farbtechnik und Raumgestaltung (berufliche Grundbildung)|
A 7.RPF-11.1|Berufsfachschule I, Gewerbe und Technik (berufliche Grundbildung)|
A 7.RPF-11.2|Berufsfachschule I, Wirtschaft/Verwaltung (berufliche Grundbildung)|
A 7.RPF-11.4|Berufsfachschule I, Ernährung und Hauswirtschaft/Sozialwesen (berufliche Grundbildung)|
A 7.RPF-15|Berufsvorbereitungsjahr (BVJ) (berufliche Grundbildung)|
A 7.RPF-21.2|Berufsfachschule, Wirtschaft (berufliche Grundbildung)|
A 7.RPF-31.2|Berufsfachschule, Wirtschaft (berufliche Grundbildung)|
A 7.SAA-15|Ausbildungsvorbereitung (berufliche Grundbildung)|
A 7.SAC-11|Berufsfachschule - Zugang: Hauptschule (berufliche Grundbildung)|
A 7.SAC-13.1|Berufsgrundbildungsjahr (BGJ), Wirtschaft/Verwaltung (berufliche Grundbildung)|
A 7.SAC-13.10|Berufsgrundbildungsjahr (BGJ), Körperpflege (berufliche Grundbildung)|
A 7.SAC-13.11|Berufsgrundbildungsjahr (BGJ), Gesundheit (berufliche Grundbildung)|
A 7.SAC-13.12|Berufsgrundbildungsjahr (BGJ), Ernährung/Hauswirtschaft (berufliche Grundbildung)|
A 7.SAC-13.13|Berufsgrundbildungsjahr (BGJ), Agrarwirtschaft (berufliche Grundbildung)|
A 7.SAC-13.18|Berufsgrundbildungsjahr (BGJ), Gastronomie (berufliche Grundbildung)|
A 7.SAC-13.2|Berufsgrundbildungsjahr (BGJ), Metalltechnik (berufliche Grundbildung)|
A 7.SAC-13.3|Berufsgrundbildungsjahr (BGJ), Elektrotechnik (berufliche Grundbildung)|
A 7.SAC-13.4|Berufsgrundbildungsjahr (BGJ), Bautechnik (berufliche Grundbildung)|
A 7.SAC-13.5|Berufsgrundbildungsjahr (BGJ), Holztechnik (berufliche Grundbildung)|
A 7.SAC-13.6|Berufsgrundbildungsjahr (BGJ), Textiltechnik/Bekleidung (berufliche Grundbildung)|
A 7.SAC-13.9|Berufsgrundbildungsjahr (BGJ), Farbtechnik/Raumgestaltung (berufliche Grundbildung)|
A 7.SAC-15|Berufsvorbereitungsjahr (BVJ)|
A 7.SAC-21.3|Berufsfachschule, Gesundheit/Pflege (berufliche Grundbildung)|
A 7.SAN-11.1|Berufsfachschule, Technik (berufliche Grundbildung)|
A 7.SAN-11.2|Berufsfachschule, Wirtschaft (berufliche Grundbildung)|
A 7.SAN-11.4|Berufsfachschule, Hauswirtschaft (berufliche Grundbildung)|
A 7.SAN-11.7|Berufsfachschule, Ernährung (berufliche Grundbildung)|
A 7.SAN-11.9|Berufsfachschule, Gastronomie (berufliche Grundbildung)|
A 7.SAN-13|Berufsgrundbildungsjahr (BGJ) (berufliche Grundbildung)|
A 7.SAN-15|Berufsvorbereitungsjahr (BVJ) (berufliche Grundbildung)|
A 7.SAN-21|Berufsfachschule - Zugang: mittlerer Bildungsabschluss (berufliche Grundbildung)|
A 7.SLH-11.1|Berufsfachschule, Wirtschaft (berufliche Grundbildung)|
A 7.SLH-11.2|Berufsfachschule, Technik (berufliche Grundbildung)|
A 7.SLH-11.3|Berufsfachschule, Gesundheit und Ernährung (berufliche Grundbildung)|
A 7.SLH-11.4|Berufsfachschule, Nahrung und Gastronomie (Berufliche Grundbildung)|
A 7.SLH-13.1|Berufsgrundbildungsjahr (BGJ), Wirtschaft/Verwaltung (berufliche Grundbildung)|
A 7.SLH-13.11|Berufsgrundbildungsjahr (BGJ), Gesundheit (berufliche Grundbildung)|
A 7.SLH-13.2|Berufsgrundbildungsjahr (BGJ), Metalltechnik (berufliche Grundbildung)|
A 7.SLH-13.3|Berufsgrundbildungsjahr (BGJ), Elektrotechnik (berufliche Grundbildung)|
A 7.SLH-13.5|Berufsgrundbildungsjahr (BGJ), Holztechnik (berufliche Grundbildung)|
A 7.SLH-13.9|Berufsgrundbildungsjahr (BGJ), Farbtechnik/Raumgestaltung (berufliche Grundbildung)|
A 7.SLH-15|Ausbildungsvorbereitung (AV) (berufliche Grundbildung)|
A 7.SLH-16|Berufseingangsklasse (berufliche Grundbildung)|
A 7.THU-11.1|Berufsfachschule, Wirtschaft/Verwaltung (berufliche Grundbildung)|
A 7.THU-11.10|Berufsfachschule, Körperpflege (berufliche Grundbildung)|
A 7.THU-11.12|Berufsfachschule, Ernährung/Hauswirtschaft (berufliche Grundbildung)|
A 7.THU-11.14|Berufsfachschule, Fahrzeugtechnik (berufliche Grundbildung)|
A 7.THU-11.2|Berufsfachschule, Metalltechnik (berufliche Grundbildung)|
A 7.THU-11.20|Berufsfachschule, Medientechnik (berufliche Grundbildung)|
A 7.THU-11.3|Berufsfachschule, Elektrotechnik (berufliche Grundbildung)|
A 7.THU-11.4|Berufsfachschule, Bautechnik (berufliche Grundbildung)|
A 7.THU-11.5|Berufsfachschule, Holztechnik (berufliche Grundbildung)|
A 7.THU-11.6|Berufsfachschule, Farbtechnik/Raumgestaltung (berufliche Grundbildung)|
A 7.THU-11.7|Berufsfachschule, Floristik/Gartenbau (berufliche Grundbildung)|
A 7.THU-11.8|Berufsfachschule, Textil/Bekleidung (berufliche Grundbildung)|
A 7.THU-11.9|Berufsfachschule, Gesundheit/Soziales (berufliche Grundbildung)|
A 7.BAY-21.5|Berufsfachschule für IT-Berufe (berufliche Grundbildung)|
A 7.BAY-42|Berufsschule, Jugendliche ohne Ausbildungsplatz (JoA) (berufliche Grundbildung)|
A 7.BRA-11|Berufsfachschule zum Erwerb beruflicher Grundbildung (berufliche Grundbildung)|
A 7.BRE-11.1|Berufsfachschule - einjährig, Technik (berufliche Grundbildung)|
A 7.BRE-11.4|Berufsfachschule - einjährig, Ernährung und Hauswirtschaft (Berufliche Grundbildung)|
A 7.BRE-13|Berufsgrundbildungsjahr (BGJ) (berufliche Grundbildung)|
A 7.BRE-14.1|Berufseingangsstufe/Berufsfachschule, Technik (berufliche Grundbildung)|
A 7.BRE-14.10|Berufseingangsstufe/Berufsfachschule, Körperpflege (berufliche Grundbildung)|
A 7.BRE-14.2|Berufseingangsstufe/Berufsfachschule, Wirtschaft/Verwaltung (berufliche Grundbildung)|
A 7.BRE-14.4|Berufseingangsstufe/Berufsfachschule, Ernährung/Hauswirtschaft (berufliche Grundbildung)|
A 7.BRE-14.8|Berufseingangsstufe/Berufsfachschule, Textiltechnik/Bekleidung (berufliche Grundbildung)|
A 7.BRE-16|Ausbildungsvorbereitende Bildungsgänge (berufliche Grundbildung)|
A 7.BRE-21.4|Berufsfachschule - einjährig, Ernährung und Hauswirtschaft (Berufliche Grundbildung)|
A 7.BRE-21.5|Berufsfachschule - einjährig, Bestandteil des doppelqualifizierenden Bildungsgangs (berufliche Grundbildung)|
A 7.BRE-24|Schulisches Vorpraktikum (berufliche Grundbildung)|
A 7.HAM-15.1|Ausbildungsvorbereitungsjahr (AVJ) (berufliche Grundbildung)|
A 7.HAM-15.2|Berufsvorbereitungsjahr (BVJ) (berufliche Grundbildung)|
A 7.HAM-21.2|Berufsfachschule, Handel und Industrie (berufliche Grundbildung)|
A 7.HES-15|Bildungsgänge zur Berufsvorbereitung (berufliche Grundbildung)|
A 7.HES-21.2|Berufsfachschule, Wirtschaft (Höhere Handelsschule) (berufliche Grundbildung)|
A 7.HES-21.4|Berufsfachschule, Ernährung/Hauswirtschaft (berufliche Grundbildung)|
A 7.MBV-15|Berufsvorbereitungsjahr (BVJ) (berufliche Grundbildung)|
A 7.NDS-11.10|Berufsfachschule Körperpflege (berufliche Grundbildung)|
A 7.NDS-11.13|Berufsfachschule, Gartenbau (berufliche Grundbildung)|
A 7.NDS-11.14|Berufsfachschule, Fahrzeugtechnik (berufliche Grundbildung)|
A 7.NDS-11.2|Berufsfachschule, Wirtschaft (berufliche Grundbildung)|
A 7.NDS-11.20|Berufsfachschule, Druck-/Medientechnik (berufliche Grundbildung)|
A 7.NDS-11.22|Berufsfachschule Metalltechnik (berufliche Grundbildung)|
A 7.NDS-11.24|Berufsfachschule, Floristik (berufliche Grundbildung)|
A 7.NDS-11.3|Berufsfachschule Elektrotechnik (berufliche Grundbildung)|
A 7.NDS-11.4|Berufsfachschule Hauswirtschaft und Pflege (berufliche Grundbildung)|
A 7.NDS-11.5|Berufsfachschule Agrarwirtschaft (berufliche Grundbildung)|
A 7.NDS-11.6|Berufsfachschule, Lebensmittelhandwerk (berufliche Grundbildung)|
A 7.NDS-11.7|Berufsfachschule, Gastronomie (berufliche Grundbildung)|
A 7.THU-15|Berufsvorbereitungsjahr (BVJ) (berufliche Grundbildung)|
A 8.11|Deutsch - verschiedene Niveaustufen|
A 8.12|Deutsch - Grundstufe|
A 8.13|Deutsch - Mittelstufe|
A 8.14|Deutsch - Oberstufe|
A 8.15|Deutsch für besondere Zielgruppen|
A 8.2|Alphabetisierungskurse|
A 8.3|Allgemeine Integration|
A 8.4|Berufliche Integration|
A 8.5|Berufliche Grundbildung - Berufsvorbereitung - Berufliche Grundqualifikation|
A 8.61|Vorbereitung auf den Besuch allgemein bildender und beruflicher Schulen|
A 8.62|Allgemeinbildungsabschluss|
A 8.63|Studienkolleg|
A 9.10|Berufsvorbereitende Bildungsmaßnahmen - verschiedene Qualifizierungsebenen|
A 9.11|Eignungsanalyse|
A 9.12|Berufsorientierung/Berufswahl|
A 9.13|Berufsübergreifende Grundqualifikationen|
A 9.141-00|Verschiedene Berufsfelder|
A 9.141-01|Wirtschaft und Verwaltung|
A 9.141-02|Metalltechnik|
A 9.141-03|Elektrotechnik|
A 9.141-04|Bautechnik|
A 9.141-05|Farbtechnik und Raumgestaltung|
A 9.141-06|Holztechnik|
A 9.141-07|Textiltechnik und Bekleidung|
A 9.141-08|Chemie, Physik und Biologie|
A 9.141-09|Drucktechnik|
A 9.141-10|Gesundheit|
A 9.141-11|Körperpflege|
A 9.141-12|Ernährung und Hauswirtschaft|
A 9.141-13|Agrarwirtschaft|
A 9.15|Bewerbungstraining|
A 9.17|Allgemeiner Grundlagenbereich und Erwerb des Hauptschulabschlusses|
A 9.21|Eignungsfeststellung|
A 9.22|Vorbereitung auf berufliche Weiterbildungslehrgänge|
A 9.31|Ausbildungsbegleitende Hilfen|
A 9.32|Umschulungsbegleitende Hilfen|
A 9.33|Ergänzende Bildungsangebote|
A 1.SLH-31|Berufliches Gymnasium, Doppelqualifikation (allgemeine Hochschulreife)|
A 2.BAW-41.3|Berufsoberschule für Sozialwesen (fachgebundene Hochschulreife)|
A 3.BAW-23.1|Kaufmännisches Berufskolleg Fremdsprachen (Fachhochschulreife)|
A 3.BAW-23.2|Kaufmännisches Berufskolleg Wirtschaftsinformatik (Fachhochschulreife)|
A 3.BAY-31|Berufsfachschule, Doppelqualifikation (Fachhochschulreife)|
A 3.HAM-45|Zusatzqualifikation während dualer Berufsausbildung (Fachhochschulreife)|
A 3.MBV-36|Duale Berufsausbildung, Doppelqualifikation (Fachhochschulreife)|
A 3.SAA-45|Zusatzqualifikation während dualer Berufsausbildung (Fachhochschulreife)|
A 7.SLH-21|Unterklasse (1. Schulleistungsjahr) der Fachschule für Hauswirtschaft im ländlichen Raum (berufliche Grundbildung)|
Z 99|nicht zugeordnet|
A 10.11|Berufsausbildungsvorbereitung/Vorbereitung auf eine berufliche Tätigkeit (Reha)|
A 10.12|Berufsfindung, Arbeitserprobung (Reha)|
A 10.13|Berufs-/Rehabilitationsvorbereitungslehrgänge|
A 10.14|Grundrehabilitation von Menschen mit Behinderungen|
A 10.15|Sonstige vorbereitende/begleitende Maßnahmen (RdbU, IRU etc.), Informationsveranstaltungen|
A 10.21|Berufsfachschule - einjährig (Reha)|
A 10.22|Berufsfachschule - zweijährig (Reha)|
A 10.23|Berufsfachschule - dreijährig (Reha)|
A 10.24|Berufsvorbereitungsjahr (BVJ) / Berufsgrundbildungsjahr (BGJ) - Reha|
A 11.1|Alphabetisierungslehrgänge (Muttersprache Deutsch)|
A 11.2|Lehrgänge für Menschen mit Lese-/Rechtschreib-/Rechenschwäche|
A 1.HAM-23|Berufliches Gymnasium, Pädagogik und Psychologie (allgemeine Hochschulreife)|
A 7.NDS-11.11|Berufsfachschule Bautechnik (berufliche Grundbildung)|
A 7.NDS-11.17|Berufsfachschule Chemie, Physik und Biologie (berufliche Grundbildung)|
A 7.NDS-11.18|Berufsfachschule Holztechnik (berufliche Grundbildung)|
A 8.64|Vorbereitung auf den Besuch einer Hochschule|
A 3.BAW-21.4|Berufskolleg, Gebärdensprache (Fachhochschulreife)|
A 3.BER-31|Berufsfachschule, Doppelqualifikation (Fachhochschulreife)|
A 7.BAW-16|Vorqualifizierungsjahr Arbeit/Beruf (VAB) (berufliche Grundbildung)|
A 7.BAY-14|Berufseinstiegsjahr (BEJ) (berufliche Grundbildung)|
A 4.BAY-23|Wirtschaftsschule, vierstufig mit Vorklasse (mittlerer Schulabschluss)|
A 7.BER-17|Integrierte Berufsausbildungsvorbereitung (IBA) (Berufliche Grundbildung)|
A 6.BRE-21|Werkschule (Erweiterte Berufsbildungsreife und berufliche Grundbildung)|
A 7.BAY-11.1|Berufsfachschule, Technik (berufliche Grundbildung)|
A 7.SAC-13.7|Berufsgrundbildungsjahr (BGJ), Informationstechnik (berufliche Grundbildung)|
A 1.BER-21.3|Berufliches Gymnasium, Gesundheit und Soziales (allgemeine Hochschulreife)|
A 3.RPF-21.1|Fachoberschule, Technik (Fachhochschulreife)|
A 3.RPF-21.2|Fachoberschule, Wirtschaft und Verwaltung (Fachhochschulreife)|
A 3.RPF-21.3|Fachoberschule, Gesundheit und Soziales (Fachhochschulreife)|
A 1.BRE-21.4|Berufliches Gymnasium, Ernährung (allgemeine Hochschulreife)|
A 7.NDS-21.6|Berufsfachschule, Gastronomie (berufliche Grundbildung)|
A 1.SAC-45|Zusatzqualifikation während dualer Berufsausbildung (Allgemeine Hochschulreife)|
A 2.HAM-41.1|Berufsoberschule Technik (fachgebundene Hochschulreife)|
A 2.HAM-41.2|Berufsoberschule Wirtschaft und Verwaltung (fachgebundene Hochschulreife)|
A 2.HAM-41.3|Berufsoberschule Gesundheit und Soziales (fachgebundene Hochschulreife)|
A 2.HAM-41.6|Berufsoberschule Gestaltung (fachgebundene Hochschulreife)|
A 1.SLH-21.6|Berufliches Gymnasium, Berufliche Informatik (allgemeine Hochschulreife)|
A 3.HAM-41.5|Fachoberschule, Agrarwirtschaft, Bio- und Umwelttechnologie (Fachhochschulreife)|
A 4.HES-21.10|Berufsfachschule, Fahrzeugtechnik (mittlerer Abschluss)|
A 4.HES-21.11|Berufsfachschule, Mechatronik (mittlerer Abschluss)|
A 4.SAN-21.2|Berufsfachschule, Polizeivollzugsdienst (Realschulabschluss)|
A 1.BER-21.6|Berufliches Gymnasium, Gestaltung (Allgemeine Hochschulreife)|
A 1.NRW-21.9|Berufliches Gymnasium, Gesundheit und Soziales (Allgemeine Hochschulreife)|
A 1.THU-22.1|Fachoberschule Klasse 13, Technik (Allgemeine Hochschulreife)|
A 1.THU-22.2|Fachoberschule Klasse 13, Wirtschaft (Allgemeine Hochschulreife)|
A 2.BER-42|Fachoberschule, Klasse 13 (Fachgebundene Hochschulreife)|
A 2.NRW-42.1|Fachoberschule, Klasse 13, Technik (Fachgebundene Hochschulreife)|
A 2.NRW-42.2|Fachoberschule, Klasse 13, Wirtschaft und Verwaltung (Fachgebundene Hochschulreife)|
A 2.NRW-42.3|Fachoberschule, Klasse 13, Gesundheit und Soziales (Fachgebundene Hochschulreife)|
A 2.NRW-42.4|Fachoberschule, Klasse 13, Ernährung und Hauswirtschaft (Fachgebundene Hochschulreife)|
A 2.NRW-42.5|Fachoberschule, Klasse 13, Agrarwirtschaft, Bio- und Umwelttechnologie (Fachgebundene Hochschulreife)|
A 2.NRW-42.6|Fachoberschule, Klasse 13, Gestaltung (Fachgebundene Hochschulreife)|
A 2.NRW-91|Vorbereitung auf Bildungsgänge, die zur fachgebundenen Hochschulreife führen|
A 2.NRW-92|Vorbereitung auf die Prüfung zur fachgebundenen Hochschulreife|
A 3.BAY-21.7|Berufliche Oberschule, Fachoberschule, Internationale Wirtschaft (Fachhochschulreife)|
A 3.BAY-21.9|Berufliche Oberschule, Fachoberschule, Gesundheit (Fachhochschulreife)|
A 7.BRE-21.1|Berufsfachschule - einjährig, Technik (Berufliche Grundbildung)|
A 7.BRE-21.2|Berufsfachschule - einjährig, Wirtschaft und Verwaltung (Berufliche Grundbildung)|
A 7.BRE-21.3|Berufsfachschule - einjährig, Gesundheit und Soziales (Berufliche Grundbildung)|
A 1.BER-21.5|Berufliches Gymnasium, Agrarwirtschaft (allgemeine Hochschulreife)|
A 1.BER-21.7|Berufliches Gymnasium, Biotechnologie (allgemeine Hochschulreife)|
A 1.BER-21.8|Berufliches Gymnasium, Berufliche Informatik (allgemeine Hochschulreife)|
A 7.HES-17|Berufsfachschule zum Übergang in Ausbildung (berufliche Grundbildung)|
A 2.BAY-21.1|Fachoberschule, Klasse 13, Technik (fachgebundene Hochschulreife)|
A 2.BAY-21.2|Fachoberschule, Klasse 13, Wirtschaft und Verwaltung (fachgebundene Hochschulreife)|
A 2.BAY-21.3|Fachoberschule, Klasse 13, Sozialwesen (fachgebundene Hochschulreife)|
A 2.BAY-21.5|Fachoberschule, Klasse 13, Agrarwirtschaft, Bio- und Umwelttechnologie (fachgebundene Hochschulreife)|
A 2.BAY-21.6|Fachoberschule, Klasse 13, Gestaltung (fachgebundene Hochschulreife)|
A 2.BAY-21.7|Fachoberschule, Klasse 13, Internationale Wirtschaft (fachgebundene Hochschulreife)|
A 2.BAY-21.8|Fachoberschule, Klasse 13, Gesundheit (fachgebundene Hochschulreife)|
A 2.BER-21.2|Fachoberschule, Klasse 13, Wirtschaft und Verwaltung (fachgebundene Hochschulreife)|
A 2.BER-21.3|Fachoberschule, Klasse 13, Soziales (fachgebundene Hochschulreife)|
A 2.BRE-21.1|Fachoberschule, Klasse 13, Technik (fachgebundene Hochschulreife)|
A 2.BRE-21.3|Fachoberschule, Klasse 13, Gesundheit und Soziales (fachgebundene Hochschulreife)|
A 2.BRE-21.4|Fachoberschule, Klasse 13, Ernährung und Hauswirtschaft (fachgebundene Hochschulreife)|
A 2.BRE-21.6|Fachoberschule, Klasse 13, Gestaltung (fachgebundene Hochschulreife)|
C 1435-10-55|App-Entwicklung, -Programmierung|
C 1010-35|Betriebssanitätswesen, Erste Hilfe|
C 1015-10|Tierärztliche Fachfortbildung|
C 1015-15|Naturheilkunde und alternative Therapien in der Tiermedizin, Tierphysiotherapie|
C 1015-20|Tierpsychologie|
C 1020-10|Gesundheitsmanagement, Case Management|
C 1020-15|Medizinische Assistenz - allgemein|
C 1020-20|Praxismanagement|
C 1020-25|Abrechnung, Buchführung - Gesundheitswesen|
C 1020-35|Medizinisch-technische Assistenz, medizinisches Labor|
C 1020-40|Medizinische Dokumentation/Kodierung|
C 1025-10|Kranken-, Altenpflege - Grundqualifizierung|
C 1025-15|Kranken-, Altenpflege - Fachfortbildung (übergreifend)|
C 1025-20-10-10|Gesprächsführung, Beratung in der Kranken- und Altenpflege|
C 1025-20-10-15|Palliativpflege|
C 1025-20-10-20|Prophylaxe in der Pflege|
C 1025-20-10-25|Schmerztherapie in der Pflege|
C 1025-20-10-30|Sterbebegleitung und Umgang mit dem Tod|
C 1025-20-10-35|Wundmanagement, Verbandstechniken in der Pflege|
C 1025-20-10-40|Fachpflege - weitere übergreifende Themen|
C 1025-20-15|Fachpflege - Chirurgie, Operationsdienst|
C 1025-20-20|Fachpflege - Geriatrie/Gerontologie und Rehabilitation|
C 1025-20-25|Fachpflege - Innere Medizin, Anästhesie und Intensivmedizin|
C 1025-20-30|Fachpflege - Neurologie, Neurochirurgie|
C 1025-20-35|Fachpflege - Psychiatrie, Kinder-, Jugend- und Gerontopsychiatrie|
C 1025-20-40|Fachpflege - Urologie|
C 1025-20-45|Fachpflege - sonstige Fachgebiete|
C 1025-25|Ambulante Pflege, Haus- und Familienpflege|
C 1025-35|Nachschulung für Betreuungskräfte|
C 1025-40|Entbindungspflege|
C 1025-45|Leitung/Lehrtätigkeiten in der Pflege|
C 1025-50|Pflegedokumentation, -planung|
C 1030-10|Ergotherapie|
C 1030-15-10|Physiotherapie - Fachfortbildung|
C 1030-15-15|Atemtherapie, Atempflege|
C 1030-15-20|Funktionelle Physiotherapie/Bewegungslehre|
C 1030-15-25|Komplexe Behandlungsmethoden spezieller Krankheitsbilder|
C 1030-15-30|Manuelle Therapie/Behandlungsmethoden, Muskeldehntechnik|
C 1030-15-35|Psychomotorik, Sensomotorik, Motopädie|
C 1030-15-40|Sportphysiotherapie, Bäderwesen, Rehabilitation|
C 1030-15-45|Sonstige Physiotherapietechniken|
C 1030-20-10|Massage - Fachfortbildung|
C 1030-20-15|Fußreflexzonenmassage|
C 1030-20-20|Manuelle Lymphdrainage|
C 1030-20-25|Sport-, Gesundheits- und Fitnessmassage|
C 1030-20-30|Sonstige Massagetechniken, -formen und -therapien|
C 1030-25|Logopädie|
C 1035-10|Psychologie - Grundlagen-/Fachwissen|
C 1035-15|Psychologie - spezielle Anwendungsbereiche|
C 1035-20|Psychotherapie - allgemein|
C 1035-25-10|Kinder- und Jugendlichen-Psychotherapie|
C 1035-25-15|Systemische Therapie|
C 1035-25-20|Tiefenpsychologische Therapieformen|
C 1035-25-25|Verhaltensorientierte Therapien|
C 1035-25-30|Sonstige spezielle Psychotherapieformen, -verfahren|
C 1040-10|Medizintechnik|
C 1040-15|Orthopädietechnik|
D 34|Sonstige Aufstiegsfortbildungen|
C 1040-20|Zahntechnik|
C 1040-25|Augenoptik|
C 1040-30|Hörgeräteakustik|
C 1045-10-10|Diätwesen, Ernährung - Fachfortbildung|
C 1045-10-15|Ernährungsberatung|
C 1045-10-20|Vollwert- und vegetarische Ernährung|
C 1045-15-10|Gesundheitsförderung, -training - Fachfortbildung|
C 1045-15-15|Gesundheitsberatung|
C 1045-15-20|Entspannungstherapien und -methoden|
C 1045-20|Naturheilkunde|
C 1045-25-10|Ayurvedische Medizin|
C 1045-25-15|Homöopathie|
C 1045-25-20|Traditionelle Chinesische Medizin (TCM)|
C 1045-25-25|Sonstige Alternative Therapien|
C 1050-10|Sport - Fachfortbildung|
C 1050-15|Sportmanagement|
C 1055-10|Friseurhandwerk|
C 1055-15|Farb-, Stil-, und Typberatung|
C 1055-20-10|Kosmetik - Fachfortbildung|
C 1055-20-15|Kosmetische Massage und Lymphdrainage|
C 1055-20-20|Kosmetische Spezialbehandlungen|
C 1055-25|Visagistik, Maskenbildnerei|
C 1055-30-10|Fußpflege|
C 1055-30-15|Hand- und Nagelpflege|
C 1055-30-20|Nageldesign und Nagelmodellage|
C 1210-10|Holzkunde, Holzwerkstoffe, Holzbe- und -verarbeitung - allgemein|
C 1210-15|Holzbau|
C 1210-20|Holzschutz|
C 1215|Möbelbau, Polsterei|
C 1220|Papiererzeugung, -verarbeitung|
C 1225|Verpackungsmittelherstellung|
C 1230-10|Kunststoffkunde, Kunststoffbe- und -verarbeitung - allgemein|
C 1230-15|Kunststoffverarbeitung - Spritzgießen, Extrusion u.a. Urformverfahren|
C 1230-20|Kunststoffverarbeitung - Schweißen, Kleben und andere Fügeverfahren|
C 1235|Kautschukverarbeitung|
C 1240|Textilerzeugung, -veredlung|
C 1245|Bekleidungsherstellung, Schneiderei|
C 1250|Textil-, Bekleidungsdesign|
C 1255|Lederherstellung, -verarbeitung|
C 1410-10|Computer-/IT-Grundlagen|
C 1410-15|Computer-/IT-Aufbauwissen|
C 1410-20-10|Internetnutzung - allgemein|
C 1410-20-15|Internetnutzung - Online-Recherche|
C 1415-10-10|MS Office - Grundlagen|
C 1415-10-15|MS Office - Aufbaukurse, Kompaktkurse|
C 1415-10-20|OpenOffice - Anwendungen|
C 1415-10-25|Andere Office-Softwarepakete|
C 1415-15-10|MS Word - Grundlagen|
C 1415-15-15|MS Word - Aufbaukurse, Kompaktkurse|
C 1415-15-20|Tastschreiben am Computer|
C 1415-15-25|Textverarbeitung nach der DIN Norm 5008|
C 1415-15-30|Andere Textverarbeitungsprogramme|
C 1415-20-10|MS Excel - Grundlagen|
C 1415-20-15|MS Excel - Aufbaukurse, Kompaktkurse|
C 1415-20-20|Andere Tabellenkalkulationsprogramme|
C 1415-25-10|MS PowerPoint - Grundlagen|
C 1415-25-15|MS PowerPoint - Aufbaukurse, Kompaktkurse|
C 1415-25-20|Andere Präsentations-, Businessgrafikprogramme|
C 1415-30-10|MS Outlook - Grundlagen|
C 1415-30-15|MS Outlook - Aufbaukurse, Kompaktkurse|
C 1415-30-20|Andere E-Mail-Programme|
C 1415-35-10|MS Access - Grundlagen|
C 1415-35-15|MS Access - Aufbaukurse, Kompaktkurse|
C 1415-35-20|Andere Datenbankprogramme|
C 1415-40-10|MS Project - Anwendungen|
C 1415-40-15|Andere Projektmanagementprogramme|
C 1415-45|Content-Management-Systeme (CMS) - Anwendungen|
C 1415-50-10|ICDL - International Certification of Digital Literacy|
C 1415-50-15|Computerschein, PC-Führerschein|
C 1415-50-20|Xpert Europäischer Computer-Pass|
C 1420-10|Kaufmännische IT-Anwendungen und Qualifizierungen - allgemein|
C 1420-15-10|SAP - Beraterschulungen|
C 1420-15-15|SAP FI (Finance)|
C 1420-15-20|SAP CO (Controlling)|
C 1420-15-25|SAP MM (Materials Management)|
C 1420-15-30|SAP SD (Sales and Distribution)|
C 1420-15-35|SAP PP (Production Planning)|
C 1420-15-40|SAP HR (Human Resources), HCM (Human Capital Management)|
C 1420-15-45|SAP - Andere Anwendungen / Kombinationskurse|
C 1420-20|Sage - Anwendungen und Qualifizierungen|
C 1420-25|Lexware - Anwendungen und Qualifizierungen|
C 1420-30|Datev - Anwendungen und Qualifizierungen|
C 1420-35|E-Business, E-Commerce, Shop-Systeme|
C 1425|IT-Anwendungen - naturwissenschaftlich-technischer Bereich|
C 1430-10-10|System-, Netzwerkadministration - allgemein|
C 1430-10-15|Microsoft-Systeme - Administration und Zertifizierungen|
C 1430-10-20|Linux-Systeme - Administration und Zertifizierungen|
C 1430-10-25|Andere Betriebssysteme, Netzwerke - Administration und Zertifizierungen|
C 1430-15-10|Datenbankadministration - allgemein|
C 1430-15-15|MS SQL Server - Administration und Zertifizierungen|
C 1430-15-20|Oracle - Administration und Zertifizierungen|
C 1430-15-25|Andere Datenbanksysteme - Administration und Zertifizierungen|
C 1430-20-10|Web-Administration - allgemein|
C 1430-20-15|Web-Administration - spezielle Web Server|
C 1430-25-10|IT-Sicherheit, Datenschutz - allgemein|
C 1430-25-15|Internetsicherheit, Virenschutz|
C 1430-25-20|IT-Sicherheit - Zertifizierungen|
C 1435-10-10|Softwareentwicklung, Programmierung - allgemein|
C 1435-10-15|Java-Programmierung|
C 1435-10-20|Microsoft .NET-Programmierung|
C 1435-10-25|PHP-Programmierung|
C 1435-10-30|SAP - ABAP-Programmierung|
C 1435-10-35|JavaScript und andere Script-Sprachen|
C 1435-10-45|Softwareentwicklung, Programmierung - andere Programmiersprachen/Technologien|
C 1435-10-50|Softwareentwicklung, Programmierung - Zertifizierungen|
C 1435-15-10|Datenbankentwicklung, -programmierung - allgemein|
C 1435-15-15|MS SQL Server - Datenbankentwicklung, -programmierung und Zertifizierungen|
C 1435-15-20|Oracle - Datenbankentwicklung, -programmierung und Zertifizierungen|
A 4.NRW-21.6|Berufsfachschule, Gestaltung (mittlerer Schulabschluss)|
A 4.NRW-21.7|Berufsfachschule, Informatik (mittlerer Schulabschluss)|
A 7.HES-16|PuSchB (Praxis und Schule, berufl.) (berufliche Grundbildung)|
A 9.141-14|Produktion, Fertigung|
A 9.141-15|Verkehr, Logistik|
A 9.142-00|Ausbildungsbausteine/Teilqualifikationen für gewerblich/technische Berufe|
A 9.142-02|Ausbildungsbausteine/Teilqualifikationen für IT-Berufe|
A 9.142-04|Ausbildungsbausteine/Teilqualifikationen für kaufmännische Berufe|
A 9.142-06|Ausbildungsbausteine/Teilqualifikationen für soziale/medizinische Berufe|
A 9.142-08|Ausbildungsbausteine/Teilqualifikationen für sonstige Berufsgruppen|
A 9.34-00|Prüfungsvorbereitung für gewerbliche/technische Berufe|
A 9.34-02|Prüfungsvorbereitung für IT-Berufe|
A 9.34-04|Prüfungsvorbereitung für kaufmännische Berufe|
A 9.34-06|Prüfungsvorbereitung für soziale/medizinische Berufe|
A 9.34-08|Prüfungsvorbereitung für sonstige Berufsgruppen|
C 1410-30|Betriebssysteme - Nutzung|
C 1435-15-25|Andere Datenbanksysteme - Datenbankentwicklung, -programmierung und Zertifizierungen|
C 1435-20|Software-Qualitätssicherung, Software-Testmanagement|
C 1440-10|IT-Projektmanagement|
C 1440-15|IT-Service-Management, IT Infrastructure Library (ITIL)|
C 1440-20|IT-Anwendungsberatung, Support|
C 1610-10|Einkauf - allgemein|
C 1610-15|Einkaufsstrategien|
C 1610-20|Einkaufsverhandlungen|
C 1615-10|Lagermanagement|
C 1615-15|Lagerwirtschaft|
C 1615-20-10|Material- und Warenwirtschaft - allgemein|
C 1615-20-15|Materialdisposition, Materialmanagement|
C 1615-30|Gabelstapler-/Flurförderzeug-Führerscheine und Unterweisung|
C 1620-10-10|Verkehrs- und Speditionswesen|
C 1620-10-15|Fachkunde für angehende Unternehmer/innen / Verkehrsleiter/innen im Personen-/Güterkraftverkehr|
C 1620-15-10|Umgang mit Gefahrgut, Gefahrguttransport|
C 1620-15-15|Gefahrgutbeauftragte im Unternehmen - Schulungen|
C 1620-15-20|Gefahrgutfahrer/innen - Schulungen|
C 1620-15-25|Ladungssicherung|
C 1620-20-10|Güter-/Personenverkehr - allgemein|
C 1620-20-15|Führerscheine und Beförderungsberechtigungen|
C 1620-20-20|EU-Berufskraftfahrer/innen - (Beschleunigte) Grundqualifikation / Weiterbildung nach Berufskraftfahrer-Qualifikations-Gesetz|
C 1620-20-25|Service-, Kurier-, Expressfahrdienst|
C 1620-20-30|Fahrlehrer/innen - Fachfortbildung|
C 1620-25|Schienenverkehr|
C 1620-30|Schiffsverkehr|
C 1620-35-10|Luftverkehr - allgemein|
C 1620-35-15|Luftsicherheit|
C 1810-10|Landwirtschaft, Weinbau - allgemein|
C 1810-15|Pflanzenschutz|
C 1815|Tierzucht, -haltung|
C 1820|Tierpflege|
C 1825|Forst- und Jagdwirtschaft|
C 1830|Fischerei, Fischwirtschaft|
C 1835-10|Garten- und Landschaftsbau|
C 1835-15|Baumpflege|
C 1835-20|Sportplatzbau, Golfplatzpflege|
C 1835-25|Gartenbau - sonstige Fachfortbildung|
C 1840|Floristik|
C 1845-10|Umwelt- und Naturschutz - allgemein|
C 1845-15|Betrieblicher Umweltschutz, Umweltmanagement|
C 1845-20|Umweltmanagement-Beauftragte im Unternehmen - Schulungen|
C 1845-25|Umweltmanagement-Auditor(en/innen) - Schulungen|
C 1845-30|Immissions- und Emissionsschutz|
C 1845-35|Betriebsbeauftragte für Immissionsschutz - Schulungen|
C 1850-10-10|Bäckerei|
C 1850-10-15|Konditorei, Süßwarenherstellung|
C 1850-10-20|Fleischerei|
C 1850-15|Milch, Milchprodukte, Molkereiwesen|
C 1850-20|Getränkeherstellung, Brauereiwesen|
C 2010-10|Mathematik - allgemein|
C 2010-15|Angewandte Mathematik, Fachrechnen|
C 2010-20|Statistik, Statistikprogramme, Wahrscheinlichkeitsrechnung|
C 2015|Technisch-naturwissenschaftliches Grundwissen|
C 2020|Naturwissenschaftliches Labor|
A 7.SAN-11.3|Berufsfachschule, Sozialpflege (berufliche Grundbildung)|
ME|Allgemeine und branchenspezifische berufsbezogene Sprachförderung (ESF-BAMF)|
MQ 01|Anderweitig nicht genannte Berufe (akademisch)|
MQ 02|Anderweitig nicht genannte Berufe (nicht-akademisch)|
MQ 03|Berufsfeldübergreifende Qualifizierungsmaßnahmen|
MQ 04|Büroberufe, Vertriebs- und kaufmännische Berufe (nicht-akademisch)|
MQ 05|Dienstleistungsberufe (akademisch/nicht-akademisch)|
MQ 06|Erziehungs- und Sozialberufe (akademisch)|
MQ 07|Erziehungs- und Sozialberufe (nicht-akademisch)|
MQ 08|Geistes- und gesellschaftswissenschaftliche Berufe (akademisch)|
MQ 09|Gesundheitsberufe (akademisch)|
MQ 10|Gesundheitsberufe (nicht-akademisch)|
MQ 11|Handwerkliche und technische Berufe (nicht-akademisch)|
MQ 12|Ingenieure, Architekten und technische Berufe (akademisch)|
MQ 13|IT-Berufe (akademisch/nicht-akademisch)|
MQ 14|Naturwissenschaftliche Berufe (akademisch/nicht-akademisch)|
MQ 15|Wirtschaftswissenschaftliche Berufe (akademisch)|
A 1.BER-45|Zusatzqualifikation während dualer Berufsausbildung (allgemeine Hochschulreife)|
A 7.BAW-11.18|Berufsfachschule - einjährig, Radio-/Fernsehtechnik (berufliche Grundbildung)|
C 2025-10|Biologie|
C 2025-15|Biotechnologie|
C 2030-10|Chemie, chemische Technik|
C 2030-15|Analytische Chemie|
C 2035|Geowissenschaften, Geoinformationssysteme|
C 2040-10|Physik|
C 2040-15|Physikalische Messtechnik|
C 2045|Pharmazie, Pharmatechnik|
C 2050|Verfahrenstechnik|
C 2055-10|Werkstofftechnik|
C 2055-15|Werkstoffprüfung|
C 2210-10|Film-, Fernseh-, Videoproduktion|
C 2210-15|Bild-, Ton-, Kameratechnik|
C 2210-20|Drehbucharbeit|
C 2210-25|Regie- und Dreharbeit, Aufnahme- und Produktionsleitung, Filmausstattung, Szenenbild|
C 2210-30|Hörfunk|
C 2215-10-10|Journalistik, Publizistik - allgemein|
C 2215-10-15|Online-Redaktion, Cross-Media-Publishing|
C 2215-10-20|Journalistische Arbeitstechniken|
C 2215-10-25|Hörfunk- und Fernsehjournalismus|
C 2215-15|Technische Redaktion|
C 2215-20|Schreiben, literarische Produktion|
C 2215-25|Verlagswesen|
C 2215-30|Buchhandel|
C 2220-10|Bibliothekswesen|
C 2220-15|Informations- und Dokumentationswesen|
C 2220-20|Archivwesen|
C 2220-25|Museologie|
C 2225-10|Restaurierung, Historische Materialkunde und Handwerkstechniken|
C 2225-15|Denkmalschutz und -pflege|
C 2230-10|Politik|
C 2230-15|Soziologie|
C 2230-20|Philosophie, Ethik|
C 2230-25|Geschichte, Kulturgeschichte|
C 2235|Medien-, Kultur-, Musikmanagement|
C 2240-10-10|Musik - allgemein|
C 2240-10-15|Musikschulleitung, Chor- und Orchesterleitung|
C 2240-10-20|Musik, Rhythmus und Bewegung|
C 2240-10-25|Musikalische Elementarerziehung, Musikpädagogik|
C 2240-15-10|Tanz - allgemein|
C 2240-15-15|Tanzpädagogik, Tanzleitung|
C 2240-20-10|Theater, Schauspiel - allgemein|
C 2240-20-15|Theaterpädagogik|
C 2240-25|Veranstaltungs-, Bühnen- und Pyrotechnik|
C 2245-10|Bildhauerei, Plastisches Gestalten|
C 2245-15-10|Kunstmalerei, Grafik - allgemein|
C 2245-15-15|Farblehre, Bild- und Schriftgestaltung|
C 2245-15-20|Mal- und Zeichentechniken|
C 2245-15-25|Studienvorbereitung - Bereich Kunst/Grafik/Gestaltung|
C 2245-20|Produktgestaltung|
C 2245-25-10|Raumgestaltung, -ausstattung - allgemein|
C 2245-25-15|Feng Shui|
C 2250-10|Fotografie, Fototechnik|
C 2250-15|Desktop-Publishing (DTP)|
C 2250-20|Digitale Bildbearbeitung|
C 2250-25|Computergrafik, -animation|
C 2250-30|PDF-Dokumentenmanagement|
C 2250-35|Mediengestaltung, Multimedia-Produktion, Webdesign|
C 2255-10|Druckvorstufe|
C 2255-15|Drucktechnik, -verfahren|
C 2255-20|Druckweiterverarbeitung, Buchbinden|
C 2410-10|Metallbe- und -verarbeitung - allgemein|
A 4.BAW-22|Berufsfachschule Pädagogische Erprobung - Aufbaustufe (Fachschulreife)|
A 4.SAN-21.4|Berufsfachschule, Technik (Realschulabschluss)|
A 7.BAW-17|Berufsfachschule Pädagogische Erprobung - Basisstufe (berufliche Grundbildung)|
A 7.BAW-18|Ausbildungsvorbereitung Dual - AVD (berufliche Grundbildung)|
A 7.BAW-21.8|Berufskolleg für Sozialpädagogik (berufliche Grundbildung)|
A 7.NRW-12.7|Berufsfachschule, Wirtschaft und Verwaltung (berufliche Grundbildung)|
C 1020-21|Leistungsangebote im medizinischen Bereich (z.B. IGeL-Leistungen)|
C 1025-16|Kranken-, Altenpflege - spezielle Themengebiete|
C 1025-20-10-11|Pflegeberater/in|
C 1025-30-10|Kranken-, Altenbetreuung - allgemein|
C 1025-30-15|Kranken-, Altenbetreuung - Menschen mit Demenzerkrankung|
C 2615-10-11|Elementarerziehung - Grundqualifizierung|
C 3010-16|Sicherheit auf Kinderspielplätzen|
C 3010-17|Arbeitsschutz-Management-System - Sicherheits-Certifikat-Contraktoren (SCC)|
C 3010-18|Arbeitssicherheit - Motorsäge bzw. Arbeitssicherheit - Baumarbeiten|
C 2410-15-10|Hütten-, Gießereitechnik, Umformtechnik|
C 2410-15-15|Spanende Metallverformung (Drehen, Fräsen)|
C 2410-15-20|Galvanik, Oberflächenbehandlung|
C 2410-20|Schlosserei, Stahl- und Metallbau|
C 2410-25|Blechbe- und -verarbeitung, Behälter- und Apparatebau|
C 2410-30|Blitzschutzanlagenbau und -prüfung|
C 2415-10|Maschinen-, Anlagenbau|
C 2415-15|Maschinen-, Anlagenbetrieb, -überwachung|
C 2420-10|Rohrschlosserei, Rohrleitungsmontage|
C 2420-15|Sanitärtechnik|
C 2420-20|Heizungstechnik|
C 2420-25|Gastechnik|
C 2420-30|Lüftungs-, Klima-, Kältetechnik|
C 2420-35|Gebäudesystemtechnik|
C 2425-10|Werkzeugbau|
C 2425-15|Feinwerktechnik|
C 2425-20|Technische Optik|
C 2430-10|Produktions-, Fertigungstechnik|
C 2430-15-10|NC-/CNC-Technik - Anwendung und Betrieb|
C 2430-15-15|NC-/CNC-Technik - Programmierung|
C 2430-20|Robotik, Handhabungstechnik, CAM/CIM-Technik|
C 2435-10-10|Automatisierungstechnik - allgemein|
C 2435-10-15|Automatisierungstechnik - spezielle Systeme|
C 2435-10-20|Prozessautomatisierung|
C 2435-15|SPS-Technik, SPS-Programmierung|
C 2435-20|Hydraulik, Pneumatik, Hybride Steuerungstechnik|
C 2440-10-10|Kraftfahrzeugtechnik, -instandhaltung - allgemein|
C 2440-10-15|Kraftfahrzeugtechnik, -instandhaltung - Abgasuntersuchung, -technik|
C 2440-10-20|Kraftfahrzeugtechnik, -instandhaltung - Elektrik, Elektronik|
C 2440-10-25|Kraftfahrzeugtechnik, -instandhaltung - Hydraulik, Pneumatik, Bremstechnik|
C 2440-10-30|Kraftfahrzeugtechnik, -instandhaltung - Karosserie|
C 2440-10-35|Kraftfahrzeugtechnik, -instandhaltung - Motortechnik|
C 2440-10-40|Kraftfahrzeugtechnik, -instandhaltung - Sicherheitstechnik|
C 2440-15|Elektromobilität|
C 2440-20|Fahrzeugsachverständigenwesen, -prüfung|
C 2440-25|Luft-, Raumfahrttechnik|
C 2440-30|Schiff-, Bootsbau, Meerestechnik|
C 2440-35|Eisenbahn-, Schienenfahrzeugtechnik|
C 2440-40|Zweiradtechnik|
C 2445-10-10|Gasschweißen - DVS-IIW/EWF G 3 - G 6 (Stahl)|
C 2445-10-15|Gasschweißen - Sonderschulungen nach DIN EN 287-1/DIN EN ISO|
C 2445-10-20|Gasschweißen - sonstige Lehrgänge|
C 2445-15-10|Lichtbogen-, Elektrodenhandschweißen - DVS-IIW/EWF E 1 - E 6 (Stahl)|
C 2445-15-15|Lichtbogen-, Elektrodenhandschweißen - Sonderschulungen nach DIN EN 287-1/DIN EN ISO|
C 2445-15-20|Lichtbogen-, Elektrodenhandschweißen - sonstige Lehrgänge|
C 2445-20-10|Metallaktivgasschweißen - DVS-IIW/EWF MAG-St 1 - St 6 (Stahl)|
C 2445-20-15|Metallaktivgasschweißen - DVS-IIW/EWF MAG-CrNi 1 - CrNi 6 (Chrom-Nickel)|
C 2445-20-20|Metallaktivgasschweißen - Sonderschulungen nach DIN EN 287-1/DIN EN ISO|
C 2445-20-25|Metallaktivgasschweißen - sonstige Lehrgänge (Stahl, Chrom-Nickel, Betonstahl)|
C 2445-25-10|Metallinertgasschweißen - DVS-IIW/EWF MIG-Al 1 - Al 6 (Aluminium)|
C 2445-25-15|Metallinertgasschweißen - Sonderschulungen nach DIN EN 287-1/DIN EN ISO|
SA 01|§ 45 Abs. 1 Nr. 1 SGB III: Heranführung an den Ausbildungs- und Arbeitsmarkt sowie Feststellung, Verringerung oder Beseitigung von Vermittlungshemmnissen|
SA 04|§ 45 Abs. 1 Nr. 4 SGB III: Heranführung an eine selbständige Tätigkeit|
SA 05|§ 45 Abs. 1 Nr. 5 SGB III: Stabilisierung einer Beschäftigungsaufnahme|
C 2445-25-20|Metallinertgasschweißen - sonstige Lehrgänge|
C 2445-30-10|Wolframschutzgas-, Wolframinertgasschweißen - DVS-IIW/EWF WIG-St 1 - St 6 (Stahl)|
C 2445-30-15|Wolframschutzgas-, Wolframinertgasschweißen - DVS-IIW/EWF WIG-CrNi 1 - CrNi 6 (Chrom-Nickel)|
C 2445-30-20|Wolframschutzgas-, Wolframinertgasschweißen - DVS-IIW/EWF WIG-Al 1 - Al 6 (Aluminium)|
C 2445-30-25|Wolframschutzgas-, Wolframinertgasschweißen - Sonderschulungen nach DIN EN 287-1/DIN EN ISO|
C 2445-30-30|Wolframschutzgas-, Wolframinertgasschweißen - sonstige Lehrgänge|
C 2445-35|Schweißen - Kombinationsschulungen, sonstige Lehrgänge|
C 2445-40|Sonderschweißverfahren, automatisiertes Schweißen|
C 2445-45|Schweißen - Aufsicht, Konstruktion, Lehre|
C 2445-50|Trenntechniken, Schneid- und Richtverfahren|
C 2445-55|Lötverfahren|
C 2445-60|Klebtechniken|
C 2610-10|Pädagogische Diagnostik, Konzepte, Methoden|
C 2610-15|Lernpädagogik, Lernberatung|
C 2610-20|Erlebnispädagogik|
C 2610-25|Erziehung, Pädagogik - sonstige Fachfortbildung|
C 2615-10-10|Elementarpädagogik/-erziehung - allgemein|
C 2615-10-15|Kreative Elementarerziehung|
C 2615-10-20|Körperarbeit und Bewegungserziehung mit Kindern|
C 2615-10-25|Sprachentwicklung, -förderung, Kommunikation mit Kindern|
C 2615-10-30|Integrative Elementarerziehung|
C 2615-15|Schulpädagogik, Fachdidaktik|
C 2615-20|Horterziehung|
C 2620-10|Erwachsenenbildung - Methoden, Didaktik|
C 2620-15|Erwachsenenbildung - Kursleitung|
C 2620-20|Erwachsenenbildung - sonstige Fachfortbildung|
C 2625-10|Sonderpädagogische Diagnostik, Frühförderung|
C 2625-15|Arbeit mit Menschen mit körperlichen, Seh-, Hör- und Sprachbehinderungen, Lernbehinderungen|
C 2625-20|Arbeit mit Menschen mit geistigen Behinderungen|
C 2625-25|Verhaltensauffälligkeiten, -störungen, Arbeit mit Menschen mit psychischen Behinderungen|
C 2625-30|Heilpädagogisches Reiten, Tiertherapien|
C 2625-35|Heil- und Sonderpädagogik - sonstige Fachfortbildung|
C 2630-10-10|Soziale Beratung, Coaching - Techniken, Methoden|
C 2630-10-15-10|Familienberatung|
C 2630-10-15-15|Elternberatung, Erziehungsberatung|
C 2630-10-15-20|Schuldnerberatung|
C 2630-10-15-25|Sucht- und Drogenberatung|
C 2630-10-15-30|Trauerbegleitung|
C 2630-10-15-35|Soziale Beratung - weitere Zielgruppen|
C 2630-10-20|Soziale Beratung - sonstige Fachfortbildung|
C 2630-15|Jugendarbeit, Familienhilfe|
C 2630-20|Entwicklungszusammenarbeit|
C 2630-25|Supervision, Gruppenarbeit in sozialen Arbeitsfeldern|
C 2630-30|Konfliktmanagement, Mediation|
C 2630-35|Sozialmanagement|
C 2630-40|Sozialarbeit, Sozialpädagogik - sonstige Fachfortbildung|
C 2635-10|Theologie - allgemein|
C 2635-15|Gemeindearbeit, Seelsorge|
C 2635-20|Religionspädagogik|
C 2810-10|Qualitätsmanagement, -sicherung - allgemein|
C 2810-15|Qualitätsmanagementmethoden, -werkzeuge|
C 2810-20|Qualitätsmanagementsysteme|
C 2810-25|Qualitätsmanagementbeauftragte, -auditor(en/innen) - Schulungen|
C 2815|Qualitätsprüfung, -technik|
C 2820|Wartung, Instandhaltung|
C 2825|Hausmeisterdienste|
A 7.BRE-15|Berufsorientierungsklasse (berufliche Grundbildung)|
C 1435-10-60|Webentwicklung|
C 3010-10|Arbeitssicherheit, Arbeitsschutz, Unfallverhütung - allgemein|
C 3010-15|Sicherheitsbeauftragte/-fachkräfte - Schulungen|
C 3010-20|Umgang mit Gefahrstoffen|
C 3010-25|Strahlenschutz im nichtmedizinischen Bereich|
C 3010-30|Laserschutz|
C 3010-35|Anlagensicherheit, Störfallvorsorge|
C 3015-10|Wach- und Sicherheitsdienste - allgemein|
C 3015-15|Geld- und Werttransporte|
C 3015-20|Personenschutz, Veranstaltungsschutz|
C 3015-25|Werkschutz|
C 3015-30|Objektschutz, Einbruch- und Diebstahlschutz|
C 3015-35|Empfangs- und Pfortendienst|
C 3015-40|Sachkunde nach § 34a GewO (Bewachungsgewerbe)|
C 3020-10|Brand-, Explosions- und Katastrophenschutz - allgemein|
C 3020-15|Brand- und Explosionsschutzbeauftragte - Schulungen|
C 3020-20|Brandschutzanlagen, Brandmeldetechnik|
C 3025-10|Hygiene - allgemein|
C 3025-15|Hygienebeauftragte, -verantwortliche - Schulungen|
C 3025-20|Lebensmittel-, Küchenhygiene|
C 3025-25|Hygiene im Gesundheitsbereich|
C 3025-30|Schädlingsbekämpfung|
C 3030-10|Reinigung - allgemein|
C 3030-15|Gebäude-, Glas-, Fassadenreinigung|
C 3030-20|Textilreinigung|
C 3210-10|Arbeitstechniken und -organisation|
C 3210-15|Zeit- und Selbstmanagement|
C 3210-20|Stressmanagement|
C 3210-25|Lern- und Gedächtnistechniken|
C 3210-30|Kreativitäts- und Problemlösungstechniken|
C 3210-35|Informations- und Wissensmanagement|
C 3215-10-10|Persönlichkeitsentwicklung|
C 3215-10-15|Repräsentationstraining, Selbstvermarktung|
C 3215-10-20|Eigenmotivation, persönliche Leistungssteigerung|
C 3215-15-10|Soziale Kompetenzen - allgemein|
C 3215-15-15|Interkulturelle Kompetenz|
C 3215-20-10|Kommunikationstraining - allgemein|
C 3215-20-15|Rhetorik, Stimm- und Sprachtraining|
C 3215-20-20|Körpersprache|
C 3215-20-25|Gesprächsführung|
C 3215-20-30|Verhandlungsführung, Argumentations-, Überzeugungstechniken|
C 3215-20-35|Vorträge, Moderation, Präsentation|
C 3215-20-40|Gesprächsführung am Telefon|
C 3215-20-45|Schriftliche Kommunikation, Berichte, Protokolle|
C 3220-10|Mitarbeiterführung - allgemein|
C 3220-15|Führungsstile, -techniken, -instrumente|
C 3220-20|Teamarbeit, -führung|
C 3225-10|Bewerbungstraining|
C 3225-15|Berufs- und Karriereplanung|
C 3225-20-10|Wiedereinstieg in den Beruf - allgemein|
C 3225-20-15|Spezielle Maßnahmen für Berufsrückkehrer/innen|
C 3225-20-20|Spezielle Maßnahmen für Langzeitarbeitslose|
C 3225-20-25|Spezielle Maßnahmen für ältere Arbeitslose|
C 3230|Prüfungsvorbereitung|
C 3235|Existenzgründung, Existenzsicherung|
C 3410|Übersetzen, Dolmetschen|
C 3415-10-10|Wirtschaftsenglisch - allgemein|
C 3415-10-15|Wirtschaftsenglisch - Cambridge-Zertifikate|
C 3415-10-20|Wirtschaftsenglisch - LCCI|
C 3415-10-25|Wirtschaftsenglisch - TOEIC|
C 0045-20-20|Edelmetallverarbeitung|
C 0235-15-10|Projektmanagement - allgemein|
C 0235-15-15|Projektmanagement - Zertifikatslehrgänge (GPM/IPMA)|
C 1435-10-40-10|Softwareprodukte|
C 1435-10-40-15|Programmiersprachen|
MC 01 1|Berufssprachkurs mit Zielsprachniveau A2|
MC 01 2|Berufssprachkurs mit Zielsprachniveau B1|
MC 01 3|Berufssprachkurs mit Zielsprachniveau B2|
MC 01 4|Berufssprachkurs mit Zielsprachniveau C1|
MC 01 5|Berufssprachkurs mit Zielsprachniveau C2|
MC 02|Fachspezifische Berufssprachkurse|
MC 03|Fachsprachen zur Anerkennung von Berufsabschlüssen/für den Berufszugang|
C 3415-10-30|Wirtschaftsenglisch - weitere Zertifikate|
C 3415-15|Wirtschaftsfranzösisch|
C 3415-20|Wirtschaftsspanisch|
C 3415-25|Wirtschaftsitalienisch|
C 3415-30|Weitere Wirtschaftssprachen|
C 3420-10|Deutsch - allgemein|
C 3420-15|Deutsch - Fachsprachen|
C 3425-10|Englisch - Grundlagen|
C 3425-15|Englisch - Aufbau-/Kompaktkurse|
C 3425-20-10|Englisch - Cambridge-Zertifikate|
C 3425-20-15|Englisch - TOEFL|
C 3425-20-20|Englisch - IELTS|
C 3425-20-25|Englisch - weitere Zertifikate|
C 3425-25|Technisches Englisch|
C 3425-30|Englisch - weitere Fachsprachen|
C 3430-10|Französisch - Grundlagen|
C 3430-15|Französisch - Aufbau-/Kompaktkurse|
C 3430-20|Französisch - Fachsprachen|
C 3435-10|Spanisch - Grundlagen|
C 3435-15|Spanisch - Aufbau-/Kompaktkurse|
C 3435-20|Spanisch - Fachsprachen|
C 3440-10|Italienisch - Grundlagen|
C 3440-15|Italienisch - Aufbau-/Kompaktkurse|
C 3440-20|Italienisch - Fachsprachen|
C 3445-10|Portugiesisch, Rumänisch|
C 3445-15|Russisch und andere slawische Sprachen|
C 3445-20|Niederländisch|
C 3445-25|Skandinavische Sprachen|
C 3445-30|Chinesisch|
C 3445-35|Japanisch|
C 3445-40|Arabisch|
C 3445-45|Andere Fremdsprachen/Sprachkombinationen|
C 3450|Gebärdensprache, Blindenschrift|
A 7.NRW-12.1|Berufsfachschule, Agrarwirtschaft (berufliche Grundbildung)|
A 7.NRW-12.2|Berufsfachschule, Ernährungs- und Versorgungsmanagement (berufliche Grundbildung)|
A 7.NRW-12.3|Berufsfachschule, Gestaltung (berufliche Grundbildung)|
A 7.NRW-12.4|Berufsfachschule, Gesundheit/Erziehung und Soziales (berufliche Grundbildung)|
A 7.NRW-12.5|Berufsfachschule, Informatik (berufliche Grundbildung)|
A 7.NRW-12.6|Berufsfachschule, Technik/Naturwissenschaften (berufliche Grundbildung)|
A 7.NRW-14.1|Ausbildungsvorbereitung, Agrarwirtschaft (berufliche Grundbildung)|
A 7.NRW-14.2|Ausbildungsvorbereitung, Ernährungs- und Versorgungsmanagement (berufliche Grundbildung)|
A 7.NRW-14.3|Ausbildungsvorbereitung, Gestaltung (berufliche Grundbildung)|
A 7.NRW-14.5|Ausbildungsvorbereitung, Informatik (berufliche Grundbildung)|
A 7.NRW-14.6|Ausbildungsvorbereitung, Technik/Naturwissenschaften (berufliche Grundbildung)|
A 7.NRW-14.7|Ausbildungsvorbereitung, Wirtschaft und Verwaltung (berufliche Grundbildung)|
A 7.NRW-14.8|Ausbildungsvorbereitung, verschiedene Berufsfelder (berufliche Grundbildung)|
B 34|Sonstige Berufsausbildungen/Umschulungen|
C 0010-10|Bauprojektmanagement|
C 0010-15|Baustellenleitung, -überwachung|
C 0015-10|Bautechnik - allgemein|
C 0015-15|Baustatik, -physik|
C 0015-20|Energieeffizientes und ökologisches Bauen, Baubiologie|
C 0015-25|Behinderten- und altersgerechtes Bauen|
C 0015-30|Bauschäden, -sanierung|
C 0015-35|Bausachverständigenwesen, -gutachten|
C 0015-40|Vermessungstechnik|
C 0020-10|Baumaschinen - Sachkunde, Technik|
C 0020-15|Baugeräte-, Baumaschinenführung - allgemein|
C 0020-20|Baggerführung|
C 0020-25|Kranführung|
C 0025-10|Tiefbau - allgemein|
C 0025-15|Straßenbau|
C 0025-20|Pflasterbau|
C 0025-25|Kanalbau, -betrieb|
C 0025-30|Rohrleitungsbau|
C 0025-35|Kabelleitungsbau|
C 0025-40|Grund-, Wasser-, Felsbau|
C 0025-45|Gleisbau|
C 0030-10|Hochbau - allgemein|
C 0030-15|Mauerwerksbau|
C 0030-20|Fassadenbau|
C 0030-25-10|Beton- und Stahlbetonbau - allgemein|
C 0030-25-15|Schalungsbau, Bewehrung|
C 0030-25-20|Schützen, Instandsetzen, Verbinden und Verstärken von Betonbauteilen|
C 0030-30|Feuerungs- und Schornsteinbau|
C 0030-35|Gerüstbau|
C 0030-40|Dachdeckerei|
C 0030-45|Bauwerksabdichtung|
C 0035-10|Trockenbau|
C 0035-15|Isolierung, Dämmung|
C 0035-20|Baulicher Brandschutz|
C 0035-25|Boden-/Estrichlegerei|
C 0035-35|Fliesen-, Platten-, Mosaiklegerei|
C 0035-40|Putz-, Stuckarbeiten|
C 0035-45-10|Maler-, Lackiererei, Beschichtung - allgemein|
C 0035-45-15|Korrosionsschutz|
C 0035-50|Zimmerei|
A 7.RPF-11.7|Berufsfachschule I, Gesundheit und Pflege (berufliche Grundbildung)|
C 0035-55|Fenster-, Türen-, Treppenbau|
C 0035-60|Glaserei|
C 0040-10|Architektur - allgemein|
C 0040-15|Städte-, Orts- und Regionalplanung|
C 0040-20|Landschaftsarchitektur, -planung|
C 0045-10|Rohstoffgewinnung|
C 0045-15|Sprengtechnik|
C 0045-20-10|Glas-, Keramikverarbeitung|
C 0045-20-15|Natur-, Kunststeinverarbeitung|
C 0210-10|Büro, Sekretariat - allgemein|
C 0210-15|Korrespondenz|
C 0210-20|Bürokommunikation, -technik|
C 0215-10-10|Buchführung - allgemein|
C 0215-10-15|Finanzbuchführung|
C 0215-10-20|Lohn- und Gehaltsbuchführung|
C 0215-10-25|Reisekostenabrechnung|
C 0215-10-30-10|Bilanz, Jahresabschluss und Rechnungslegung - allgemein|
C 0215-10-30-15|Internationale Rechnungslegung|
C 0215-15-10|Rechnungswesen - allgemein|
C 0215-15-15|Finanzwesen, -management, -planung|
C 0215-15-20|Kosten- und Leistungsrechnung, Kostenmanagement|
C 0215-15-25|Kalkulation|
C 0215-20-10|Controlling|
C 0215-20-15|Inventur|
C 0215-20-20|Kennzahlen|
C 0215-20-25|Revision|
C 0220-10-10|Banken, Finanzdienstleistungen - allgemein|
C 0220-10-15|Anlage-, Vermögensberatung|
C 0220-10-20|Finanzierungsformen, Leasing, Factoring|
C 0220-10-25|Wertpapierhandel|
C 0220-15|Versicherungen|
C 0220-20-10|Immobilienwirtschaft - allgemein|
C 0220-20-15|Immobilienwirtschaft - Maklergeschäft|
C 0220-20-20|Immobilienwirtschaft - Bewertung, Verkehrswertermittlung|
C 0220-20-25|Immobilienwirtschaft - Haus- und Grundstücksverwaltung|
C 0220-20-30|Facility Management|
C 0225-10-10|Außenhandel, Internationale Wirtschaftsbeziehungen - allgemein|
C 0225-10-15|Außenhandel, Internationale Wirtschaftsbeziehungen - spezielle Länder|
C 0225-10-20|Export-/Import-/Zollabwicklung|
C 0225-15|Groß- und Einzelhandel|
C 0225-20|Waren-, Produkt-, Verkaufs-, Sachkunde|
C 0230-10|Kaufmännische Grundlagen/Qualifizierung|
C 0230-15|Auftragsbearbeitung, -abwicklung|
C 0230-20-10|Betriebswirtschaftslehre - allgemein|
C 0230-20-15|Betriebswirtschaftslehre - Zertifikatslehrgänge (z.B. EBCL, XPERT Business)|
C 0230-25|Volkswirtschaftslehre|
C 0235-10-10|Management - allgemein|
C 0235-10-15|Management - spezielle Anwendungsbereiche|
C 0235-10-20|Unternehmensführung|
C 0235-10-25|Internationales Management|
C 0235-20-10|Strategische Unternehmensplanung|
C 0235-20-15|Prozessmanagement|
C 0235-25-10|Betriebliche Organisation|
C 0235-25-15|Planung und Steuerung|
C 0235-25-20|Ergonomie, Arbeitsgestaltung|
C 0235-25-25|Arbeitsstudium, REFA|
C 0235-30|Wirtschafts-, Unternehmensberatung|
C 0235-35|Wirtschaftsförderung|
C 0240-10|Marktforschung, Marktbeobachtung|
C 0240-15-10|Marketing - allgemein|
C 0240-15-15|Online-Marketing|
C 0240-15-20|Internationales Marketing|
C 0240-20-10|Kundenservice, Customer Relationship Management - allgemein|
C 0240-20-15|Reklamationen, Beschwerden|
C 0240-25-10|Vertrieb - allgemein|
C 0240-25-15|Auslandsvertrieb|
C 0240-25-20|Technischer Vertrieb|
C 0240-25-25|Vertrieb - Management, Organisation, Strategien|
C 0240-25-30|Verkaufstraining - Verkaufsgespräch, -beratung, -techniken|
C 0240-25-35-10|Direktmarketing|
C 0240-25-35-15|Key-Account-Management (Großkundenbearbeitung)|
C 0240-25-35-20|Neukundengewinnung|
C 0240-25-40|Telefonverkauf, Telefonmarketing, Call-Center|
C 0240-30-10|Werbung, Verkaufsförderung - allgemein|
C 0240-30-15|Werbetext, Werbemittelgestaltung|
C 0240-30-20|Dekoration, Warenpräsentation|
C 0240-35-10|Public Relations (PR) - allgemein|
C 0240-35-15|Sponsoring|
C 0240-35-20|Corporate Identity, Unternehmenskommunikation|
C 0240-40|Social Media|
C 0245-10-10|Personalwesen - allgemein|
C 0245-10-15|Personaleinsatz, Arbeitszeitmodelle und -gestaltung|
C 0245-10-20|Kündigung, Personalbeurteilung, Arbeitszeugnisse|
C 0245-10-25|Personalvergütungssysteme, Tarifwesen|
C 0245-10-30|Personalplanung und -entwicklung|
C 0245-10-35-10|Personalbedarfsermittlung, -beschaffung und -auswahl - allgemein|
C 0245-10-35-15|Einstellungsgespräche, Einstellungstests|
C 0245-10-35-20|Personalmarketing|
C 0245-10-40|Betriebliches Sozialwesen|
C 0245-15|Personalberatung und -vermittlung|
C 0245-20|Betriebliche Aus- und Fortbildung|
C 0245-25|Betriebsvertretung|
C 0250-10|Öffentliche Verwaltung|
C 0250-15-10|Recht - allgemeine Grundlagen|
C 0250-15-15|Arbeitsrecht|
C 0250-15-20|Baurecht|
C 0250-15-25|Datenschutzrecht|
C 0250-15-30|Europarecht, Internationales Recht|
C 0250-15-35|IT-, Internetrecht|
C 0250-15-40|Lebensmittelrecht|
C 0250-15-45|Sozialrecht|
C 0250-15-50|Steuerrecht|
C 0250-15-55|Umweltrecht|
C 0250-15-60|Verwaltungsrecht|
C 0250-15-65-10|Bankrecht, Versicherungsrecht|
C 0250-15-65-15|Bürgerliches Recht, Zivilprozessrecht|
C 0250-15-65-20|Haftungs- und Gewährleistungsrecht|
C 0250-15-65-25|Handels- und Gesellschaftsrecht|
C 0250-15-65-30|Insolvenzrecht, Zwangsvollstreckungsrecht|
C 0250-15-65-35|Medienrecht|
C 0250-15-65-40|Produkthaftungsrecht|
C 0250-15-65-45|Vertragsrecht und Recht der allgemeinen Geschäftsbedingungen (AGB)|
C 0250-15-65-50|Wettbewerbs- und Urheberrecht|
C 0250-15-65-55|Wirtschaftsrecht - weitere Rechtsgebiete|
C 0250-15-70|Weitere Rechtsgebiete|
A 1.BAW-23.1|Berufliches Gymnasium in Aufbauform, Technik (allgemeine Hochschulreife)|
A 1.BAW-23.2|Berufliches Gymnasium in Aufbauform, Wirtschaft (allgemeine Hochschulreife)|
A 1.BAW-23.3|Berufliches Gymnasium in Aufbauform, Ernährung, Soziales, Gesundheit (allgemeine Hochschulreife)|
A 3.HAM-23|Höhere Technikschule (Fachhochschulreife)|
A 7.HAM-21.1|Berufsfachschule, Technik - Höhere Technikschule (berufliche Grundbildung)|
C 0250-15-75|Spezielle Lehrgänge für Juristen/Juristinnen, Rechtsanwalts- und Notariatsfachangestellte|
C 0250-20|Steuern, Wirtschaftsprüfung|
C 0250-25|Unternehmenskauf und -verkauf, Unternehmensnachfolge|
C 0410-10|Elektrotechnik, Elektronik - allgemein|
C 0410-15|Elektrische Mess-, Steuerungs- und Regelungstechnik|
C 0410-20|Elektrische Energie- und Anlagentechnik|
C 0410-25|Licht- und Beleuchtungstechnik|
C 0410-30|Normen, Sicherheits- und Prüfbestimmungen in elektrischen Anlagen|
C 0410-35|Elektrotechnisch unterwiesene Personen - Schulungen|
C 0415-10|Mechatronik|
C 0415-15|Mikro-, Nanotechnik, Halbleitertechnologie|
C 0420|Informations- und Kommunikationstechnik|
C 0425-10|Energieversorgung und -management|
C 0425-15|Anlagen- und Kraftwerkstechnik|
C 0425-20-10|Erneuerbare Energien - allgemein|
C 0425-20-15|Erdwärme|
C 0425-20-20|Photovoltaik|
C 0425-20-25|Solarthermie|
C 0425-20-30|Windenergie|
C 0425-25|Energieberatung|
C 0430-10|Wasserversorgung|
C 0430-15|Abwasser, Gewässerschutz, Wasserwirtschaft|
C 0430-20|Betriebsbeauftragte für Gewässerschutz - Schulungen|
C 0435-10|Abfallwirtschaft, Entsorgung|
C 0435-15|Sondermüll, Altlasten, Bodenschutz|
C 0435-20|Recycling|
C 0435-25|Betriebsbeauftragte für Abfallwirtschaft - Schulungen|
C 0610|Forschung und Entwicklung|
C 0615|Normung|
C 0620|Technisches Zeichnen, Bauzeichnen|
C 0625|Konstruktion|
C 0630|Computer Aided Design (CAD)|
C 0810-10|Hotel- und Gaststättengewerbe - Grundlagen|
C 0810-15|Hotel- und Gaststättengewerbe - Management, Verwaltung|
C 0810-20|Hotelempfang, -rezeption|
C 0810-25|Housekeeping, Zimmerdienst|
C 0810-30-10|Restaurant-, Bankettservice|
C 0810-30-15|Barservice|
C 0810-30-20|Weinseminare|
C 0810-30-25|Catering und Partyservice|
C 0810-35|Systemgastronomie|
C 0815-10|Tourismus, Freizeitwirtschaft, Animation - allgemein|
C 0815-15|Reiseleitung, Fremdenführung|
C 0820|Messe- und Veranstaltungsmanagement|
C 0825|Hauswirtschaft|
C 0830-10|Kochen, Küche|
C 0830-15|Diätküche|
C 0830-20|Gemeinschaftsverpflegung|
C 0830-25|Patisserie, Süßspeisen|
C 1010-10-10|Ärztliche Fachfortbildung - Humanmedizin (allgemein)|
C 1010-10-15|Chirurgie|
C 1010-10-20|Gynäkologie|
C 1010-10-25|Innere Medizin|
C 1010-10-30|Notfallmedizin|
C 1010-10-35|Onkologie|
C 1010-10-40|Orthopädie, Rheumatologie|
C 1010-10-45|Psychiatrie|
C 1010-10-50|Urologie|
C 1010-10-55|Weitere humanmedizinische Fachgebiete|
C 1010-15|Ärztliche Fachfortbildung - Zahnmedizin|
C 1010-20|Medizinisches Wissen für Nichtfachleute|
C 1010-25|Strahlenschutz in der Medizin/Röntgenschein|
C 1010-30|Rettungsdienst|
C 1430-25-25|Datenschutzbeauftragte (IT)|
C 1618-10|Logistik - allgemein|
C 1618-15|Logistikmanagement, Supply Chain Management|
C 1618-20|Transportlogistik|
C 1618-25|Distributions- und Entsorgungslogistik|
C 2630-45|Integrationsbegleiter/innen (Schule)|
C 2630-50|Integrationsbegleiter/innen (Migration)|
A 1.NDS-31|Berufliches Gymnasium, Doppelqualifikation (allgemeine Hochschulreife)|
A 1.HES-21.8|Berufliches Gymnasium, Berufliche Informatik (allgemeine Hochschulreife)|
C 1620-20-35|Führerscheinübergreifende Fortbildungen / Training|
A 7.BAY-16|Berufsorientierungsklasse (berufliche Grundbildung)|
A 3.HES-21.4|Fachoberschule Form A, Ernährung und Hauswirtschaft (Fachhochschulreife)|
A 3.HES-21.5|Fachoberschule Form A, Agrarwirtschaft, Bio- und Umwelttechnologie (Fachhochschulreife)|
A 3.HES-41.4|Fachoberschule Form B, Ernährung und Hauswirtschaft (Fachhochschulreife)|
A 3.HES-41.5|Fachoberschule Form B, Agrarwirtschaft, Bio- und Umwelttechnologie (Fachhochschulreife)|
A 4.SAA-21.4|Berufsfachschule, Gastronomie und Nahrung (mittlerer Bildungsabschluss)|
A 7.BAW-11.20|Berufsfachschule - einjährig, Bauzeichner (berufliche Grundbildung)|
A 7.BAW-11.21|Berufsfachschule - einjährig, Maskenbildner (berufliche Grundbildung)|
A 7.BAW-11.22|Berufsfachschule - einjährig, Glaser (berufliche Grundbildung)|
A 7.BAW-19|Ausbildungsvorbereitung - AV (berufliche Grundbildung)|
A 7.BRE-11.10|Berufsfachschule - einjährig, Personenbezogene Dienstleistungen (berufliche Grundbildung)|
C 0410-40|Elektrofachkräfte für festgelegte Tätigkeiten - Lehrgänge|
C 0410-45|Elektrofachkräfte für festgelegte Tätigkeiten - Jahresunterweisung|
B 62103-90700|Geprüfter Fachwirt für Vertrieb im Einzelhandel/Geprüfte Fachwirtin für Vertrieb im Einzelhandel (Ausbildung)|
B 62242-90400|Fotomedienfachmann/Fotomedienfachfrau|
B 62272-90100|Automobilkaufmann/Automobilkauffrau|
B 62282-90100|Tankwart/Tankwartin|
B 62302-90200|Fachpraktiker/Fachpraktikerin im Nahrungsmittelverkauf (§66 BBiG/§42r HwO)|
B 62312-90100|Fachverkäufer/Fachverkäuferin im Lebensmittelhandwerk Schwerpunkt Bäckerei|
B 62312-90200|Fachverkäufer/Fachverkäuferin im Lebensmittelhandwerk Schwerpunkt Konditorei|
B 62322-90100|Fachverkäufer/Fachverkäuferin im Lebensmittelhandwerk Schwerpunkt Fleischerei|
B 62412-90100|Drogist/Drogistin|
B 62412-90200|Pharmazeutisch-kaufmännischer Angestellter/Pharmazeutisch-kaufmännische Angestellte|
B 62512-90200|Buchhändler/Buchhändlerin|
B 62532-90100|Musikfachhändler/Musikfachhändlerin|
B 63112-90400|Staatlich geprüfter Touristikassistent/Staatlich geprüfte Touristikassistentin|
B 63112-90800|Kaufmann/Kauffrau für Tourismus und Freizeit|
B 63112-91200|Tourismuskaufmann/Tourismuskauffrau (Kaufmann/Kauffrau für Privat- und Geschäftsreisen)|
B 63122-90000|Sport- und Fitnesskaufmann/Sport- und Fitnesskauffrau|
B 63122-90200|Staatlich geprüfter Sportassistent/Staatlich geprüfte Sportassistentin|
B 63122-90400|Sportfachmann/Sportfachfrau|
B 63132-90100|Animateur/Animateurin - Freizeit|
B 63132-90400|Staatlich geprüfter Berg- und Skiführer/Staatlich geprüfte Berg- und Skiführerin|
B 63212-90100|Staatlich geprüfter Assistent/Staatlich geprüfte Assistentin für Hotelmanagement|
B 63212-90500|Kaufmann/Kauffrau für Hotelmanagement|
B 63222-90000|Hotelfachmann/Hotelfachfrau|
B 63302-90200|Fachpraktiker/Fachpraktikerin im Gastgewerbe (§66 BBiG/§42r HwO)|
B 63302-90700|Fachmann/Fachfrau für Restaurants und Veranstaltungsgastronomie|
B 63302-90800|Fachkraft für Gastronomie|
B 63312-90000|Fachmann/Fachfrau für Systemgastronomie|
B 63312-90100|Staatlich geprüfter Gastronomischer Assistent/Staatlich geprüfte Gastronomische Assistentin|
B 63402-90000|Veranstaltungskaufmann/Veranstaltungskauffrau|
B 63403-90700|Event-Manager/Event-Managerin (Ausbildung)|
B 63404-90200|Kulturmanager/Kulturmanagerin (Ausbildung)|
B 71302-90000|Betriebsassistent/Betriebsassistentin im Handwerk|
B 71302-90200|Staatlich geprüfter kaufmännischer Assistent für Betriebswirtschaft/Staatlich geprüfte kaufmännische Assistentin für Betriebswirtschaft|
B 71302-90400|Industriekaufmann/Industriekauffrau|
B 71303-60900|Geprüfter Berufsspezialist Technischer Kaufmann/Geprüfte Berufsspezialistin Technische Kauffrau|
B 71303-77100|Technischer Betriebswirt/Technische Betriebswirtin im Handwerk|
B 71303-90800|Betriebswirt/Betriebswirtin (Ausbildung) für allgemeine Betriebswirtschaft|
B 71382-90000|Werkgehilfe/Werkgehilfin Schmuckwarenindustrie, Taschen- und Armbanduhren|
B 71401-90000|Telefonist/Telefonistin (§66 BBiG/§42r HwO)|
B 71402-90000|Kommunikationsassistent/Kommunikationsassistentin|
B 71402-90400|Fachpraktiker/Fachpraktikerin für Büromanagement (§66 BBiG/§42r HwO)|
B 71402-90800|Kaufmännischer Assistent/Wirtschaftsassistent / Kaufmännische Assistentin/Wirtschaftsassistentin - Büro/Sekretariat|
B 71402-92200|Kaufmann/Kauffrau für Büromanagement|
B 71403-91800|Managementassistent / Managementassistentin (schulische Ausbildung)|
B 71403-91900|Managementassistent / Managementassistentin (doppelqualifizierende Ausbildung)|
B 71412-90200|Kaufmännischer Assistent/Wirtschaftsassistent / Kaufmännische Assistentin/Wirtschaftsassistentin - Fremdsprachen|
B 71412-90900|Fremdsprachenkorrespondent/Fremdsprachenkorrespondentin|
B 71413-90700|Eurokaufmann/Eurokauffrau|
B 71423-90100|Wirtschaftsübersetzer/Wirtschaftsübersetzerin|
B 71423-90500|Schriftdolmetscher/Schriftdolmetscherin|
B 71423-93200|Staatlich geprüfter Übersetzer/Staatlich geprüfte Übersetzerin (Ausbildung)|
B 71424-90000|Staatlich geprüfter Dolmetscher/Staatlich geprüfte Dolmetscherin (Ausbildung)|
B 71432-90200|Phonotypist/Phonotypistin|
B 71522-90100|Personaldienstleistungskaufmann/Personaldienstleistungskauffrau|
B 72112-90000|Bankkaufmann/Bankkauffrau|
HC 27104-90400|Ingenieurwissenschaft (weiterführend)|
HC 27104-90500|Produktentwicklung (weiterführend)|
HC 27104-90600|Projektmanagement, -ingenieurwesen (weiterführend)|
HC 27184-90500|Innovationsmanagement (weiterführend)|
HC 27184-92400|Patentingenieurwesen (weiterführend)|
HC 27184-95300|Bionik (weiterführend)|
HC 27284-90100|Sporttechnik (weiterführend)|
HC 27304-93800|Produktionstechnik (weiterführend)|
HC 27304-93900|Systems Engineering (weiterführend)|
HC 27304-94000|Technologiemanagement (weiterführend)|
HC 27304-94100|Wirtschaftsingenieurwesen (weiterführend)|
HC 27394-90000|Qualitätsmanagement (weiterführend)|
HC 28104-90900|Textil-, Bekleidungstechnik (weiterführend)|
HC 28114-90300|Textildesign (weiterführend)|
HC 28214-90400|Modedesign (weiterführend)|
HC 29114-90100|Brauerei-, Getränketechnologie (weiterführend)|
HC 29204-90400|Lebensmitteltechnologie (weiterführend)|
HC 31104-91700|Bauingenieurwesen (weiterführend)|
HC 31114-90800|Architektur (weiterführend)|
HC 31124-91600|Stadt-, Regionalplanung (weiterführend)|
HC 31144-90600|Wasser- und Bodenmanagement, Wassertechnologie (weiterführend)|
HC 31164-90300|Bauphysik (weiterführend)|
HC 31174-90200|Baubetriebswirtschaft, Baumanagement (weiterführend)|
HC 31214-94500|Vermessungstechnik (weiterführend)|
HC 31224-90400|Kartografie (weiterführend)|
HC 34104-91500|Gebäudetechnik, Gebäudeenergietechnik (weiterführend)|
HC 34304-90400|Infrastrukturmanagement (weiterführend)|
HC 34304-90500|Versorgungstechnik (weiterführend)|
HC 34334-90400|Abfall-, Entsorgungstechnik (weiterführend)|
HC 41104-90600|Mathematik (weiterführend)|
HC 41114-90300|Biometrie, Biostatistik (weiterführend)|
HC 41114-90500|Statistik (weiterführend)|
HC 41184-92500|Biomathematik (weiterführend)|
HC 41184-92700|Computermathematik (weiterführend)|
HC 41184-92900|Finanz-, Wirtschaftsmathematik (weiterführend)|
HC 41184-93100|Technomathematik (weiterführend)|
HC 41204-90400|Angewandte Naturwissenschaft (weiterführend)|
HC 41204-90500|Biologie (weiterführend)|
HC 41204-90600|Biowissenschaften, Life Sciences (weiterführend)|
HC 41214-90800|Biotechnologie (weiterführend)|
HC 41234-90600|Agrarbiologie (weiterführend)|
HC 41234-90700|Meeresbiologie (weiterführend)|
HC 41254-90200|Neurowissenschaft (weiterführend)|
HC 41254-90300|Toxikologie (weiterführend)|
HC 41264-90100|Mikrobiologie (weiterführend)|
HC 41274-90300|Biomedizin, Molekulare Medizin (weiterführend)|
HC 41274-94400|Epidemiologie (weiterführend)|
HC 41284-91800|Biochemie (weiterführend)|
HC 41284-91900|Biomechanik (weiterführend)|
HC 41284-92100|Chemische Biologie (weiterführend)|
HC 41284-92200|Molekularwissenschaft (weiterführend)|
HC 41304-90700|Chemie (weiterführend)|
HC 41314-91600|Chemieingenieurwesen (weiterführend)|
HC 41314-91700|Pharmatechnik (weiterführend)|
HC 41314-93600|Technologie der Kosmetika und Waschmittel (weiterführend)|
HC 41384-91400|Lebensmittelchemie (weiterführend)|
HC 41384-91500|Natur- und Wirkstoffchemie (weiterführend)|
HC 41384-91600|Polymerwissenschaft (weiterführend)|
HC 41384-91700|Wirtschaftschemie (weiterführend)|
HC 41404-90500|Physik (weiterführend)|
HC 41414-90700|Physikingenieurwesen (weiterführend)|
HC 41424-92000|Materialwissenschaft (weiterführend)|
HC 41424-92100|Werkstoffwissenschaft, -technik (weiterführend)|
HC 41434-90100|Baustoffingenieurwissenschaft (weiterführend)|
B 72122-90100|Investmentfondskaufmann/Investmentfondskauffrau|
B 72122-90300|Finanzassistent/Finanzassistentin|
B 72132-90600|Kaufmann/Kauffrau für Versicherungen und Finanzanlagen|
B 72302-90000|Steuerfachangestellter/Steuerfachangestellte|
B 73112-90000|Notarfachangestellter/Notarfachangestellte|
B 73112-90100|Patentanwaltsfachangestellter/Patentanwaltsfachangestellte|
B 73112-90200|Rechtsanwaltsfachangestellter/Rechtsanwaltsfachangestellte|
B 73112-90300|Rechtsanwalts- und Notarfachangestellter/Rechtsanwalts- und Notarfachangestellte|
B 73202-90200|Verwaltungsfachangestellter/Verwaltungsfachangestellte Fachrichtung Landesverwaltung|
B 73202-90300|Verwaltungsfachangestellter/Verwaltungsfachangestellte Fachrichtung Bundesverwaltung|
B 73202-90700|Verwaltungsfachangestellter/Verwaltungsfachangestellte Fachrichtung Kommunalverwaltung|
B 73212-90100|Sozialversicherungsfachangestellter/Sozialversicherungsfachangestellte Fachrichtung allgemeine Krankenversicherung|
B 73212-90200|Sozialversicherungsfachangestellter/Sozialversicherungsfachangestellte Fachrichtung gesetzliche Rentenversicherung|
B 73212-90300|Sozialversicherungsfachangestellter/Sozialversicherungsfachangestellte Fachrichtung gesetzliche Unfallversicherung|
B 73212-90400|Sozialversicherungsfachangestellter/Sozialversicherungsfachangestellte Fachrichtung knappschaftliche Sozialversicherung|
B 73212-90500|Sozialversicherungsfachangestellter/Sozialversicherungsfachangestellte Fachrichtung landwirtschaftliche Sozialversicherung|
B 73212-91000|Fachangestellter/Fachangestellte für Arbeitsmarktdienstleistungen|
B 73222-90100|Kaufmann/Kauffrau im Gesundheitswesen|
B 73222-90400|Assistent/Assistentin im Gesundheits- und Sozialwesen|
B 73252-90000|Justizfachangestellter/Justizfachangestellte|
B 73282-90100|Verwaltungsfachangestellter/Verwaltungsfachangestellte Fachrichtung Kirchenverwaltung in den Gliedkirchen der Evangelischen Kirche in Deutschland|
B 73282-90200|Verwaltungsfachangestellter/Verwaltungsfachangestellte Fachrichtung Handwerksorganisation und Industrie- und Handelskammern|
B 73312-90000|Fachangestellter/Fachangestellte für Medien- und Informationsdienste Fachrichtung Archiv|
B 73312-90100|Fachangestellter/Fachangestellte für Medien- und Informationsdienste Fachrichtung Bildagentur|
B 73322-90100|Fachangestellter/Fachangestellte für Medien- und Informationsdienste Fachrichtung Bibliothek|
B 73332-90100|Fachangestellter/Fachangestellte für Medien- und Informationsdienste Fachrichtung Information und Dokumentation|
B 73332-90300|Staatlich geprüfter Assistent/Staatlich geprüfte Assistentin für Technische Kommunikation|
B 73342-90000|Medizinischer Dokumentationsassistent/Medizinische Dokumentationsassistentin|
B 73342-90300|Fachangestellter/Fachangestellte für Medien- und Informationsdienste Fachrichtung Medizinische Dokumentation|
B 81102-90100|Medizinischer Fachangestellter/Medizinische Fachangestellte|
B 81102-90400|Fachpraktiker/Fachpraktikerin im Gesundheitswesen (§66 BBiG/§42r HwO)|
B 81112-90100|Zahnmedizinischer Fachangestellter/Zahnmedizinische Fachangestellte|
B 81132-90000|Orthoptist/Orthoptistin|
B 81142-90100|Tiermedizinischer Fachangestellter/Tiermedizinische Fachangestellte|
B 81182-90000|Fachkraft für Medizinprodukteaufbereitung|
B 81212-90100|Zytologieassistent/Zytologieassistentin|
B 81212-90300|Medizinischer Technologe/Medizinische Technologin für Laboratoriumsanalytik|
B 81222-90300|HNO-Audiologieassistent/HNO-Audiologieassistentin|
B 81222-90500|Medizinischer Technologe/Medizinische Technologin für Funktionsdiagnostik|
B 81232-90200|Medizinischer Technologe/Medizinische Technologin für Radiologie|
B 81242-90200|Medizinischer Technologe/Medizinische Technologin für Veterinärmedizin|
B 81301-90100|Gesundheits- und Krankenpflegehelfer/Gesundheits- und Krankenpflegehelferin|
B 81301-90200|Pflegeassistent/Pflegeassistentin|
B 81302-90600|Pflegefachmann/Pflegefachfrau (Ausbildung)|
B 81332-90000|Operationstechnischer Assistent/Operationstechnische Assistentin|
B 81332-90300|Anästhesietechnischer Assistent/Anästhesietechnische Assistentin|
B 81341-90000|Rettungshelfer/Rettungshelferin|
HC 41484-92000|Astrophysik (weiterführend)|
HC 41484-92100|Biophysik (weiterführend)|
HC 41484-92200|Medizinische Physik (weiterführend)|
HC 41484-92300|Wirtschaftsphysik (weiterführend)|
HC 42114-90600|Geotechnologie (weiterführend)|
HC 42124-92500|Geophysik (weiterführend)|
HC 42124-92700|Geowissenschaften (weiterführend)|
HC 42134-90500|Geografie (weiterführend)|
HC 42144-90200|Meteorologie (weiterführend)|
HC 42204-91200|Umwelttechnik (weiterführend)|
HC 42314-91100|Geoökologie (weiterführend)|
HC 42314-91200|Umweltwissenschaft (weiterführend)|
HC 43104-80700|Künstliche Intelligenz (weiterführend)|
HC 43104-92400|Informatik (weiterführend)|
HC 43104-92500|Rechnergestützte Naturwissenschaft, Computational Science (weiterführend)|
HC 43104-95100|Datenwissenschaft, Data Science (weiterführend)|
HC 43114-91500|Informationsmanagement (weiterführend)|
HC 43114-91600|Internetbasierte Systeme, E-Services (weiterführend)|
HC 43114-91700|Umweltinformatik (weiterführend)|
HC 43114-91900|Wirtschaftsinformatik (weiterführend)|
HC 43114-92000|Verwaltungsinformatik (weiterführend)|
HC 43124-90700|Ingenieurinformatik, Computational Engineering (weiterführend)|
HC 43124-90800|Technische Informatik (weiterführend)|
HC 43134-91600|Bioinformatik (weiterführend)|
HC 43134-91800|Medizinische Informatik (weiterführend)|
HC 43144-90900|Geoinformatik (weiterführend)|
HC 43154-90400|Medieninformatik (weiterführend)|
HC 43384-90100|IT-Sicherheit (weiterführend)|
HC 43394-90200|IT-Management (weiterführend)|
HC 43414-90800|Softwaretechnik (weiterführend)|
HC 51504-90500|Verkehrsingenieurwesen (weiterführend)|
HC 51594-90100|Schiffs-, Reedereimanagement, Hafenwirtschaft (weiterführend)|
HC 51614-90400|Verkehrsbetriebswirtschaft (weiterführend)|
HC 51614-90700|Luftverkehrsmanagement (weiterführend)|
HC 51624-91300|Logistik, Supply-Chain-Management (weiterführend)|
HC 52414-90700|Nautik (weiterführend)|
HC 53124-91000|Sicherheitstechnik (weiterführend)|
HC 53184-90100|Sicherheitsmanagement (weiterführend)|
HC 53184-92200|Rettungsingenieurwesen (weiterführend)|
HC 61124-90100|Technischer Vertrieb (weiterführend)|
HC 61204-90100|Handelsbetriebswirtschaft (weiterführend)|
HC 61284-90200|Automobilwirtschaft, Automotive Management (weiterführend)|
HC 61314-90400|Immobilienwirtschaft (weiterführend)|
HC 61323-90400|Facility-Management, Technisches Gebäudemanagement (weiterführend)|
HC 62514-90300|Buchhandel, Verlagswirtschaft (weiterführend)|
HC 63114-90600|Tourismusmanagement (weiterführend)|
HC 63124-90300|Sportmanagement, -ökonomie (weiterführend)|
HC 63213-90800|Hotelmanagement (weiterführend)|
HC 63404-90900|Kulturmanagement (weiterführend)|
HC 71304-91600|Betriebswirtschaftslehre, Business Administration (weiterführend)|
HC 71304-91700|Industriebetriebswirtschaft (weiterführend)|
HC 71304-91800|Internationale Wirtschaft (weiterführend)|
HC 71304-91900|Unternehmensführung, Management (weiterführend)|
HC 71314-90700|Coaching, Beratung, Supervision (weiterführend)|
HC 71324-90200|Unternehmensberatung (weiterführend)|
HC 71333-90500|Regionalmanagement (weiterführend)|
HC 71384-90200|Energie-, Ressourcenmanagement (weiterführend)|
HC 71384-90300|Nachhaltigkeitsmanagement (weiterführend)|
HC 71424-91400|Dolmetschen (weiterführend)|
HC 71424-91500|Gebärdensprachdolmetschen (weiterführend)|
HC 71424-94000|Übersetzen (weiterführend)|
A 2.BAY-41.7|Berufliche Oberschule, Berufsoberschule, Internationale Wirtschaft (fachgebundene Hochschulreife)|
A 2.BAY-41.8|Berufliche Oberschule, Berufsoberschule, Gesundheit (fachgebundene Hochschulreife)|
A 3.BAY-41.7|Berufliche Oberschule, Berufsoberschule, Internationale Wirtschaft (Fachhochschulreife)|
A 3.BAY-41.8|Berufliche Oberschule, Berufsoberschule, Gesundheit (Fachhochschulreife)|
B 81342-90100|Rettungssanitäter/Rettungssanitäterin|
B 81342-90300|Notfallsanitäter/Notfallsanitäterin|
B 81342-90400|Staatlich geprüfter Disponent/Staatlich geprüfte Disponentin einer Integrierten Leitstelle|
B 81532-90000|Tierheilpraktiker/Tierheilpraktikerin|
B 81532-90100|Tierphysiotherapeut/Tierphysiotherapeutin|
B 81712-90000|Masseur und medizinischer Bademeister/Masseurin und medizinische Bademeisterin|
B 81713-90100|Physiotherapeut/Physiotherapeutin (Ausbildung)|
B 81723-90000|Ergotherapeut/Ergotherapeutin (Ausbildung)|
B 81733-90000|Logopäde/Logopädin (Ausbildung)|
B 81733-90200|Staatlich geprüfter Atem-, Sprech- und Stimmlehrer/Staatlich geprüfte Atem-, Sprech- und Stimmlehrerin|
B 81743-90000|Musiktherapeut/Musiktherapeutin (Ausbildung)|
B 81743-90100|Kunsttherapeut/Kunsttherapeutin (Ausbildung)|
B 81752-90000|Heilpraktiker/Heilpraktikerin|
B 81752-90200|Heilpraktiker/Heilpraktikerin für Psychotherapie|
B 81762-90000|Diätassistent/Diätassistentin|
B 81772-90100|Staatlich geprüfter Podologe/Staatlich geprüfte Podologin|
B 81822-90000|Pharmazeutisch-technischer Assistent/Pharmazeutisch-technische Assistentin|
B 82101-90000|Altenpflegehelfer/Altenpflegehelferin|
B 82222-90000|Assistent/Assistentin für Gesundheitstourismus/-prophylaxe|
B 82222-90100|Fachkraft - Beauty und Wellness|
B 82223-90200|Wellnessmanager/Wellnessmanagerin|
B 82312-90000|Friseur/Friseurin|
B 82312-90300|Fachpraktiker/Fachpraktikerin für Friseur (§66 BBiG/§42r HwO)|
B 82322-90000|Kosmetiker/Kosmetikerin (schulische Ausbildung)|
B 82322-90400|Kosmetiker/Kosmetikerin (duale Ausbildung)|
B 82342-90100|Maskenbildner/Maskenbildnerin|
B 82402-90100|Bestattungsfachkraft (Ausbildung)|
B 82502-90000|Technischer Assistent/Technische Assistentin für medizinische Gerätetechnik|
B 82512-90300|Orthopädietechnik-Mechaniker/Orthopädietechnik-Mechanikerin|
B 82512-90400|Fachpraktiker/Fachpraktikerin für Orthopädietechnik (§66 BBiG/§42r HwO)|
D 61283-93300|Geprüfter Fachwirt im E-Commerce/Geprüfte Fachwirtin im E-Commerce (Weiterbildung)|
D 61313-90300|Geprüfter Immobilienfachwirt/Geprüfte Immobilienfachwirtin|
D 61313-90900|Immobiliensachverständiger/Immobiliensachverständige|
D 61313-91100|Betriebswirt/Betriebswirtin (Fachschule) für Immobilien/Bachelor Professional in Wirtschaft|
D 61323-90000|Fachmann für Gebäudebewirtschaftung/Fachfrau für Gebäudebewirtschaftung|
D 61323-90200|Fachwirt/Fachwirtin für Facility-Management|
D 62103-90600|Geprüfter Fachwirt für Vertrieb im Einzelhandel/Geprüfte Fachwirtin für Vertrieb im Einzelhandel (Weiterbildung)|
D 62194-90100|Geprüfter Verkaufsleiter/Geprüfte Verkaufsleiterin im Lebensmittelhandwerk|
D 62252-90100|Staatlich geprüfter Einrichtungsfachberater/Staatlich geprüfte Einrichtungsfachberaterin/Bachelor Professional in Wirtschaft|
D 62262-90100|Geprüfter Kundenberater/Geprüfte Kundenberaterin im Gartenbau|
D 62272-90200|Geprüfter Automobil-Serviceberater/Geprüfte Automobil-Serviceberaterin|
D 62513-90000|Bachelor Professional Buchhandelsfachwirt/Bachelor Professional Buchhandelsfachwirtin|
D 63113-90000|Geprüfter Tourismusfachwirt/Geprüfte Tourismusfachwirtin|
D 63113-90500|Betriebswirt/Betriebswirtin (Fachschule) für Touristik/Reiseverkehr/Bachelor Professional in Wirtschaft|
D 63123-90000|Geprüfter Sportfachwirt/Geprüfte Sportfachwirtin|
D 63123-90100|Fitnessfachwirt/Fitnessfachwirtin|
D 63123-93300|Fachwirt/Fachwirtin für Tanzschulen|
D 63213-90600|Betriebswirt/Betriebswirtin (Fachschule) für Hotel-, Gaststättengewerbe/Bachelor Professional in Wirtschaft|
D 63293-90000|Geprüfter Hotelmeister/Geprüfte Hotelmeisterin|
D 63294-90000|Staatlich geprüfter Betriebsleiter/Staatlich geprüfte Betriebsleiterin Fachrichtung Hotel und Gaststätten/Bachelor Professional in Hauswirtschaft|
D 63313-90000|Betriebswirt/Betriebswirtin (Fachschule) für Catering/Verpflegungsmanagement/Bachelor Professional in Wirtschaft|
D 63313-90200|Fachwirt im Gastgewerbe/Fachwirtin im Gastgewerbe|
D 63322-90100|Barmixer, Barkeeper/Barmixerin, Barkeeperin|
D 63383-90200|Geprüfter Berufsspezialist Sommelier/Geprüfte Berufsspezialistin Sommelière|
D 63393-90000|Geprüfter Restaurantmeister/Geprüfte Restaurantmeisterin|
D 63393-90100|Geprüfter Barmeister/Geprüfte Barmeisterin|
D 63394-90000|Staatlich geprüfter Gastronom/Staatlich geprüfte Gastronomin/Bachelor Professional in Wirtschaft|
D 63403-90400|Geprüfter Veranstaltungsfachwirt/Geprüfte Veranstaltungsfachwirtin|
D 63403-90600|Betriebswirt/Betriebswirtin (Fachschule) für Event-Management/Bachelor Professional in Wirtschaft|
D 71303-61400|Geprüfter Berufsspezialist für Industrielle Transformation (kaufmännisch)/Geprüfte Berufsspezialistin für Industrielle Transformation (kaufmännisch)|
D 71303-74100|Geprüfter Fachmann/Geprüfte Fachfrau für kaufmännische Betriebsführung nach der Handwerksordnung|
D 71303-90000|Geprüfter Betriebswirt/Geprüfte Betriebswirtin nach der Handwerksordnung|
D 71303-90200|Betriebswirt/Betriebswirtin (Fachschule) für Unternehmensführung/Bachelor Professional in Wirtschaft|
HC 71514-90600|Personalmanagement, -dienstleistung (weiterführend)|
HC 71514-95100|Bildungsmanagement (weiterführend)|
HC 71524-91500|Arbeitsmarktorientierte Beratung (weiterführend)|
HC 72124-90600|Bank, Finanzdienstleistungen (weiterführend)|
HC 72134-90200|Versicherungsbetriebswirtschaft (weiterführend)|
HC 72144-90100|Risikomanagement (weiterführend)|
HC 72214-90200|Finanz- und Rechnungswesen, Controlling (weiterführend)|
HC 72304-90400|Steuern, Prüfungswesen (weiterführend)|
HC 73104-90700|Rechtswissenschaft (weiterführend)|
HC 73184-92200|Öffentliches Recht (weiterführend)|
HC 73184-92300|Wirtschaftsrecht (weiterführend)|
HC 73204-91600|Staats-, Verwaltungswissenschaft (weiterführend)|
HC 73204-91700|Verwaltungsmanagement, Public Management (weiterführend)|
HC 73224-90500|Sozialmanagement (weiterführend)|
HC 73314-90400|Archivwissenschaft (weiterführend)|
HC 73324-90900|Bibliotheks-, Informationswissenschaft (weiterführend)|
HC 73324-91000|Buchwissenschaft (weiterführend)|
HC 81333-90800|Medizinische Assistenz (weiterführend)|
HC 81353-90500|Hebammenkunde (weiterführend)|
HC 81394-90700|Pflegemanagement, -wissenschaft (weiterführend)|
HC 81404-90500|Humanmedizin (weiterführend)|
HC 81474-90500|Zahnmedizin (weiterführend)|
HC 81504-90400|Tiermedizin (weiterführend)|
HC 81614-90800|Kognitionswissenschaft (weiterführend)|
HC 81614-91000|Kommunikationspsychologie (weiterführend)|
HC 81614-91200|Pädagogische Psychologie (weiterführend)|
HC 81614-91300|Sportpsychologie (weiterführend)|
HC 81614-91500|Wirtschaftspsychologie (weiterführend)|
HC 81624-90900|Gesundheits-, Rehabilitationspsychologie (weiterführend)|
HC 81624-91000|Klinische Psychologie (weiterführend)|
HC 81624-91100|Psychologie (weiterführend)|
HC 81634-90500|Psychosoziale Beratung und Therapie (weiterführend)|
HC 81634-91800|Psychotherapie (weiterführend)|
HC 81714-90500|Physiotherapie (weiterführend)|
HC 81724-91200|Motologie (weiterführend)|
HC 81734-91000|Logopädie, Sprachtherapie (weiterführend)|
HC 81744-90500|Kunsttherapie (weiterführend)|
HC 81744-90600|Musiktherapie (weiterführend)|
HC 81753-90200|Komplementärmedizin (weiterführend)|
HC 81784-90100|Gesundheitssport (weiterführend)|
HC 81784-91500|Tanz- und Bewegungstherapie (weiterführend)|
HC 81784-92200|Therapiewissenschaft (weiterführend)|
HC 81804-90400|Pharmazie (weiterführend)|
HC 81884-90300|Klinische Forschung, Arzneimittelerprobung, -zulassung (weiterführend)|
HC 82214-91600|Gesundheitsförderung, -pädagogik (weiterführend)|
HC 82214-91700|Gesundheitsmanagement, -ökonomie (weiterführend)|
HC 82214-91800|Gesundheitswissenschaft, Public Health (weiterführend)|
HC 82284-91200|Ernährungswissenschaft, Ökotrophologie (weiterführend)|
HC 82343-90500|Maskenbild (weiterführend)|
HC 82504-90900|Medizinische Technik (weiterführend)|
HC 82514-90400|Orthopädie-, Rehatechnik (weiterführend)|
HC 82524-90300|Augenoptik, Optometrie (weiterführend)|
HC 82534-90200|Hörtechnik, Audiologie (weiterführend)|
HC 83124-91600|Soziale Arbeit (weiterführend)|
HC 83134-91100|Heilpädagogik (weiterführend)|
HC 83134-91200|Rehabilitations-, Sonderpädagogik (weiterführend)|
HC 83314-91400|Theologie - Evangelische Theologie (weiterführend)|
HC 83314-91600|Theologie - Freikirchen (weiterführend)|
HC 83314-91800|Theologie - Islamische Theologie (weiterführend)|
HC 83314-91900|Theologie - Jüdische Theologie (weiterführend)|
B 82522-90000|Augenoptiker/Augenoptikerin|
B 82532-90100|Hörakustiker/Hörakustikerin|
B 82542-90000|Zahntechniker/Zahntechnikerin|
B 83112-90600|Sozialpädagogischer Assistent/Kinderpfleger / Sozialpädagogische Assistentin/Kinderpflegerin|
B 83113-90000|Staatlich anerkannter Erzieher/Staatlich anerkannte Erzieherin|
B 83113-90100|Erzieher/Erzieherin Fachrichtung Jugend- und Heimerziehung|
B 83113-90500|Kinderdorfmutter/Kinderdorfvater|
B 83131-90300|Staatlich anerkannter Heilerziehungspflegeassistent/Staatlich anerkannte Heilerziehungspflegeassistentin|
B 83133-94500|Staatlich anerkannter Heilerziehungspfleger/Staatlich anerkannte Heilerziehungspflegerin|
B 83141-90000|Betreuungskraft / Alltagsbegleiter/Alltagsbegleiterin|
B 83142-90000|Sozialassistent/Sozialassistentin|
B 83143-90100|Staatlich anerkannter Haus- und Familienpfleger/Staatlich anerkannte Haus- und Familienpflegerin|
B 83212-91100|Staatlich geprüfter Assistent für Ernährung und Versorgung/Staatlich geprüfte Assistentin für Ernährung und Versorgung|
B 83212-91200|Fachpraktiker/Fachpraktikerin Service in sozialen Einrichtungen (§66 BBiG/§42r HwO)|
B 83212-91300|Hauswirtschafter/Hauswirtschafterin|
B 83212-91400|Fachpraktiker/Fachpraktikerin Hauswirtschaft und personenorientierte Serviceleistungen (§66 BBiG/§42r HwO)|
B 83322-90000|Gemeindehelfer/Gemeindediakon / Gemeindehelferin/Gemeindediakonin|
B 84124-91100|Lehrer/Lehrerin an Waldorfschulen (Ausbildung)|
B 84134-90300|Förderlehrer/Förderlehrerin|
B 84214-90100|Fachlehrer/Fachlehrerin (staatlich geprüft) für musisch-technische Fächer|
B 84483-90000|Eurythmielehrer/Eurythmielehrerin|
B 84523-90000|Fluglehrer/Fluglehrerin|
B 84533-90000|Tanzlehrer/Tanzlehrerin|
B 84533-90500|Tanzpädagoge/Tanzpädagogin|
B 84543-90000|Staatlich geprüfter Tennislehrer/Staatlich geprüfte Tennislehrerin|
B 84543-90100|Fußballtrainer/Fußballtrainerin (staatlich geprüft)|
B 84553-90000|Staatlich geprüfter Gymnastiklehrer/Staatlich geprüfte Gymnastiklehrerin|
B 84553-90100|Yogalehrer/Yogalehrerin|
B 84553-90200|Lehrer/Lehrerin der Alexander-Technik|
B 84553-90300|Aerobic-Trainer/Aerobic-Trainerin|
B 84553-90500|Fitnesstrainer/Fitnesstrainerin|
B 84553-90600|Tai-Chi-Chuan- und Qigong-Lehrer/Tai-Chi-Chuan- und Qigong-Lehrerin|
B 84553-90700|Pilateslehrer/Pilateslehrerin|
B 84583-90100|Segellehrer/Segellehrerin|
B 84583-90200|Surflehrer/Surflehrerin|
B 84583-90300|Skilehrer/Skilehrerin|
B 84583-90400|Sporttauchlehrer/Sporttauchlehrerin|
B 84583-90500|Snowboardlehrer/Snowboardlehrerin|
B 84583-90700|Fechtlehrer/Fechtlehrerin|
B 84583-90800|Golflehrer/Golflehrerin|
B 84583-91100|Reitlehrer/Reitlehrerin|
B 84583-91700|Judolehrer/Judolehrerin|
B 91342-90100|Fachangestellter/Fachangestellte für Markt- und Sozialforschung|
B 92112-90700|Kaufmann/Kauffrau für Marketingkommunikation|
B 92122-90200|Callcenteragent/Callcenteragentin|
B 92122-90300|Servicefachkraft für Dialogmarketing|
B 92122-90400|Kaufmann/Kauffrau für Dialogmarketing|
B 92122-90500|Fachpraktiker/Fachpraktikerin für Dialogmarketing (§66 BBiG/§42r HwO)|
B 92203-90100|Public-Relations-Manager/Public-Relations-Managerin (Ausbildung)|
B 92302-90300|Staatlich geprüfter kaufmännischer Medienassistent/Staatlich geprüfte kaufmännische Medienassistentin|
B 92302-90400|Kaufmann/Kauffrau für audiovisuelle Medien|
B 92302-90500|Staatlich geprüfter Assistent/Staatlich geprüfte Assistentin für Medientechnik|
B 92302-91000|Medienkaufmann/Medienkauffrau Digital und Print|
B 92413-90200|Redakteur/Redakteurin|
B 92413-95200|Video-Journalist/Video-Journalistin|
B 92414-90900|Journalist/Journalistin (Ausbildung)|
B 92434-90200|Drehbuchautor/Drehbuchautorin|
B 93102-90000|Staatlich geprüfter Assistent/Staatlich geprüfte Assistentin für Produktdesign|
B 93212-90000|Staatlich geprüfter Assistent/Staatlich geprüfte Assistentin für Innenarchitektur|
B 93222-90100|Gestalter/Gestalterin für visuelles Marketing|
B 93232-90000|Raumausstatter/Raumausstatterin|
B 93232-90100|Raumausstatterwerker/Raumausstatterwerkerin (§66 BBiG/§42r HwO)|
B 93312-90000|Steinmetz und Steinbildhauer/Steinmetzin und Steinbildhauerin Fachrichtung Steinbildhauerarbeiten|
D 71303-90300|Geprüfter Industriefachwirt/Geprüfte Industriefachwirtin|
D 71303-90500|Geprüfter Technischer Betriebswirt (Weiterbildung)/Geprüfte Technische Betriebswirtin (Weiterbildung)|
D 71303-90900|Betriebswirt/Betriebswirtin (Fachschule) für Produktionswirtschaft/Bachelor Professional in Wirtschaft|
D 71303-91000|Geprüfter Technischer Fachwirt/Geprüfte Technische Fachwirtin|
D 71303-91100|Praktischer Betriebswirt/Praktische Betriebswirtin|
D 71303-91200|Betriebswirt/Betriebswirtin (Fachschule) für allgemeine Betriebswirtschaft/Bachelor Professional in Wirtschaft|
D 71303-92600|Geprüfter Kaufmännischer Fachwirt/Geprüfte Kaufmännische Fachwirtin nach der Handwerksordnung - Bachelor Professional für Kaufmännisches Management nach der Handwerksordnung|
D 71303-92900|Geprüfter Betriebswirt/Geprüfte Betriebswirtin nach dem Berufsbildungsgesetz - Master Professional in Business Management nach dem Berufsbildungsgesetz|
D 71303-93700|Geprüfter Wirtschaftsfachwirt/Geprüfte Wirtschaftsfachwirtin|
D 71333-90100|Wirtschaftsförderer/Wirtschaftsförderin (Weiterbildung)|
D 71383-92000|Betriebswirt/Betriebswirtin (Fachschule) für Recht/Bachelor Professional in Wirtschaft|
D 71383-96300|KI-Manager/KI-Managerin|
D 71383-98500|Geprüfter Berufsspezialist für Künstliche Intelligenz und Maschinelles Lernen/Geprüfte Berufsspezialistin für Künstliche Intelligenz und Maschinelles Lernen|
D 71383-98600|Bachelor Professional in Künstlicher Intelligenz und Maschinellem Lernen|
D 71393-90000|Internationaler Meister/Internationale Meisterin|
D 71402-91800|PC-Fachkraft mit kaufmännischer Orientierung|
D 71403-90200|Betriebswirt/Betriebswirtin (Fachschule) für Kommunikation und Büromanagement/Bachelor Professional in Wirtschaft|
D 71403-90800|Staatlich geprüfter Fachmann/Staatlich geprüfte Fachfrau für Bürokommunikation|
D 71403-91200|Sekretär/Sekretärin|
D 71403-92000|Geprüfter Fachwirt/Geprüfte Fachwirtin für Büro- und Projektorganisation|
D 71413-91100|Geprüfter Berufsspezialist für fremdsprachige Kommunikation/Geprüfte Berufsspezialistin für fremdsprachige Kommunikation|
D 71424-91300|Übersetzer/Übersetzerin (Weiterbildung)|
D 71493-90100|Büroleiter/Büroleiterin im Handwerk|
D 71513-90100|Geprüfter Personalfachkaufmann/Geprüfte Personalfachkauffrau|
D 71513-90500|Betriebswirt/Betriebswirtin (Fachschule) für Personalwirtschaft/Bachelor Professional in Wirtschaft|
D 71513-92400|Personalreferent/Personalreferentin|
D 71523-90200|Geprüfter Personaldienstleistungsfachwirt/Geprüfte Personaldienstleistungsfachwirtin|
D 72113-90000|Betriebswirt/Betriebswirtin (Fachschule) - Bank|
D 72113-90100|Geprüfter Bankfachwirt/Geprüfte Bankfachwirtin|
D 72123-90100|Geprüfter Fachwirt für Finanzberatung/Geprüfte Fachwirtin für Finanzberatung|
D 72123-90400|Geprüfter Fachberater/Geprüfte Fachberaterin für Finanzdienstleistungen|
D 72123-90500|Betriebswirt/Betriebswirtin (Fachschule) für Finanzen und Investment/Bachelor Professional in Wirtschaft|
D 72132-90500|Geprüfter Fachmann für Versicherungsvermittlung/Geprüfte Fachfrau für Versicherungsvermittlung|
D 72133-93000|Bachelor Professional in Versicherungen und Finanzanlagen|
D 72183-90200|Finanzierungs- und Leasingwirt/Finanzierungs- und Leasingwirtin|
D 72213-90000|Betriebswirt/Betriebswirtin (Fachschule) für Rechnungswesen/Bachelor Professional in Wirtschaft|
D 72213-90100|Buchhalter/Buchhalterin|
D 72213-90200|Geprüfter Bilanzbuchhalter/Geprüfte Bilanzbuchhalterin - Bachelor Professional in Bilanzbuchhaltung|
D 72213-90300|Bachelor Professional in Landwirtschaftlichem Rechnungswesen und Steuern|
D 72213-90700|Assistent/Assistentin / Fachkraft für Rechnungswesen|
D 72213-90900|Finanzbuchhalter/Finanzbuchhalterin|
D 72213-93000|Fachassistent/Fachassistentin Lohn und Gehalt|
D 72213-93200|Fachassistent/Fachassistentin Rechnungswesen und Controlling|
D 72213-93500|Fachassistent/Fachassistentin Land- und Forstwirtschaft|
D 72213-93600|Fachassistent/Fachassistentin Digitalisierung und IT-Prozesse|
HC 83314-92100|Theologie - Katholische Theologie (weiterführend)|
HC 84114-90300|Lehramt an Grundschulen (weiterführend)|
HC 84124-91600|Lehramt an Gymnasien (weiterführend)|
HC 84124-92300|Waldorfpädagogik (weiterführend)|
HC 84124-99000|Lehramt für Schularten der Sekundarstufe I (weiterführend)|
HC 84134-90700|Lehramt an Förderschulen/für Sonderpädagogik (weiterführend)|
HC 84214-92400|Lehramt an berufsbildenden/beruflichen Schulen/Berufskollegs (weiterführend)|
HC 84214-92500|Medizin-, Pflegepädagogik (weiterführend)|
HC 84214-92600|Wirtschaftspädagogik (weiterführend)|
HC 84214-97900|Ingenieurpädagogik (weiterführend)|
HC 84224-90400|Berufspädagogik (weiterführend)|
HC 84414-90700|Musikpädagogik (weiterführend)|
HC 84424-90600|Religionspädagogik, Gemeindearbeit - Evangelische Gemeinden (weiterführend)|
HC 84424-93000|Religionspädagogik, Gemeindearbeit - Freikirchliche Gemeinden (weiterführend)|
HC 84434-90600|Kunstpädagogik (weiterführend)|
HC 84434-90800|Theaterpädagogik (weiterführend)|
HC 84454-90600|Deutsch als Zweit-/Fremdsprache (weiterführend)|
HC 84454-90800|Fremdsprachendidaktik (weiterführend)|
HC 84484-90100|Eurythmie (weiterführend)|
HC 84504-90700|Sportwissenschaft (weiterführend)|
HC 91104-91200|Allgemeine und vergleichende Literaturwissenschaft (weiterführend)|
HC 91104-91400|Allgemeine und vergleichende Sprachwissenschaft (weiterführend)|
HC 91114-90700|Germanistik (weiterführend)|
HC 91124-90900|Anglistik, Amerikanistik (weiterführend)|
HC 91134-91600|Romanistik - Französisch (weiterführend)|
HC 91134-91800|Romanistik - Italienisch (weiterführend)|
HC 91134-92000|Romanistik - Portugiesisch (weiterführend)|
HC 91134-92200|Romanistik - Spanisch (weiterführend)|
HC 91134-92400|Romanistik (weiterführend)|
HC 91144-92800|Finnougristik (weiterführend)|
HC 91144-93000|Slawistik - Ostslawistik (weiterführend)|
HC 91144-93300|Slawistik - Westslawistik (weiterführend)|
HC 91144-93500|Slawistik (weiterführend)|
HC 91154-91900|Arabistik (weiterführend)|
HC 91154-92100|Iranistik (weiterführend)|
HC 91154-92300|Islamwissenschaft (weiterführend)|
HC 91154-92500|Jüdische Studien, Judaistik (weiterführend)|
HC 91154-92700|Nah- und Mitteloststudien (weiterführend)|
HC 91154-92900|Semitistik (weiterführend)|
HC 91154-93100|Turkologie (weiterführend)|
HC 91164-92500|Indologie (weiterführend)|
HC 91164-92700|Japanologie (weiterführend)|
HC 91164-92800|Kaukasiologie (weiterführend)|
HC 91164-93000|Koreanistik (weiterführend)|
HC 91164-93200|Sinologie (weiterführend)|
HC 91174-90900|Klassische Philologie - Gräzistik (weiterführend)|
HC 91174-91100|Klassische Philologie - Latinistik (weiterführend)|
HC 91174-91300|Neogräzistik (weiterführend)|
HC 91184-81700|Rhetorik, Sprechwissenschaft (weiterführend)|
HC 91184-91600|Afrikanistik (weiterführend)|
HC 91184-91800|Computerlinguistik (weiterführend)|
HC 91184-92100|Niederlandistik (weiterführend)|
HC 91184-92300|Skandinavistik (weiterführend)|
HC 91184-98800|Digitale Geisteswissenschaften/Computerphilologie (weiterführend)|
HC 91214-90800|Philosophie, Ethik (weiterführend)|
HC 91214-91000|Religionswissenschaft (weiterführend)|
HC 91224-91500|Ägyptologie (weiterführend)|
HC 91224-91800|Geschichte (weiterführend)|
HC 91224-91900|Keltologie (weiterführend)|
HC 91224-92000|Mediävistik (weiterführend)|
HC 91234-90700|Altertumswissenschaften (weiterführend)|
B 93312-90100|Holzbildhauer/Holzbildhauerin|
B 93312-90200|Bildhauer/Bildhauerin|
B 93323-90000|Kunstmaler/Kunstmalerin|
B 93332-90000|Drechsler (Elfenbeinschnitzer)/Drechslerin (Elfenbeinschnitzerin) Fachrichtung Drechseln|
B 93332-90100|Drechsler (Elfenbeinschnitzer)/Drechslerin (Elfenbeinschnitzerin) Fachrichtung Elfenbeinschnitzen|
B 93332-90200|Holzspielzeugmacher/Holzspielzeugmacherin|
B 93332-90300|Spielzeughersteller/Spielzeugherstellerin|
B 93342-90000|Vergolder/Vergolderin|
B 93352-90300|Kerzenhersteller und Wachsbildner/Kerzenherstellerin und Wachsbildnerin|
B 93412-90700|Keramiker/Keramikerin|
B 93422-90200|Glas- und Porzellanmaler/Glas- und Porzellanmalerin|
B 93422-90400|Manufakturporzellanmaler/Manufakturporzellanmalerin|
B 93422-91700|Industriekeramiker/Industriekeramikerin Dekorationstechnik|
B 93432-90000|Glasbläser/Glasbläserin Fachrichtung Glasgestaltung|
B 93432-90100|Glasbläser/Glasbläserin Fachrichtung Christbaumschmuck|
B 93432-90200|Glasbläser/Glasbläserin Fachrichtung Kunstaugen|
B 93512-90900|Metallbildner/Metallbildnerin Fachrichtung Gürtlertechnik|
B 93512-91000|Metallbildner/Metallbildnerin Fachrichtung Metalldrücktechnik|
B 93522-90400|Schmuckwerker/Schmuckwerkerin (§66 BBiG/§42r HwO)|
B 93522-91000|Edelsteinfasser/Edelsteinfasserin|
B 93522-91700|Staatlich geprüfter Designer/Staatlich geprüfte Designerin - angewandte Formgebung, Schmuck und Gerät|
B 93522-92600|Edelsteinschleifer/Edelsteinschleiferin Fachrichtung Edelsteingravieren|
B 93522-92800|Edelsteinschleifer/Edelsteinschleiferin Fachrichtung Edelsteinschleifen|
B 93522-92900|Edelsteinschleifer/Edelsteinschleiferin Fachrichtung Industriediamantschleifen|
B 93522-93000|Edelsteinschleifer/Edelsteinschleiferin Fachrichtung Schmuckdiamantschleifen|
B 93522-93200|Gold- und Silberschmied/Gold- und Silberschmiedin Fachrichtung Goldschmieden|
B 93522-93300|Gold- und Silberschmied/Gold- und Silberschmiedin Fachrichtung Silberschmieden|
B 93532-90100|Metallbildner/Metallbildnerin Fachrichtung Ziseliertechnik|
B 93532-90500|Graveur/Graveurin|
B 93542-90100|Schilder- und Lichtreklamehersteller/Schilder- und Lichtreklameherstellerin|
B 93612-90000|Geigenbauer/Geigenbauerin|
B 93612-90100|Bogenmacher/Bogenmacherin|
B 93612-90700|Zupfinstrumentenmacher/Zupfinstrumentenmacherin Fachrichtung Gitarrenbau|
B 93612-90800|Zupfinstrumentenmacher/Zupfinstrumentenmacherin Fachrichtung Harfenbau|
B 93622-90000|Holzblasinstrumentenmacher/Holzblasinstrumentenmacherin|
B 93632-90000|Metallblasinstrumentenmacher/Metallblasinstrumentenmacherin|
B 93642-90100|Klavier- und Cembalobauer/Klavier- und Cembalobauerin Fachrichtung Cembalobau|
B 93642-90200|Klavier- und Cembalobauer/Klavier- und Cembalobauerin Fachrichtung Klavierbau|
B 93652-90500|Orgelbauer/Orgelbauerin Fachrichtung Orgelbau|
B 93652-90600|Orgelbauer/Orgelbauerin Fachrichtung Pfeifenbau|
B 93682-90000|Handzuginstrumentenmacher/Handzuginstrumentenmacherin|
B 94114-90000|Musiker/Musikerin - Kirchenmusik (Ausbildung)|
B 94114-90200|Musiker/Musikerin - Pop/Rock/Jazz (Ausbildung)|
B 94124-90000|Sänger/Sängerin (Ausbildung)|
B 94134-90000|Staatlich geprüfter Ensembleleiter/Staatlich geprüfte Ensembleleiterin|
B 94183-90000|Audiodesigner/Audiodesignerin - Musik (Ausbildung)|
B 94214-90000|Schauspieler/Schauspielerin (Ausbildung)|
B 94224-90000|Bühnentänzer/Bühnentänzerin (Ausbildung)|
B 94283-90200|Artist/Artistin|
B 94313-90000|Clown/Clownin|
B 94334-90400|Moderator/Moderatorin (Funk, Fernsehen)|
B 94342-90000|Croupier/Croupière|
B 94403-90000|Filmproduzent/Filmproduzentin|
B 94404-90400|Dramaturg/Dramaturgin (Ausbildung)|
B 94414-90600|Theater-Regisseur/Spielleiter / Theater-Regisseurin/Spielleiterin (Ausbildung)|
B 94512-90200|Fachkraft für Veranstaltungstechnik|
B 94523-90000|Kameramann/Kamerafrau (Ausbildung)|
B 94532-90000|Audio-Engineer|
B 94532-90100|Mediengestalter/Mediengestalterin - Bild und Ton|
B 94582-90000|Pyrotechniker/Pyrotechnikerin|
B 94612-90000|Bühnenmaler und Bühnenplastiker/Bühnenmalerin und Bühnenplastikerin Fachrichtung Malerei|
D 72233-90100|Betriebswirt/Betriebswirtin (Fachschule) für Controlling/Bachelor Professional in Wirtschaft|
D 72234-90000|Geprüfter Controller/Geprüfte Controllerin|
D 72244-90000|Wirtschaftsprüfer/Wirtschaftsprüferin|
D 72303-90000|Geprüfter Steuerfachwirt/Geprüfte Steuerfachwirtin|
D 72303-90200|Betriebswirt/Betriebswirtin (Fachschule) für Steuern/Bachelor Professional in Wirtschaft|
D 72304-90000|Steuerberater/Steuerberaterin|
D 73113-90100|Notarfachwirt/Notarfachwirtin|
D 73113-90200|Geprüfter Rechtsfachwirt/Geprüfte Rechtsfachwirtin|
D 73113-90400|Inspektor/Inspektorin im Notardienst|
D 73113-90700|Bachelor Professional im Notariat|
D 73113-90800|Geprüfter Berufsspezialist für das Notariat/Geprüfte Berufsspezialistin für das Notariat|
D 73134-90100|Fachanwalt/Fachanwältin|
D 73203-90300|Betriebswirt/Betriebswirtin (Fachschule) für Verwaltung|
D 73203-90400|Verwaltungsfachwirt/Verwaltungsfachwirtin|
D 73213-90800|Geprüfter Berufsspezialist in der gesetzlichen Krankenversicherung/Geprüfte Berufsspezialistin in der gesetzlichen Krankenversicherung|
D 73213-92300|Geprüfter Sozialversicherungsfachwirt/Geprüfte Sozialversicherungsfachwirtin Fachrichtung gesetzliche Renten- und knappschaftliche Sozialversicherung|
D 73223-90100|Betriebswirt/Betriebswirtin (Fachschule) für Sozialwesen|
D 73223-90400|Staatlich geprüfter Fachwirt/Staatlich geprüfte Fachwirtin für Organisation und Führung Schwerpunkt Sozialpädagogik|
D 73223-91100|Zahnmedizinischer Verwaltungsassistent/Zahnmedizinische Verwaltungsassistentin|
D 73223-91400|Fachwirt/Fachwirtin für Zahnärztliches Praxismanagement|
D 73223-91500|Geprüfter Fachwirt/Geprüfte Fachwirtin im Gesundheits- und Sozialwesen|
D 73223-91700|Betriebswirt/Betriebswirtin (Fachschule) für Management im Gesundheitswesen/Bachelor Professional in Wirtschaft|
D 73333-90100|Fachwirt für Informationsdienste/Fachwirtin für Informationsdienste|
D 81103-90100|Geprüfter Berufsspezialist für ambulante medizinische Versorgung/Geprüfte Berufsspezialistin für ambulante medizinische Versorgung|
D 81103-90200|Nicht-ärztlicher Praxisassistent/Nicht-ärztliche Praxisassistentin|
D 81113-90000|Zahnmedizinischer Fachassistent/Zahnmedizinische Fachassistentin|
D 81113-90100|Dentalhygieniker/Dentalhygienikerin/Bachelor Professional in Dentalhygiene|
D 81113-90300|Zahnmedizinischer Prophylaxeassistent/Zahnmedizinische Prophylaxeassistentin|
D 81143-90000|Fachagrarwirt/Fachagrarwirtin - Besamungswesen|
D 81183-90000|Arbeitsmedizinischer Assistent/Arbeitsmedizinische Assistentin|
D 81213-90100|Biomedizinischer Fachanalytiker/Biomedizinische Fachanalytikerin für klinische Chemie und Pathobiochemie|
D 81213-90400|Biomedizinischer Fachanalytiker/Biomedizinische Fachanalytikerin für Hämatologie|
D 81213-90600|Biomedizinischer Fachanalytiker/Biomedizinische Fachanalytikerin für Immunhämatologie und Transfusionsmedizin|
D 81213-90800|Biomedizinischer Fachanalytiker/Biomedizinische Fachanalytikerin für Histologie und Zytopathologie|
D 81213-91000|Biomedizinischer Fachanalytiker/Biomedizinische Fachanalytikerin für medizinische Mikrobiologie, Virologie und Hygiene|
D 81233-90500|Radiologietechnologe/Radiologietechnologin für Radiologische Bildgebung und Intervention|
D 81233-90600|Radiologietechnologe/Radiologietechnologin für Neuroradiologische Bildgebung|
D 81313-90300|Fachkrankenpfleger/Fachkrankenpflegerin für Intensivpflege und Anästhesie|
D 81313-90400|Fachkrankenpfleger/Fachkrankenpflegerin für Nephrologie|
D 81313-90700|Fachkrankenpfleger/Fachkrankenpflegerin für Psychiatrie|
D 81313-90900|Fachkrankenpfleger/Fachkrankenpflegerin für Onkologie|
D 81313-91100|Fachkrankenpfleger/Fachkrankenpflegerin für Rehabilitation und Langzeitpflege|
D 81313-91200|Fachkrankenpfleger/Fachkrankenpflegerin für klinische Geriatrie|
D 81313-91500|Fachkrankenpfleger/Fachkrankenpflegerin im Operations- und Endoskopiedienst|
D 81313-91600|Fachkrankenpfleger/Fachkrankenpflegerin für Palliativ- und Hospizpflege|
D 81313-91700|Fachkrankenpfleger/Fachkrankenpflegerin für Notfallpflege|
HC 91234-90800|Archäologie (weiterführend)|
HC 91244-91500|Kommunikationswissenschaft (weiterführend)|
HC 91244-91700|Medienwissenschaft (weiterführend)|
HC 91244-91900|Theaterwissenschaft (weiterführend)|
HC 91254-92500|Regionalwissenschaft - Afrika (weiterführend)|
HC 91254-92700|Regionalwissenschaft - Asien (weiterführend)|
HC 91254-92900|Regionalwissenschaft - Europa (weiterführend)|
HC 91254-93100|Regionalwissenschaft - Lateinamerika (weiterführend)|
HC 91254-93300|Regionalwissenschaft - Nordamerika (weiterführend)|
HC 91264-94900|Sozial-, Kulturanthropologie (weiterführend)|
HC 91314-91500|Entwicklungsforschung, -politik (weiterführend)|
HC 91314-91600|Friedens-, Konfliktforschung (weiterführend)|
HC 91314-91800|Politikwissenschaft (weiterführend)|
HC 91314-98200|Humanitäre Hilfe (weiterführend)|
HC 91324-91600|Gender Studies (weiterführend)|
HC 91324-91800|Sozialwissenschaften (weiterführend)|
HC 91324-92000|Soziologie (weiterführend)|
HC 91334-75500|Kindheitspädagogik (weiterführend)|
HC 91334-76200|Kulturpädagogik (weiterführend)|
HC 91334-76400|Medienpädagogik (weiterführend)|
HC 91334-91400|Erziehungs-, Bildungswissenschaft (weiterführend)|
HC 91344-90200|Markt-, Kommunikationsforschung (weiterführend)|
HC 91384-91000|Allgemeine und vergleichende Kulturwissenschaft (weiterführend)|
HC 91384-91200|Gerontologie (weiterführend)|
HC 91384-91400|Interkulturelle Studien (weiterführend)|
HC 91384-91500|Kriminologie (weiterführend)|
HC 91384-99900|Interkulturelle Kommunikation (weiterführend)|
HC 91404-91100|Volkswirtschaftslehre (weiterführend)|
HC 91404-91300|Wirtschaftswissenschaften (weiterführend)|
HC 91484-90400|Sozialökonomie (weiterführend)|
HC 92114-90700|Dienstleistungs-, Servicemanagement (weiterführend)|
HC 92114-90800|Marketing, Vertrieb (weiterführend)|
HC 92114-90900|Werbung, Marketingkommunikation (weiterführend)|
HC 92204-90100|Public Relations, Kommunikationsmanagement (weiterführend)|
HC 92304-90600|Editionswissenschaft (weiterführend)|
HC 92304-90700|Medienwirtschaft, -management (weiterführend)|
HC 92414-91100|Journalistik (weiterführend)|
HC 92414-91200|Technische Redaktion (weiterführend)|
HC 93104-90800|Design (weiterführend)|
HC 93104-90900|Produkt-, Industriedesign (weiterführend)|
HC 93214-90300|Innenarchitektur (weiterführend)|
HC 93223-90300|Ausstellungsdesign (weiterführend)|
HC 93304-92000|Bildende Künste (weiterführend)|
HC 93304-95700|Restaurierung (weiterführend)|
HC 93524-90300|Schmuckdesign (weiterführend)|
HC 93604-90200|Musikinstrumentenbau (weiterführend)|
HC 94114-70900|Neue und zeitgenössische Musik (weiterführend)|
HC 94114-92100|Alte Musik (weiterführend)|
HC 94114-92300|Instrumentalmusik (weiterführend)|
HC 94114-92500|Jazz, Popularmusik (weiterführend)|
HC 94114-92700|Kirchenmusik (weiterführend)|
HC 94114-92900|Musikwissenschaft (weiterführend)|
HC 94124-90500|Gesang (weiterführend)|
HC 94134-90500|Dirigieren, Chorleitung (weiterführend)|
HC 94144-90400|Komposition (weiterführend)|
HC 94184-90100|Korrepetition, Liedgestaltung (weiterführend)|
HC 94184-91200|Audio-, Sounddesign (weiterführend)|
HC 94214-91100|Schauspiel (weiterführend)|
HC 94224-90500|Choreografie (weiterführend)|
HC 94224-90700|Musiktheater, Musical (weiterführend)|
HC 94224-90900|Tanz (weiterführend)|
HC 94404-90800|Dramaturgie (weiterführend)|
HC 94414-90900|Regie (weiterführend)|
B 94612-90100|Bühnenmaler und Bühnenplastiker/Bühnenmalerin und Bühnenplastikerin Fachrichtung Plastik|
B 94712-90000|Technischer Assistent/Technische Assistentin für naturkundliche Museen und Forschungsinstitute|
D 11113-90200|Staatlich geprüfter Techniker/Staatlich geprüfte Technikerin Fachrichtung Agrartechnik/Bachelor Professional in Technik|
D 11183-90100|Staatlich geprüfte Fachkraft für EDV-gestützte Unternehmensführung|
D 11183-90800|Fachagrarwirt/Fachagrarwirtin - Erneuerbare Energien/Biomasse|
D 11193-90000|Landwirtschaftsmeister/Landwirtschaftsmeisterin|
D 11193-90100|Betriebswirt/Betriebswirtin (Fachschule) für Agrarbetrieb/Bachelor Professional in Agrarwirtschaft|
D 11193-90200|Staatlich geprüfter Wirtschafter/Staatlich geprüfte Wirtschafterin Fachrichtung Landwirtschaft/Bachelor Professional in Agrarwirtschaft|
D 11193-91500|Agrarservicemeister/Agrarservicemeisterin|
D 11193-91600|Pflanzentechnologiemeister/Pflanzentechnologiemeisterin|
D 11213-90400|Fachagrarwirt/Fachagrarwirtin - Klauenpflege|
D 11213-90500|Geprüfter Klauenpfleger/Geprüfte Klauenpflegerin|
D 11293-90000|Tierwirtschaftsmeister/Tierwirtschaftsmeisterin Fachrichtung Rinderhaltung|
D 11293-90100|Tierwirtschaftsmeister/Tierwirtschaftsmeisterin Fachrichtung Schäferei|
D 11293-90200|Tierwirtschaftsmeister/Tierwirtschaftsmeisterin Fachrichtung Geflügelhaltung|
D 11293-90400|Tierwirtschaftsmeister/Tierwirtschaftsmeisterin Fachrichtung Schweinehaltung|
D 11293-90500|Tierwirtschaftsmeister/Tierwirtschaftsmeisterin Fachrichtung Imkerei|
D 11333-90100|Hufbeschlagschmied/Hufbeschlagschmiedin|
D 11393-91000|Pferdewirtschaftsmeister/Pferdewirtschaftsmeisterin Fachrichtung Pferdehaltung und Service|
D 11393-91100|Pferdewirtschaftsmeister/Pferdewirtschaftsmeisterin Fachrichtung Pferdezucht|
D 11393-91200|Pferdewirtschaftsmeister/Pferdewirtschaftsmeisterin Fachrichtung Klassische Reitausbildung|
D 11393-91300|Pferdewirtschaftsmeister/Pferdewirtschaftsmeisterin Fachrichtung Pferderennen|
D 11393-91400|Pferdewirtschaftsmeister/Pferdewirtschaftsmeisterin Fachrichtung Spezialreitweisen|
D 11493-90000|Fischwirtschaftsmeister/Fischwirtschaftsmeisterin Schwerpunkt Fischhaltung und Fischzucht|
D 11493-90100|Fischwirtschaftsmeister/Fischwirtschaftsmeisterin Schwerpunkt Seen- und Flussfischerei|
D 11493-90200|Fischwirtschaftsmeister/Fischwirtschaftsmeisterin Schwerpunkt Kleine Hochsee- und Küstenfischerei|
D 11593-90000|Geprüfter Tierpflegemeister/Geprüfte Tierpflegemeisterin|
D 11603-90100|Staatlich geprüfter Techniker/Staatlich geprüfte Technikerin Fachrichtung Weinbau und Kellerwirtschaft/Bachelor Professional in Technik|
D 11693-90000|Winzermeister/Winzermeisterin|
D 11693-90100|Staatlich geprüfter Wirtschafter/Staatlich geprüfte Wirtschafterin Fachrichtung Weinbau/Bachelor Professional in Agrarwirtschaft|
D 11713-90100|Staatlich geprüfter Techniker/Staatlich geprüfte Technikerin Fachrichtung Forsttechnik/Bachelor Professional in Technik|
D 11723-90200|Geprüfter Natur- und Landschaftspfleger/Geprüfte Natur- und Landschaftspflegerin|
D 11793-90100|Revierjagdmeister/Revierjagdmeisterin|
D 11793-90200|Forstwirtschaftsmeister/Forstwirtschaftsmeisterin|
D 12103-90600|Staatlich geprüfter Techniker/Staatlich geprüfte Technikerin Fachrichtung Gartenbau (ohne Schwerpunkt)/Bachelor Professional in Technik|
D 12123-90100|Staatlich geprüfter Techniker/Staatlich geprüfte Technikerin Fachrichtung Gartenbau Schwerpunkt Produktion und Vermarktung/Bachelor Professional in Technik|
D 12143-90000|Geprüfter Fachagrarwirt/Geprüfte Fachagrarwirtin Baumpflege/Bachelor Professional Baumpflege|
D 12143-90300|Staatlich geprüfter Techniker/Staatlich geprüfte Technikerin Fachrichtung Gartenbau Schwerpunkt Garten- und Landschaftsbau/Bachelor Professional in Technik|
D 12143-90400|Fachagrarwirt/Fachagrarwirtin - Sport- und Golfplatzpflege|
D 12143-90500|Fachagrarwirt - Head-Greenkeeper/Fachagrarwirtin - Head-Greenkeeperin|
D 12193-90000|Gärtnermeister/Gärtnermeisterin Fachrichtung Garten- und Landschaftsbau|
D 12193-90100|Gärtnermeister/Gärtnermeisterin Fachrichtung Baumschule|
D 12193-90200|Staatlich geprüfter Wirtschafter/Staatlich geprüfte Wirtschafterin Fachrichtung Gartenbau/Bachelor Professional in Agrarwirtschaft|
D 81313-91800|Fachkrankenpfleger/Fachkrankenpflegerin für Intermediate Care|
D 81323-90000|Fachkinderkrankenpfleger/Fachkinderkrankenpflegerin für Onkologie|
D 81323-90100|Fachkinderkrankenpfleger/Fachkinderkrankenpflegerin für Intensivpflege und Anästhesie|
D 81323-90200|Fachkinderkrankenpfleger/Fachkinderkrankenpflegerin für Nephrologie|
D 81323-90300|Fachkinderkrankenpfleger/Fachkinderkrankenpflegerin für Psychiatrie|
D 81323-90700|Fachkinderkrankenpfleger/Fachkinderkrankenpflegerin für Rehabilitation und Langzeitpflege|
D 81323-90800|Fachkinderkrankenpfleger/Fachkinderkrankenpflegerin im Operations- und Endoskopiedienst|
D 81323-90900|Fachkinderkrankenpfleger/Fachkinderkrankenpflegerin für Palliativ- und Hospizpflege|
D 81323-91000|Fachkinderkrankenpfleger/Fachkinderkrankenpflegerin für Intermediate Care|
D 81323-91100|Fachkinderkrankenpfleger/Fachkinderkrankenpflegerin für Notfallpflege|
D 81323-91200|Fachkraft - Frühe Hilfen|
D 81383-90000|Pflegeexperte/Pflegeexpertin für Stoma, Kontinenz und Wunde|
D 81393-90000|Staatlich anerkannter Stationsleiter/Staatlich anerkannte Stationsleiterin in der Krankenpflege/Altenpflege oder Kinderkrankenpflege|
D 81394-90100|Pflegedienstleiter/Pflegedienstleiterin|
D 81623-90000|Psychologisch-technischer Assistent/Psychologisch-technische Assistentin|
D 81634-90000|Kinder- und Jugendlichenpsychotherapeut/Kinder- und Jugendlichenpsychotherapeutin|
D 81634-90100|Psychologischer Psychotherapeut/Psychologische Psychotherapeutin|
D 81634-90400|Psychoanalytiker/Psychoanalytikerin|
D 81634-94500|Fachpsychotherapeut/Fachpsychotherapeutin für Kinder und Jugendliche|
D 81634-94600|Fachpsychotherapeut/Fachpsychotherapeutin für Erwachsene|
D 81634-94700|Fachpsychotherapeut/Fachpsychotherapeutin für Neuropsychologische Psychotherapie|
D 81723-90100|Altentherapeut/Altentherapeutin|
D 81723-90300|Reittherapeut/Reittherapeutin|
D 81723-91400|Hippotherapeut/Hippotherapeutin|
D 81723-91500|Staatlich anerkannter Motopäde/Staatlich anerkannte Motopädin|
D 81783-90000|Heileurythmist/Heileurythmistin|
D 81783-90200|Diabetesberater/Diabetesberaterin|
D 81783-90600|Tanz- und Bewegungstherapeut/Tanz- und Bewegungstherapeutin (Weiterbildung)|
D 81883-90000|Geprüfter Pharmareferent/Geprüfte Pharmareferentin|
D 82183-90100|Fachaltenpfleger/Fachaltenpflegerin für klinische Geriatrie und Rehabilitation|
D 82183-90200|Fachaltenpfleger/Fachaltenpflegerin für Psychiatrie|
D 82183-90500|Fachaltenpfleger/Fachaltenpflegerin für Onkologie|
D 82183-90600|Fachaltenpfleger/Fachaltenpflegerin für Palliativ- und Hospizpflege|
D 82213-82200|Pflegeberater/Pflegeberaterin|
D 82213-90000|Sozialmedizinischer Assistent/Sozialmedizinische Assistentin|
D 82223-90100|Wellnessberater/Wellnessberaterin|
D 82223-90300|Fachwirt/Fachwirtin für Kosmetik und Wellness|
D 82233-90000|Ernährungsberater/Ernährungsberaterin|
D 82243-90000|Qualitätsbeauftragter/Qualitätsbeauftragte im Gesundheits- und Sozialwesen|
D 82243-90100|Pflegesachverständiger/Pflegesachverständige|
D 82322-90700|Nageldesigner/Nageldesignerin|
D 82393-90000|Friseurmeister/Friseurmeisterin/Bachelor Professional im Friseur-Handwerk|
D 82393-90300|Kosmetikermeister/Kosmetikermeisterin/Bachelor Professional im Kosmetiker-Handwerk|
D 82403-90000|Bestattungsfachwirt/Bestattungsfachwirtin|
D 82403-90100|Bestatter/Bestatterin (Weiterbildung)|
D 82493-90100|Bestattermeister/Bestattermeisterin|
D 82503-90100|Staatlich geprüfter Techniker/Staatlich geprüfte Technikerin Fachrichtung Medizintechnik/Bachelor Professional in Technik|
D 82523-90000|Staatlich geprüfter Techniker für Augenoptik/Staatlich geprüfte Technikerin für Augenoptik/Bachelor Professional in Technik|
D 82523-91500|Optometrist/Optometristin|
D 82593-90100|Orthopädietechnikermeister/Orthopädietechnikermeisterin/Bachelor Professional im Orthopädietechniker-Handwerk|
D 82593-90200|Zahntechnikermeister/Zahntechnikermeisterin/Bachelor Professional im Zahntechniker-Handwerk|
D 82593-90300|Augenoptikermeister/Augenoptikermeisterin/Bachelor Professional im Augenoptiker-Handwerk|
HC 94514-90300|Veranstaltungstechnik (weiterführend)|
HC 94534-90700|Ton-, Bildtechnik (weiterführend)|
HC 94534-90900|Film-, Fernsehproduktion (weiterführend)|
HC 94614-90900|Szenografie (weiterführend)|
HC 94614-91600|Bühnenbild (weiterführend)|
HC 94614-91700|Kostümbild (weiterführend)|
HC 94704-91000|Kunstgeschichte (weiterführend)|
HC 94704-91200|Kunstwissenschaft (weiterführend)|
HC 94704-91400|Museologie (weiterführend)|
HC 94714-90300|Denkmalpflege (weiterführend)|
HC 94714-91400|Konservierung (weiterführend)|
D 12193-90300|Gärtnermeister/Gärtnermeisterin Fachrichtung Zierpflanzenbau|
D 12193-90400|Gärtnermeister/Gärtnermeisterin Fachrichtung Staudengärtnerei|
D 12193-90500|Gärtnermeister/Gärtnermeisterin Fachrichtung Obstbau|
D 12193-90600|Gärtnermeister/Gärtnermeisterin Fachrichtung Gemüsebau|
D 12193-90700|Gärtnermeister/Gärtnermeisterin Fachrichtung Friedhofsgärtnerei|
D 12203-90000|Staatlich geprüfter Gestalter/Staatlich geprüfte Gestalterin Fachrichtung Blumenkunst/Bachelor Professional in Gestaltung|
D 12293-90000|Geprüfter Floristmeister/Geprüfte Floristmeisterin|
D 21113-90000|Staatlich geprüfter Techniker/Staatlich geprüfte Technikerin Fachrichtung Bergbautechnik/Bachelor Professional in Technik|
D 21113-90500|Staatlich geprüfter Techniker/Staatlich geprüfte Technikerin Fachrichtung Bohrtechnik/Bachelor Professional in Technik|
D 21123-90100|Sprengberechtigter/Sprengberechtigte|
D 21123-90300|Kampfmittelbeseitiger/Kampfmittelbeseitigerin|
D 21233-90000|Geprüfter Restaurator im Steinmetz- und Steinbildhauerhandwerk/Geprüfte Restauratorin im Steinmetz- und Steinbildhauerhandwerk - Master Professional für Restaurierung im Handwerk|
D 21233-90100|Staatlich geprüfter Techniker/Staatlich geprüfte Technikerin Fachrichtung Steintechnik/Bachelor Professional in Technik|
D 21293-90000|Steinmetz- und Steinbildhauermeister/Steinmetz- und Steinbildhauermeisterin/Bachelor Professional im Steinmetz- und Steinbildhauer-Handwerk|
D 21293-90100|Werkstein- und Terrazzoherstellermeister/Werkstein- und Terrazzoherstellermeisterin/Bachelor Professional im Werkstein- und Terazzohersteller-Handwerk|
D 21293-90200|Industriemeister/Industriemeisterin Fachrichtung Naturwerkstein|
D 21293-90300|Industriemeister/Industriemeisterin Fachrichtung Betonsteinindustrie|
D 21293-91400|Industriemeister/Industriemeisterin Fachrichtung Kalk/Zement|
D 21293-91500|Industriemeister/Industriemeisterin Fachrichtung Aufbereitungs- und Verfahrenstechnik|
D 21313-90100|Staatlich geprüfter Techniker/Staatlich geprüfte Technikerin Fachrichtung Glastechnik Schwerpunkt Glashüttentechnik/Bachelor Professional in Technik|
D 21313-90300|Staatlich geprüfter Techniker/Staatlich geprüfte Technikerin Fachrichtung Glasbautechnik/Bachelor Professional in Technik|
D 21313-90800|Staatlich geprüfter Techniker/Staatlich geprüfte Technikerin Fachrichtung Glastechnik (ohne Schwerpunkt)/Bachelor Professional in Technik|
D 21323-90000|Staatlich geprüfter Techniker/Staatlich geprüfte Technikerin Fachrichtung Glastechnik Schwerpunkt Optik/Bachelor Professional in Technik|
D 21393-90000|Glasbläser- und Glasapparatebauermeister/Glasbläser- und Glasapparatebauermeisterin/Bachelor Professional im Glasbläser- und Glasapparatebauer-Handwerk|
D 21393-90100|Glasveredlermeister/Glasveredlermeisterin/Bachelor Professional im Glasveredler-Handwerk|
D 21393-90200|Feinoptikermeister/Feinoptikermeisterin/Bachelor Professional im Feinoptiker-Handwerk|
D 21393-90300|Industriemeister/Industriemeisterin Fachrichtung Glas|
D 21393-90400|Industriemeister/Industriemeisterin Fachrichtung Optik - Bachelor Professional in Optics|
D 21413-90000|Staatlich geprüfter Techniker/Staatlich geprüfte Technikerin Fachrichtung Keramiktechnik/Bachelor Professional in Technik|
D 21493-90000|Industriemeister/Industriemeisterin Fachrichtung Keramik|
D 22103-90000|Staatlich geprüfter Techniker/Staatlich geprüfte Technikerin Fachrichtung Maschinentechnik Schwerpunkt Kunststoff-/Kautschuktechnik/Bachelor Professional in Technik|
D 22103-90100|Staatlich geprüfter Techniker/Staatlich geprüfte Technikerin Fachrichtung Kunststoff- und Kautschuktechnik/Bachelor Professional in Technik|
D 22193-90000|Mechanikermeister für Reifen- und Vulkanisationstechnik/Mechanikermeister für Reifen- und Vulkanisationstechnikin/Bachelor Professional im Mechaniker-Handwerk für Reifen- und Vulkanisationstechnik|
D 22193-90100|Industriemeister/Industriemeisterin Fachrichtung Kunststoff und Kautschuk|
D 22203-90100|Staatlich geprüfter Techniker/Staatlich geprüfte Technikerin Fachrichtung Farb- und Lacktechnik (ohne Schwerpunkt)/Bachelor Professional in Technik|
D 82593-90400|Hörakustikermeister/Hörakustikermeisterin/Bachelor Professional im Hörakustiker-Handwerk|
D 82593-90800|Industriemeister/Industriemeisterin Fachrichtung Medizintechnik|
D 83124-97400|Psychosozialer Prozessbegleiter/Psychosoziale Prozessbegleiterin|
D 83133-90300|Geprüfte Fachkraft zur Arbeits- und Berufsförderung|
D 83133-93100|Heilerziehungspfleger/Heilerziehungspflegerin für Psychiatrie|
D 83133-94300|Arbeitserzieher/Arbeitserzieherin|
D 83133-94400|Staatlich geprüfte Fachkraft für Blinden- und Sehbehindertenrehabilitation|
D 83134-90000|Staatlich anerkannter Heilpädagoge/Staatlich anerkannte Heilpädagogin/Bachelor Professional in Sozialwesen|
D 83143-90200|Staatlich geprüfter Dorfhelfer/Staatlich geprüfte Dorfhelferin|
D 83143-90400|Staatlich geprüfter Haus- und Familienpfleger/Staatlich geprüfte Haus- und Familienpflegerin/Bachelor Professional in Sozialwesen|
D 83143-90500|Geprüfter Berufsspezialist für Haushaltsführung und Familienbetreuung (Dorfhelfer)/Geprüfte Berufsspezialistin für Haushaltsführung und Familienbetreuung (Dorfhelferin)|
D 83154-90300|Sozialtherapeut/Sozialtherapeutin|
D 83154-91100|Mediator/Mediatorin|
D 83193-90000|Fachwirt/Fachwirtin für Erziehungswesen|
D 83213-90200|Staatlich geprüfter Wirtschafter/Staatlich geprüfte Wirtschafterin Fachrichtung Hauswirtschaft/Bachelor Professional in Agrarwirtschaft|
D 83213-90500|Staatlich geprüfter Techniker/Staatlich geprüfte Technikerin Fachrichtung Ernährungs- und Versorgungsmanagement/Bachelor Professional in Technik|
D 83213-90700|Geprüfter Fachhauswirtschafter/Geprüfte Fachhauswirtschafterin|
D 83213-90900|Fachkraft für landwirtschaftlichen Haushalt|
D 83293-90000|Hauswirtschaftlicher Betriebsleiter/Hauswirtschaftliche Betriebsleiterin/Bachelor Professional in Wirtschaft|
D 83293-90400|Meister/Meisterin der Hauswirtschaft|
D 83323-90000|Gemeindereferent/Gemeindereferentin - katholisch|
D 83323-90100|Diakon/Diakonin (evangelisch)|
D 83323-90200|Diakon (katholisch)|
D 83384-90000|Missionar/Missionarin|
D 84134-90000|Fachlehrer/Fachlehrerin (staatlich geprüft) an Förderschulen|
D 84213-82500|Praxisanleiter/Praxisanleiterin für Notfallsanitäter|
D 84213-89300|Praxisanleiter/Praxisanleiterin für Medizinische Technologen und Technologinnen|
D 84213-90400|Praxisanleiter/Praxisanleiterin - Pflegeberufe|
D 84213-91100|Lehrkraft - Schulen im Gesundheitswesen|
D 84214-90300|Fachlehrer/Fachlehrerin für berufliche/allgemeinbildende Schulen|
D 84223-90000|Ausbilder/Ausbilderin für anerkannte Ausbildungsberufe|
D 84223-90100|Schweißlehrer/Schweißlehrerin|
D 84223-91000|Hufbeschlaglehrschmied/Hufbeschlaglehrschmiedin|
D 84223-91100|Geprüfter Aus- und Weiterbildungspädagoge/Geprüfte Aus- und Weiterbildungspädagogin|
D 84224-90300|Geprüfter Berufspädagoge/Geprüfte Berufspädagogin (Weiterbildung)|
D 84434-90000|Theaterpädagoge/Theaterpädagogin (Weiterbildung)|
D 84483-90100|Ausbilder/Ausbilderin für Erste Hilfe|
D 84503-90100|Berufstrainer/Berufstrainerin im Sport|
D 84513-90000|Fahrlehrer/Fahrlehrerin|
D 91233-90000|Geprüfter Grabungstechniker/Geprüfte Grabungstechnikerin|
D 92113-81700|Fachberater/Fachberaterin für Servicemanagement|
D 92113-92100|Betriebswirt/Betriebswirtin (Fachschule) für Marketingkommunikation/Bachelor Professional in Wirtschaft|
D 92113-92200|Betriebswirt/Betriebswirtin (Fachschule) für Absatz/Marketing/Bachelor Professional in Wirtschaft|
D 92113-97400|Geprüfter Fachwirt für Marketing/Geprüfte Fachwirtin für Marketing - Bachelor Professional in Marketing|
D 92303-95800|Geprüfter Medienfachwirt/Geprüfte Medienfachwirtin - Bachelor Professional in Media|
D 92413-90000|Technischer Redakteur/Technische Redakteurin (Weiterbildung)|
D 93103-90100|Staatlich geprüfter Gestalter/Staatlich geprüfte Gestalterin Fachrichtung Handwerk/Bachelor Professional in Gestaltung|
D 93103-90200|Staatlich geprüfter Gestalter/Staatlich geprüfte Gestalterin Fachrichtung Produktdesign/Bachelor Professional in Gestaltung|
D 93213-90000|Staatlich geprüfter Gestalter/Staatlich geprüfte Gestalterin Fachrichtung Holz/Möbel/Raumgestaltung/Bachelor Professional in Gestaltung|
A 7.NRW-14.4|Ausbildungsvorbereitung, Gesundheit/Erziehung und Soziales (berufliche Grundbildung)|
B 11102-90000|Landwirt/Landwirtin|
B 11102-90100|Fachpraktiker/Fachpraktikerin für Landwirt (§66 BBiG/§42r HWO)|
B 11102-90500|Fachkraft Agrarservice|
B 11132-90100|Staatlich geprüfter Agrarwirtschaftlich-technischer Assistent/Staatlich geprüfte Agrarwirtschaftlich-technische Assistentin|
B 11132-90500|Pflanzentechnologe/Pflanzentechnologin|
B 11212-90000|Tierwirt/Tierwirtin Fachrichtung Rinderhaltung|
B 11212-90100|Tierwirt/Tierwirtin Fachrichtung Schäferei|
B 11212-90200|Tierwirt/Tierwirtin Fachrichtung Schweinehaltung|
B 11222-90000|Tierwirt/Tierwirtin Fachrichtung Geflügelhaltung|
B 11232-90000|Tierwirt/Tierwirtin Fachrichtung Imkerei|
B 11302-90100|Fachpraktiker/Fachpraktikerin für Pferdewirt (§66 BBiG/§42r HwO)|
B 11302-90300|Pferdewirt/Pferdewirtin Fachrichtung Pferdehaltung und Service|
B 11312-90200|Pferdewirt/Pferdewirtin Fachrichtung Pferdezucht|
B 11322-90300|Pferdewirt/Pferdewirtin Fachrichtung Pferderennen|
B 11322-90400|Pferdewirt/Pferdewirtin Fachrichtung Klassische Reitausbildung|
B 11322-90500|Pferdewirt/Pferdewirtin Fachrichtung Spezialreitweisen|
B 11412-90100|Fischwirt/Fischwirtin Fachrichtung Aquakultur und Binnenfischerei|
B 11422-90300|Fischwirt/Fischwirtin Fachrichtung Küstenfischerei und Kleine Hochseefischerei|
B 11522-90000|Tierpfleger/Tierpflegerin Fachrichtung Zoo|
B 11522-90100|Tierpfleger/Tierpflegerin Fachrichtung Tierheim und Tierpension|
B 11522-90200|Fachpraktiker/Fachpraktikerin für Tierpflege (Heim und Pension) (§66BBiG/§42rHwO)|
B 11582-90000|Tierpfleger/Tierpflegerin Fachrichtung Forschung und Klinik|
B 11602-90000|Winzer/Winzerin|
B 11602-90100|Fachpraktiker/Fachpraktikerin für Winzer (§66 BBiG/§42r HwO)|
B 11712-90100|Forstwirt/Forstwirtin|
B 11732-90000|Revierjäger/Revierjägerin|
B 12102-90100|Fachpraktiker/Fachpraktikerin im Gartenbau (§66 BBiG/§42r HwO)|
B 12112-90000|Gärtner/Gärtnerin Fachrichtung Gemüsebau|
B 12112-90100|Gärtner/Gärtnerin Fachrichtung Obstbau|
B 12122-90000|Gärtner/Gärtnerin Fachrichtung Baumschule|
B 12122-90200|Gärtner/Gärtnerin Fachrichtung Staudengärtnerei|
B 12122-90300|Gärtner/Gärtnerin Fachrichtung Zierpflanzenbau|
B 12132-90000|Gärtner/Gärtnerin Fachrichtung Friedhofsgärtnerei|
B 12142-90200|Gärtner/Gärtnerin Fachrichtung Garten- und Landschaftsbau|
B 12202-90000|Florist/Floristin|
B 12202-90300|Fachpraktiker/Fachpraktikerin in der Floristik (§66 BBiG/§42r HwO)|
B 21112-90100|Berg- und Maschinenmann/Berg- und Maschinenfrau Fachrichtung Transport und Instandhaltung|
B 21112-90200|Berg- und Maschinenmann/Berg- und Maschinenfrau Fachrichtung Vortrieb und Gewinnung|
B 21112-91000|Bergbautechnologe/Bergbautechnologin Fachrichtung Tiefbohrtechnik|
B 21112-91200|Bergbautechnologe/Bergbautechnologin Fachrichtung Tiefbautechnik|
B 21212-90000|Aufbereitungsmechaniker/Aufbereitungsmechanikerin Fachrichtung Steinkohle|
B 21212-90100|Aufbereitungsmechaniker/Aufbereitungsmechanikerin Fachrichtung feuerfeste und keramische Rohstoffe|
B 21212-90200|Aufbereitungsmechaniker/Aufbereitungsmechanikerin Fachrichtung Naturstein|
B 21212-90300|Aufbereitungsmechaniker/Aufbereitungsmechanikerin Fachrichtung Sand und Kies|
B 21212-90400|Naturwerksteinmechaniker/Naturwerksteinmechanikerin Fachrichtung Maschinenbearbeitungstechnik|
B 21212-90500|Naturwerksteinmechaniker/Naturwerksteinmechanikerin Fachrichtung Schleiftechnik|
B 21212-90900|Aufbereitungsmechaniker/Aufbereitungsmechanikerin Fachrichtung Braunkohle|
B 21222-90000|Verfahrensmechaniker/Verfahrensmechanikerin in der Steine- und Erdenindustrie Fachrichtung Baustoffe|
B 21222-90100|Verfahrensmechaniker/Verfahrensmechanikerin in der Steine- und Erdenindustrie Fachrichtung Transportbeton|
B 21222-90200|Verfahrensmechaniker/Verfahrensmechanikerin in der Steine- und Erdenindustrie Fachrichtung Gipsplatten oder Faserzement|
D 22203-90500|Staatlich geprüfter Techniker/Staatlich geprüfte Technikerin Fachrichtung Farb- und Lacktechnik Schwerpunkt industrielle Beschichtungstechnik/Bachelor Professional in Technik|
D 22293-90000|Staatlich geprüfter Betriebsmanager/Staatlich geprüfte Betriebsmanagerin Fachrichtung Farbtechnik|
D 22293-90100|Industriemeister/Industriemeisterin Fachrichtung Lack- und Beschichtungstechnik - Bachelor Professional in Lack- und Beschichtungstechnik|
D 22303-90000|Staatlich geprüfter Techniker/Staatlich geprüfte Technikerin Fachrichtung Holztechnik (ohne Schwerpunkt)/Bachelor Professional in Technik|
D 22303-92600|Staatlich geprüfter Techniker/Staatlich geprüfte Technikerin Fachrichtung Holztechnik Schwerpunkt Modell- und Formenbau/Bachelor Professional in Technik|
D 22342-90600|Geprüfter Bildeinrahmer/Geprüfte Bildeinrahmerin|
D 22342-92200|Geprüfter Kundenberater/Geprüfte Kundenberaterin im Tischlerhandwerk|
D 22343-90000|Geprüfter Restaurator im Tischlerhandwerk/Geprüfte Restauratorin im Tischlerhandwerk - Master Professional für Restaurierung im Handwerk|
D 22343-90200|Staatlich geprüfter Techniker/Staatlich geprüfte Technikerin Fachrichtung Holztechnik Schwerpunkt Möbelbau und Raumgestaltung/Bachelor Professional in Technik|
D 22343-90400|Tischler/Tischlerin für Restaurierungsarbeiten|
D 22343-90500|Staatlich geprüfter Restaurator/Staatlich geprüfte Restauratorin für Möbel und Holzobjekte - Bachelor Professional Technik|
D 22393-90000|Bürsten- und Pinselmachermeister/Bürsten- und Pinselmachermeisterin/Bachelor Professional im Bürsten- und Pinselmacher-Handwerk|
D 22393-90100|Korb- und Flechtwerkgestaltermeister/Korb- und Flechtwerkgestaltermeisterin/Bachelor Professional im Korb- und Flechtwerkgestalter-Handwerk|
D 22393-90200|Tischlermeister/Tischlermeisterin/Bachelor Professional im Tischler-Handwerk|
D 22393-90400|Böttchermeister/Böttchermeisterin/Bachelor Professional im Böttcher-Handwerk|
D 22393-90500|Staatlich geprüfter Betriebsmanager/Staatlich geprüfte Betriebsmanagerin Fachrichtung Bau- und Holztechnik|
D 22393-90600|Industriemeister/Industriemeisterin Fachrichtung Holz/Bachelor Professional in Holztechnik|
D 22393-91000|Fachwirt/Fachwirtin für Holzindustrie und Holzhandel|
D 22393-92000|Geprüfter Fertigungsplaner/Geprüfte Fertigungsplanerin im Tischlerhandwerk|
D 22393-92300|Geprüfter Meister/Geprüfte Meisterin für Möbel-, Küchen- und Umzugsservice|
D 23113-90000|Staatlich geprüfter Techniker/Staatlich geprüfte Technikerin Fachrichtung Papiertechnik/Bachelor Professional in Technik|
D 23123-90200|Staatlich geprüfter Techniker/Staatlich geprüfte Technikerin Fachrichtung Lebensmitteltechnik Schwerpunkt Lebensmittelverpackung/Bachelor Professional in Technik|
D 23193-90000|Industriemeister/Industriemeisterin Fachrichtung Papier- und Kunststoffverarbeitung|
D 23193-90100|Industriemeister/Industriemeisterin Fachrichtung Papiererzeugung|
D 23213-90000|Staatlich geprüfter visueller Designer/Staatlich geprüfte visuelle Designerin digital und print|
D 23213-90100|Staatlich geprüfter Gestalter/Staatlich geprüfte Gestalterin Fachrichtung Werbe- und Mediengestaltung/Bachelor Professional in Gestaltung|
D 23223-90300|Webdesigner/Webdesignerin|
D 23293-90000|Schriftsetzermeister/Schriftsetzermeisterin/Bachelor Professional im Schriftsetzer-Handwerk|
D 23293-90100|Flexografenmeister/Flexografenmeisterin/Bachelor Professional im Flexografen-Handwerk|
D 23293-90700|Industriemeister/Industriemeisterin Fachrichtung Printmedien - Bachelor Professional in Print|
D 23393-90100|Fotografenmeister/Fotografenmeisterin/Bachelor Professional im Fotografen-Handwerk|
D 23413-90000|Staatlich geprüfter Techniker/Staatlich geprüfte Technikerin Fachrichtung Druck- und Medientechnik/Bachelor Professional in Technik|
D 23423-90100|Buchbinder/Buchbinderin für Restaurierungsarbeiten|
D 23423-90200|Geprüfter Restaurator im Buchbinderhandwerk/Geprüfte Restauratorin im Buchbinderhandwerk - Master Professional für Restaurierung im Handwerk|
D 23493-90000|Buchbindermeister/Buchbindermeisterin/Bachelor Professional im Buchbinder-Handwerk|
D 23493-90100|Druckermeister/Druckermeisterin/Bachelor Professional im Drucker-Handwerk|
D 93213-90300|Staatlich geprüfter Gestalter/Staatlich geprüfte Gestalterin Fachrichtung Farbtechnik und Raumgestaltung/Bachelor Professional in Gestaltung|
D 93233-90000|Geprüfter Restaurator im Raumausstatterhandwerk/Geprüfte Restauratorin im Raumausstatterhandwerk - Master Professional für Restaurierung im Handwerk|
D 93233-90200|Geprüfter Gestaltungsberater/Geprüfte Gestaltungsberaterin im Raumausstatterhandwerk|
D 93293-90000|Raumausstattermeister/Raumausstattermeisterin/Bachelor Professional im Raumausstatter-Handwerk|
D 93312-90700|Steinmetz und Steinbildhauer/Steinmetzin und Steinbildhauerin für Denkmalpflege|
D 93313-90100|Geprüfter Restaurator im Holzbildhauerhandwerk/Geprüfte Restauratorin im Holzbildhauerhandwerk - Master Professional für Restaurierung im Handwerk|
D 93343-90000|Geprüfter Restaurator im Vergolderhandwerk/Geprüfte Restauratorin im Vergolderhandwerk - Master Professional für Restaurierung im Handwerk|
D 93393-90000|Wachsziehermeister/Wachsziehermeisterin/Bachelor Professional im Wachszieher-Handwerk|
D 93393-90100|Drechsler-(Elfenbeinschnitzer-) und Holzspielzeugmachermeister/Drechsler-(Elfenbeinschnitzer-) und Holzspielzeugmachermeisterin/Bachelor Professional im Drechsler-(Elfenbeinschnitzer-) u. Holzspielzeugmacher-Handwerk|
D 93393-90200|Holzbildhauermeister/Holzbildhauermeister/Bachelor Professional im Holzbildhauer-Handwerk|
D 93393-90300|Vergoldermeister/Vergoldermeisterin/Bachelor Professional im Vergolder-Handwerk|
D 93413-90100|Staatlich geprüfter Gestalter/Staatlich geprüfte Gestalterin Fachrichtung Keramik/Bachelor Professional in Gestaltung|
D 93493-90000|Keramikermeister/Keramikermeisterin/Bachelor Professional im Keramiker-Handwerk|
D 93493-90100|Glas- und Porzellanmalermeister/Glas- und Porzellanmalermeisterin/Bachelor Professional im Glas- und Porzellanmaler-Handwerk|
D 93513-90200|Geprüfter Restaurator im Metallbildnerhandwerk/Geprüfte Restauratorin im Metallbildnerhandwerk - Master Professional für Restaurierung im Handwerk|
D 93523-90100|Staatlich geprüfter Gestalter/Staatlich geprüfte Gestalterin Fachrichtung Edelstein, Schmuck und Gerät/Bachelor Professional in Gestaltung|
D 93523-90300|Geprüfter Restaurator im Gold- und Silberschmiedehandwerk/Geprüfte Restauratorin im Gold- und Silberschmiedehandwerk - Master Professional für Restaurierung im Handwerk|
D 93533-90000|Geprüfter Restaurator im Graveurhandwerk/Geprüfte Restauratorin im Graveurhandwerk - Master Professional für Restaurierung im Handwerk|
D 93593-90000|Edelsteinschleifer- und Edelsteingraveurmeister/Edelsteinschleifer- und Edelsteingraveurmeisterin/Bachelor Professional im Edelsteinschleifer- und Edelsteingraveur-Handwerk|
D 93593-90100|Graveurmeister/Graveurmeisterin/Bachelor Professional im Graveur-Handwerk|
D 93593-90200|Metallbildnermeister/Metallbildnermeisterin/Bachelor Professional im Metallbildner-Handwerk|
D 93593-90300|Gold- und Silberschmiedemeister/Gold- und Silberschmiedemeisterin/Bachelor Professional im Gold- und Silberschmiede-Handwerk|
D 93593-90400|Schilder- und Lichtreklameherstellermeister/Schilder- und Lichtreklameherstellermeisterin/Bachelor Professional im Schilder- und Lichtreklamehersteller-Handwerk|
D 93653-90000|Geprüfter Restaurator im Orgel- und Harmoniumbauerhandwerk/Geprüfte Restauratorin im Orgel- und Harmoniumbauerhandwerk - Master Professional für Restaurierung im Handwerk|
D 93693-90000|Klavier- und Cembalobauermeister/Klavier- und Cembalobauermeisterin/Bachelor Professional im Klavier- und Cembalobauer-Handwerk|
D 93693-90100|Orgel- und Harmoniumbauermeister/Orgel- und Harmoniumbauermeisterin/Bachelor Professional im Orgel- und Harmoniumbauer-Handwerk|
D 93693-90200|Geigenbauermeister/Geigenbauermeisterin/Bachelor Professional im Geigenbauer-Handwerk|
D 93693-90300|Bogenmachermeister/Bogenmachermeisterin/Bachelor Professional im Bogenbauer-Handwerk|
D 93693-90400|Zupfinstrumentenmachermeister/Zupfinstrumentenmachermeisterin/Bachelor Professional im Zupfinstrumentenmacher-Handwerk|
B 21222-90300|Verfahrensmechaniker/Verfahrensmechanikerin in der Steine- und Erdenindustrie Fachrichtung Kalksandsteine oder Porenbeton|
B 21222-90400|Verfahrensmechaniker/Verfahrensmechanikerin in der Steine- und Erdenindustrie Fachrichtung vorgefertigte Betonerzeugnisse|
B 21222-91100|Betonfertigteilbauer/Betonfertigteilbauerin|
B 21222-91300|Verfahrensmechaniker/Verfahrensmechanikerin in der Steine- und Erdenindustrie Fachrichtung Asphalttechnik|
B 21222-92400|Werksteinhersteller/Werksteinherstellerin|
B 21232-90100|Steinmetz und Steinbildhauer/Steinmetzin und Steinbildhauerin Fachrichtung Steinmetzarbeiten|
B 21232-90300|Naturwerksteinmechaniker/Naturwerksteinmechanikerin Fachrichtung Steinmetztechnik|
B 21312-90200|Glasmacher/Glasmacherin|
B 21312-90400|Verfahrensmechaniker/Verfahrensmechanikerin - Glastechnik|
B 21322-90000|Glasapparatebauer/Glasapparatebauerin|
B 21332-90000|Thermometermacher/Thermometermacherin Fachrichtung Thermometerblasen|
B 21332-90100|Leuchtröhrenglasbläser/Leuchtröhrenglasbläserin|
B 21342-90800|Glasveredler/Glasveredlerin Fachrichtung Glasmalerei und Kunstverglasung|
B 21342-90900|Glasveredler/Glasveredlerin Fachrichtung Kanten- und Flächenveredlung|
B 21342-91000|Glasveredler/Glasveredlerin Fachrichtung Schliff und Gravur|
B 21342-91600|Flachglastechnologe/Flachglastechnologin|
B 21352-90000|Thermometermacher/Thermometermacherin Fachrichtung Thermometerjustieren|
B 21362-90000|Feinoptiker/Feinoptikerin|
B 21362-90400|Verfahrensmechaniker/Verfahrensmechanikerin für Brillenoptik|
B 21412-92500|Industriekeramiker/Industriekeramikerin Anlagentechnik|
B 21412-92600|Industriekeramiker/Industriekeramikerin Verfahrenstechnik|
B 21422-90000|Figurenkeramformer/Figurenkeramformerin|
B 21422-91700|Industriekeramiker/Industriekeramikerin Modelltechnik|
B 22102-93000|Kunststoff- und Kautschuktechnologe/Kunststoff- und Kautschuktechnologin Fachrichtung Halbzeuge|
B 22102-93100|Kunststoff- und Kautschuktechnologe/Kunststoff- und Kautschuktechnologin Fachrichtung Formteile|
B 22102-93200|Kunststoff- und Kautschuktechnologe/Kunststoff- und Kautschuktechnologin Fachrichtung Mehrschichtkautschukteile|
B 22102-93400|Kunststoff- und Kautschuktechnologe/Kunststoff- und Kautschuktechnologin Fachrichtung Kunststofffenster|
B 22102-93500|Kunststoff- und Kautschuktechnologe/Kunststoff- und Kautschuktechnologin Fachrichtung Faserverbundtechnologie|
B 22102-93600|Kunststoff- und Kautschuktechnologe/Kunststoff- und Kautschuktechnologin Fachrichtung Bauteile|
B 22102-93700|Kunststoff- und Kautschuktechnologe/Kunststoff- und Kautschuktechnologin Fachrichtung Compound- und Masterbatchherstellung|
B 22112-90200|Mechaniker/Mechanikerin für Reifen- und Vulkanisationstechnik Fachrichtung Reifen- und Fahrwerktechnik|
B 22112-90300|Mechaniker/Mechanikerin für Reifen- und Vulkanisationstechnik Fachrichtung Vulkanisationstechnik|
B 22212-90200|Fahrzeuglackierer/Fahrzeuglackiererin|
B 22222-90000|Lacklaborant/Lacklaborantin|
B 22302-90200|Fachpraktiker/Fachpraktikerin für Holzverarbeitung (§66 BBiG/§42r HwO)|
B 22302-91000|Holzbearbeitungsmechaniker/Holzbearbeitungsmechanikerin|
B 22342-90000|Tischler/Tischlerin|
B 22342-92100|Fachkraft für Möbel-, Küchen- und Umzugsservice|
B 22342-92500|Fachpraktiker/Fachpraktikerin für Möbel-, Küchen- und Umzugsservice (§66 BBiG/§42r HwO)|
B 22342-92600|Holzmechaniker/Holzmechanikerin Fachrichtung Montieren von Innenausbauten und Bauelementen|
B 22342-92700|Holzmechaniker/Holzmechanikerin Fachrichtung Herstellen von Möbeln und Innenausbauteilen|
B 22342-92800|Holzmechaniker/Holzmechanikerin Fachrichtung Herstellen von Bauelementen, Holzpackmitteln und Rahmen|
B 22352-91100|Flechtwerkgestalter/Flechtwerkgestalterin|
B 22352-91500|Bürsten- und Pinselmacher/Bürsten- und Pinselmacherin|
B 22352-91600|Fachpraktiker/Fachpraktikerin für Bürstenherstellung (§66 BBiG/§42r HwO)|
B 22382-90100|Böttcher/Böttcherin|
B 23112-91000|Papiertechnologe/Papiertechnologin|
B 23122-90500|Packmitteltechnologe/Packmitteltechnologin|
D 23493-90300|Siebdruckermeister/Siebdruckermeisterin/Bachelor Professional im Siebdrucker-Handwerk|
D 24133-90000|Staatlich geprüfter Techniker/Staatlich geprüfte Technikerin Fachrichtung Gießereitechnik/Bachelor Professional in Technik|
D 24193-90000|Metall- und Glockengießermeister/Metall- und Glockengießermeisterin/Bachelor Professional im Metall- und Glockengießer-Handwerk|
D 24193-90300|Industriemeister/Industriemeisterin Fachrichtung Gießerei|
D 24193-90400|Industriemeister/Industriemeisterin Fachrichtung Hüttentechnik|
D 24233-90000|CNC-Fachkraft/NC-Anwendungsfachmann / CNC-Fachkraft/NC-Anwendungsfachfrau|
D 24233-90400|Staatlich geprüfter Techniker/Staatlich geprüfte Technikerin Fachrichtung Zerspanungstechnik/Bachelor Professional in Technik|
D 24243-90000|Fachkraft - Metallbearbeitung durch Laserstrahl|
D 24293-90000|Industriemeister/Industriemeisterin Fachrichtung Metall|
D 24303-90000|Staatlich geprüfter Techniker/Staatlich geprüfte Technikerin Fachrichtung Galvanotechnik/Bachelor Professional in Technik|
D 24303-90100|Staatlich geprüfter Techniker/Staatlich geprüfte Technikerin Fachrichtung Korrosionsschutztechnik/Bachelor Professional in Technik|
D 24393-90000|Galvaniseurmeister/Galvaniseurmeisterin/Bachelor Professional im Galvaniseur-Handwerk|
D 24413-90000|Staatlich geprüfter Techniker/Staatlich geprüfte Technikerin Fachrichtung Metallbautechnik (ohne Schwerpunkt)/Bachelor Professional in Technik|
D 24413-90100|Staatlich geprüfter Techniker/Staatlich geprüfte Technikerin Fachrichtung Metallbautechnik Schwerpunkt Leichtmetallbau/Bachelor Professional in Technik|
D 24413-90500|Geprüfter Restaurator im Metallbauerhandwerk/Geprüfte Restauratorin im Metallbauerhandwerk - Master Professional für Restaurierung im Handwerk|
D 24413-91200|Staatlich geprüfter Techniker/Staatlich geprüfte Technikerin Fachrichtung Metallbautechnik Schwerpunkt Stahlbau/Bachelor Professional in Technik|
D 24413-91300|Staatlich geprüfter Techniker/Staatlich geprüfte Technikerin Fachrichtung Metallbautechnik im Bereich Gebäudetechnik/Bachelor Professional in Technik|
D 24423-90000|Schweißtechniker/Schweißtechnikerin|
D 24423-90200|Schweißfachmann/Schweißfachfrau|
D 24424-90000|Schweißfachingenieur/Schweißfachingenieurin|
D 24432-90000|Geprüfter Taucher/Geprüfte Taucherin|
D 24493-90000|Metallbauermeister/Metallbauermeisterin/Bachelor Professional im Metallbauer-Handwerk|
D 24493-90100|Schweißwerkmeister/Schweißwerkmeisterin|
D 24513-90000|Staatlich geprüfter Techniker/Staatlich geprüfte Technikerin Fachrichtung Feinwerktechnik/Bachelor Professional in Technik|
D 24533-90000|Geprüfter Restaurator im Uhrmacherhandwerk/Geprüfte Restauratorin im Uhrmacherhandwerk - Master Professional für Restaurierung im Handwerk|
D 24593-90000|Präzisionswerkzeugmechanikermeister/Präzisionswerkzeugmechanikermeisterin/Bachelor Professional im Präzisionswerkzeugmechaniker-Handwerk|
D 24593-90200|Feinwerkmechanikermeister/Feinwerkmechanikermeisterin/Bachelor Professional im Feinmechaniker-Handwerk|
D 24593-90300|Chirurgiemechanikermeister/Chirurgiemechanikermeisterin/Bachelor Professional im Chirurgiemechaniker-Handwerk|
D 24593-90400|Büchsenmachermeister/Büchsenmachermeisterin/Bachelor Professional im Büchsenmacher-Handwerk|
D 24593-90500|Uhrmachermeister/Uhrmachermeisterin/Bachelor Professional im Uhrmacher-Handwerk|
D 25103-85000|Staatlich geprüfter Techniker/Staatlich geprüfte Technikerin Fachrichtung Verfahrenstechnik/Bachelor Professional in Technik|
D 25103-90300|Staatlich geprüfter Techniker/Staatlich geprüfte Technikerin Fachrichtung Maschinentechnik (ohne Schwerpunkt)/Bachelor Professional in Technik|
D 25103-90600|Staatlich geprüfter Techniker/Staatlich geprüfte Technikerin Fachrichtung Maschinentechnik Schwerpunkt Entwicklungstechnik/Bachelor Professional in Technik|
D 25103-90700|Staatlich geprüfter Techniker/Staatlich geprüfte Technikerin Fachrichtung Maschinentechnik Schwerpunkt Konstruktion/Bachelor Professional in Technik|
D 25103-90800|Staatlich geprüfter Techniker/Staatlich geprüfte Technikerin Fachrichtung Maschinentechnik Schwerpunkt Automatisierungstechnik/Bachelor Professional in Technik|
D 93693-90500|Holzblasinstrumentenmachermeister/Holzblasinstrumentenmachermeisterin/Bachelor Professional im Holzblasinstrumentenmacher-Handwerk|
D 93693-90600|Handzuginstrumentenmachermeister/Handzuginstrumentenmachermeisterin/Bachelor Professional im Handzuginstrumentenmacher-Handwerk|
D 93693-90700|Metallblasinstrumentenmachermeister/Metallblasinstrumentenmachermeisterin/Bachelor Professional im Metallblasinstrumentenmacher-Handwerk|
D 94404-90200|Producer/Producerin|
D 94413-90000|Regieassistent/Regieassistentin|
D 94493-90400|Produktionsleiter/Produktionsleiterin - Film und Fernsehen|
D 94593-90800|Geprüfter Meister für Veranstaltungstechnik/Geprüfte Meisterin für Veranstaltungstechnik - Bachelor Professional für Veranstaltungstechnik|
D 94593-90900|Geprüfter Meister für Medienproduktion Bild und Ton/Geprüfte Meisterin für Medienproduktion Bild und Ton - Bachelor Professional in Medienproduktion Bild und Ton|
D 94613-90000|Staatlich geprüfter Gewandmeister/Staatlich geprüfte Gewandmeisterin/Bachelor Professional in Gestaltung|
D 94623-90000|Geprüfter Requisiteur/Geprüfte Requisiteurin|
D 94724-90000|Gemmologe/Gemmologin|
HA 11103-90500|Agrarwissenschaft (grundständig)|
HA 11103-92200|Bioökonomie (grundständig)|
HA 11183-90900|Agrarmanagement (grundständig)|
HA 11393-90700|Pferdewirtschaft (grundständig)|
HA 11423-90000|Fischereiwesen, Aquakultur (grundständig)|
HA 11603-90400|Weinbau, Önologie (grundständig)|
HA 11713-90500|Forstwissenschaft, -wirtschaft (grundständig)|
HA 11723-90300|Landschaftsökologie, Naturschutz (grundständig)|
HA 12103-90700|Garten-, Landschaftsbau (grundständig)|
HA 12143-90900|Landschaftsarchitektur, Freiraumplanung (grundständig)|
HA 21113-91700|Rohstoffingenieurwesen (grundständig)|
HA 21493-90300|Keramik-, Glastechnik (grundständig)|
HA 22103-91000|Kunststofftechnik (grundständig)|
HA 22303-90900|Holztechnik (grundständig)|
HA 22393-92100|Holzwirtschaft (grundständig)|
HA 23113-90600|Papiertechnik (grundständig)|
HA 23123-90600|Verpackungstechnik (grundständig)|
HA 23223-90900|Computervisualistik (grundständig)|
HA 23223-91100|Gamedesign, Interactiondesign (grundständig)|
HA 23223-91200|Kommunikationsdesign, visuelle Kommunikation (grundständig)|
HA 23223-91300|Mediendesign, -kunst (grundständig)|
HA 23223-98400|Mensch-Maschine-Interaktion, Interfacedesign (grundständig)|
HA 23323-90700|Fotografie (grundständig)|
HA 23413-90500|Druck-, Medientechnik (grundständig)|
HA 23413-90600|Medienproduktion (grundständig)|
HA 24113-90500|Metallurgie, Hüttenwesen (grundständig)|
HA 25103-94900|Konstruktionstechnik (grundständig)|
HA 25103-95000|Maschinenbau (grundständig)|
HA 25103-95100|Mechanik (grundständig)|
HA 25103-95200|Verfahrenstechnik (grundständig)|
HA 25213-91100|Fahrzeugtechnik (grundständig)|
HA 25233-90600|Luft-, Raumfahrttechnik (grundständig)|
HA 25243-90400|Schiffbau, Meerestechnik (grundständig)|
HA 26113-91200|Mechatronik (grundständig)|
HA 26123-91700|Automatisierungstechnik (grundständig)|
HA 26123-91800|Robotik, Autonome Systeme (grundständig)|
HA 26233-91200|Energietechnik (grundständig)|
HA 26233-96700|Batterietechnik (grundständig)|
HA 26243-90300|Erneuerbare Energien (grundständig)|
HA 26303-92100|Elektrotechnik (grundständig)|
HA 26313-93800|Informations-, Kommunikationstechnik (grundständig)|
HA 26313-93900|Medien-, Multimediatechnik (grundständig)|
HA 26323-90600|Mikrotechnik, Mikrosystemtechnik (grundständig)|
HA 26323-90700|Nanowissenschaft (grundständig)|
HA 26323-90800|Sensortechnik (grundständig)|
HA 26333-90300|Fahrzeuginformatik, -elektronik (grundständig)|
B 23122-90600|Maschinen- und Anlagenführer/Maschinen- und Anlagenführerin Schwerpunkt Druckweiter- und Papierverarbeitung|
B 23212-91600|Staatlich geprüfter Gestaltungstechnischer Assistent/Staatlich geprüfte Gestaltungstechnische Assistentin|
B 23212-97000|Gestalter/Gestalterin für immersive Medien|
B 23212-97100|Mediengestalter/Mediengestalterin Digital und Print Fachrichtung Digitalmedien|
B 23212-97200|Mediengestalter/Mediengestalterin Digital und Print Fachrichtung Printmedien|
B 23212-97300|Mediengestalter/Mediengestalterin Digital und Print Fachrichtung Designkonzeption|
B 23212-97400|Mediengestalter/Mediengestalterin Digital und Print Fachrichtung Projektmanagement|
B 23222-90100|Staatlich anerkannter Mediendesigner/Staatlich anerkannte Mediendesignerin|
B 23222-90300|Staatlich geprüfter Kommunikationsdesigner/Staatlich geprüfte Kommunikationsdesignerin|
B 23222-90400|Staatlich geprüfter Grafikdesigner/Staatlich geprüfte Grafikdesignerin|
B 23223-90200|Gamedesigner/Gamedesignerin (Ausbildung)|
B 23312-90300|Staatlich geprüfter Foto- und medientechnischer Assistent/Staatlich geprüfte Foto- und medientechnische Assistentin|
B 23322-90300|Staatlich geprüfter Fotodesigner/Staatlich geprüfte Fotodesignerin|
B 23322-90400|Fotograf/Fotografin|
B 23412-90900|Fachpraktiker/Fachpraktikerin für Medientechnologie Druckverarbeitung (§66 BBiG/§42r HwO)|
B 23412-92800|Medientechnologe/Medientechnologin Druck|
B 23412-92900|Medientechnologe/Medientechnologin Siebdruck|
B 23412-93000|Fachpraktiker/Fachpraktikerin für Medientechnologie Druck (§66 BBiG/§42r HwO)|
B 23422-90500|Fachpraktiker/Fachpraktikerin für Buchbinderei (§66 BBiG/§42r HwO)|
B 23422-91400|Medientechnologe/Medientechnologin Druckverarbeitung|
B 23422-91500|Buchbinder/Buchbinderin|
B 24112-91300|Verfahrenstechnologe/Verfahrenstechnologin Metall Fachrichtung Eisen- und Stahlmetallurgie|
B 24112-91400|Verfahrenstechnologe/Verfahrenstechnologin Metall Fachrichtung Nichteisenmetallurgie|
B 24122-91100|Verfahrenstechnologe/Verfahrenstechnologin Metall Fachrichtung Nichteisenmetallumformung|
B 24122-91200|Verfahrenstechnologe/Verfahrenstechnologin Metall Fachrichtung Stahlumformung|
B 24132-91200|Gießereimechaniker/Gießereimechanikerin|
B 24142-90100|Metall- und Glockengießer/Metall- und Glockengießerin Fachrichtung Metallgusstechnik|
B 24142-90200|Metall- und Glockengießer/Metall- und Glockengießerin Fachrichtung Zinngusstechnik|
B 24142-90300|Metall- und Glockengießer/Metall- und Glockengießerin Fachrichtung Kunst- und Glockengusstechnik|
B 24202-90300|Fachpraktiker/Fachpraktikerin für Metalltechnik (§66 BBiG/§42r HwO)|
B 24202-91400|Maschinen- und Anlagenführer/Maschinen- und Anlagenführerin Schwerpunkt Metall- und Kunststofftechnik|
B 24212-90700|Stanz- und Umformmechaniker/Stanz- und Umformmechanikerin|
B 24212-90800|Fachkraft für Metalltechnik Fachrichtung Umform- und Drahttechnik|
B 24222-90600|Feinpolierer/Feinpoliererin|
B 24232-90200|Fachpraktiker/Fachpraktikerin für Zerspanungsmechanik (§66 BBiG/§42r HwO)|
B 24232-92600|Zerspanungsmechaniker/Zerspanungsmechanikerin|
B 24232-94300|Fachkraft für Metalltechnik Fachrichtung Zerspanungstechnik|
B 24302-90300|Verfahrensmechaniker/Verfahrensmechanikerin für Beschichtungstechnik|
B 24302-90700|Oberflächenbeschichter/Oberflächenbeschichterin|
B 24412-90400|Fachpraktiker/Fachpraktikerin für Metallbau (§66 BBiG/§42r HwO)|
B 24412-90500|Metallbauer/Metallbauerin Fachrichtung Metallgestaltung|
B 24412-90600|Metallbauer/Metallbauerin Fachrichtung Konstruktionstechnik|
B 24412-92500|Konstruktionsmechaniker/Konstruktionsmechanikerin|
B 24412-93400|Fachpraktiker/Fachpraktikerin für Konstruktionsmechanik (§66 BBiG/§42r HwO)|
B 24412-93500|Fachkraft für Metalltechnik Fachrichtung Konstruktionstechnik|
B 24422-90600|Schweißwerker/Schweißwerkerin (§66 BBiG/§42r HwO)|
B 24422-91100|Schweißer/Schweißerin|
B 24512-90700|Fachwerker/Fachwerkerin für Feinwerktechnik (§66 BBiG/§42r HwO)|
B 24512-91200|Feinwerkmechaniker/Feinwerkmechanikerin|
D 25103-91000|Staatlich geprüfter Techniker/Staatlich geprüfte Technikerin Fachrichtung Maschinentechnik Schwerpunkt Fertigungstechnik/Bachelor Professional in Technik|
D 25103-91500|Staatlich geprüfter Techniker/Staatlich geprüfte Technikerin Fachrichtung Maschinentechnik Schwerpunkt Verfahrenstechnik/Bachelor Professional in Technik|
D 25183-90300|Staatlich geprüfter Techniker/Staatlich geprüfte Technikerin Fachrichtung Maschinentechnik Schwerpunkt Verfahrens- und Umwelttechnik/Bachelor Professional in Technik|
D 25183-90500|Staatlich geprüfter Techniker/Staatlich geprüfte Technikerin Fachrichtung Mühlenbau, Getreide- und Futtermitteltechnik/Bachelor Professional in Technik|
D 25183-90600|Hydraulik-Fachkraft|
D 25183-91000|Pneumatik-Fachkraft|
D 25212-94200|Fachkraft für innovative Fahrzeugaufbereitung|
D 25213-90000|Staatlich geprüfter Techniker/Staatlich geprüfte Technikerin Fachrichtung Kraftfahrzeugtechnik/Bachelor Professional in Technik|
D 25213-90100|Staatlich geprüfter Techniker/Staatlich geprüfte Technikerin Fachrichtung Karosserie- und Fahrzeugbautechnik/Bachelor Professional in Technik|
D 25213-94900|Geprüfter Restaurator im Karosserie- und Fahrzeugbauerhandwerk/Geprüfte Restauratorin im Karosserie- und Fahrzeugbauerhandwerk - Master Professional für Restaurierung im Handwerk|
D 25213-95000|Geprüfter Restaurator im Kraftfahrzeugtechnikerhandwerk/Geprüfte Restauratorin im Kraftfahrzeugtechnikerhandwerk - Master Professional für Restaurierung im Handwerk|
D 25213-95300|Fachkraft für Caravantechnik|
D 25213-95700|Geprüfter Berufsspezialist für Kraftfahrzeug-Servicetechnik /Geprüfte Berufsspezialistin für Kraftfahrzeug-Servicetechnik|
D 25223-90000|Servicetechniker/Servicetechnikerin für Land- und Baumaschinen|
D 25233-90000|Staatlich geprüfter Techniker/Staatlich geprüfte Technikerin Fachrichtung Luftfahrttechnik/Bachelor Professional in Technik|
D 25253-90000|Geprüfter Zweirad-Servicetechniker/Geprüfte Zweirad-Servicetechnikerin für motorisierte Zweiradtechnik|
D 25253-90100|Geprüfter Zweirad-Servicetechniker/Geprüfte Zweirad-Servicetechnikerin für nichtmotorisierte Zweiradtechnik|
D 25293-90000|Karosserie- und Fahrzeugbauermeister/Karosserie- und Fahrzeugbauermeisterin/Bachelor Professional im Karosserie- und Fahrzeugbauer-Handwerk|
D 25293-90200|Kraftfahrzeugtechnikermeister/Kraftfahrzeugtechnikermeisterin/Bachelor Professional im Kraftfahrzeugtechniker-Handwerk|
D 25293-90300|Land- und Baumaschinenmechatronikermeister/Land- und Baumaschinenmechatronikermeisterin/Bachelor Professional im Land- und Baumaschinenmechatroniker-Handwerk|
D 25293-90400|Zweiradmechanikermeister/Zweiradmechanikermeisterin/Bachelor Professional im Zweiradmechaniker-Handwerk|
D 25293-90500|Bootsbauermeister/Bootsbauermeisterin/Bachelor Professional im Bootsbauer-Handwerk|
D 25293-90600|Industriemeister/Industriemeisterin Fachrichtung Flugzeugbau/Luftfahrttechnik/Bachelor Professional in Luftfahrttechnik|
D 26113-90200|Staatlich geprüfter Techniker/Staatlich geprüfte Technikerin Fachrichtung Mechatronik/Bachelor Professional in Technik|
D 26113-91000|Fachkraft für Mechatronik|
D 26123-90200|Staatlich geprüfter Techniker/Staatlich geprüfte Technikerin Fachrichtung Elektrotechnik Schwerpunkt Automatisierungstechnik/Bachelor Professional in Technik|
D 26123-95800|Staatlich geprüfter Techniker/Staatlich geprüfte Technikerin Fachrichtung Produktionstechnik und Datenmanagement/Bachelor Professional in Technik|
D 26193-90000|Industriemeister/Industriemeisterin Fachrichtung Mechatronik|
D 26213-90800|Master Professional in Elektromobilität und nachhaltige Energiesysteme|
D 26233-90100|Staatlich geprüfter Techniker/Staatlich geprüfte Technikerin Fachrichtung Elektrotechnik Schwerpunkt Energietechnik/Bachelor Professional in Technik|
D 26233-90200|Geprüfter Kraftwerker/Geprüfte Kraftwerkerin|
D 26243-90200|Staatlich geprüfter Techniker/Staatlich geprüfte Technikerin Fachrichtung Windenergietechnik/Bachelor Professional in Technik|
D 26243-93600|Servicemonteur/Servicemonteurin für Windenergieanlagentechnik|
D 26293-90000|Elektromaschinenbauermeister/Elektromaschinenbauermeisterin/Bachelor Professional im Elektromaschinenbauer-Handwerk|
HA 26333-91900|Elektromobilität (grundständig)|
HA 26383-90200|Photonik, Optische Technologien (grundständig)|
HA 26383-90300|Kybernetik (grundständig)|
HA 27103-90400|Ingenieurwissenschaft (grundständig)|
HA 27103-90500|Produktentwicklung (grundständig)|
HA 27103-90600|Projektmanagement, -ingenieurwesen (grundständig)|
HA 27183-90400|Innovationsmanagement (grundständig)|
HA 27183-91300|Bionik (grundständig)|
HA 27283-90200|Sporttechnik (grundständig)|
HA 27303-93300|Produktionstechnik (grundständig)|
HA 27303-93400|Systems Engineering (grundständig)|
HA 27303-93500|Technologiemanagement (grundständig)|
HA 27303-93600|Wirtschaftsingenieurwesen (grundständig)|
HA 28103-90100|Textil-, Bekleidungstechnik (grundständig)|
HA 28113-90300|Textildesign (grundständig)|
HA 28213-90800|Modedesign (grundständig)|
HA 29113-90100|Brauerei-, Getränketechnologie (grundständig)|
HA 29203-91000|Lebensmitteltechnologie (grundständig)|
HA 31103-91500|Bauingenieurwesen (grundständig)|
HA 31114-90700|Architektur (grundständig)|
HA 31124-91500|Stadt-, Regionalplanung (grundständig)|
HA 31143-90300|Wasser- und Bodenmanagement, Wassertechnologie (grundständig)|
HA 31163-90000|Bauphysik (grundständig)|
HA 31173-90700|Baubetriebswirtschaft, Baumanagement (grundständig)|
HA 31213-94600|Vermessungstechnik (grundständig)|
HA 34103-90400|Gebäudetechnik, Gebäudeenergietechnik (grundständig)|
HA 34303-90600|Infrastrukturmanagement (grundständig)|
HA 34303-90700|Versorgungstechnik (grundständig)|
HA 34333-90100|Abfall-, Entsorgungstechnik (grundständig)|
HA 41103-90000|Mathematik (grundständig)|
HA 41114-90400|Statistik (grundständig)|
HA 41184-92400|Biomathematik (grundständig)|
HA 41184-92600|Computermathematik (grundständig)|
HA 41184-92800|Finanz-, Wirtschaftsmathematik (grundständig)|
HA 41184-93000|Technomathematik (grundständig)|
HA 41203-90100|Angewandte Naturwissenschaft (grundständig)|
HA 41203-90200|Biologie (grundständig)|
HA 41203-90300|Biowissenschaften, Life Sciences (grundständig)|
HA 41213-91000|Biotechnologie (grundständig)|
HA 41234-90500|Agrarbiologie (grundständig)|
HA 41254-90400|Neurowissenschaft (grundständig)|
HA 41274-90200|Biomedizin, Molekulare Medizin (grundständig)|
HA 41283-90400|Biochemie (grundständig)|
HA 41283-90600|Chemische Biologie (grundständig)|
HA 41283-90700|Molekularwissenschaft (grundständig)|
HA 41283-92300|Biomechanik (grundständig)|
HA 41303-90100|Chemie (grundständig)|
HA 41313-91700|Chemieingenieurwesen (grundständig)|
HA 41313-91800|Pharmatechnik (grundständig)|
HA 41313-91900|Technologie der Kosmetika und Waschmittel (grundständig)|
HA 41383-90000|Lebensmittelchemie (grundständig außer Staatsexamen)|
HA 41383-90100|Polymerwissenschaft (grundständig)|
HA 41383-90200|Wirtschaftschemie (grundständig)|
HA 41384-91800|Lebensmittelchemie (Staatsexamen)|
HA 41403-90200|Physik (grundständig)|
HA 41413-90500|Physikingenieurwesen (grundständig)|
HA 41423-90600|Materialwissenschaft (grundständig)|
HA 41423-90700|Werkstoffwissenschaft, -technik (grundständig)|
HA 41483-90000|Biophysik (grundständig)|
HA 41483-90100|Medizinische Physik (grundständig)|
HA 41483-90200|Wirtschaftsphysik (grundständig)|
HA 42113-90400|Geotechnologie (grundständig)|
HA 42124-92400|Geophysik (grundständig)|
HA 42124-92600|Geowissenschaften (grundständig)|
HA 42134-90400|Geografie (grundständig)|
HA 42143-90200|Meteorologie (grundständig)|
B 24512-92200|Chirurgiemechaniker/Chirurgiemechanikerin|
B 24522-90400|Büchsenmacher/Büchsenmacherin|
B 24522-91500|Werkzeugmechaniker/Werkzeugmechanikerin|
B 24522-93400|Präzisionswerkzeugmechaniker/Präzisionswerkzeugmechanikerin Fachrichtung Schneidwerkzeuge|
B 24522-93500|Präzisionswerkzeugmechaniker/Präzisionswerkzeugmechanikerin Fachrichtung Zerspanwerkzeuge|
B 24532-90000|Uhrmacher/Uhrmacherin|
B 25102-90600|Industriefachhelfer/Industriefachhelferin (§66 BBiG/§42r HwO)|
B 25102-91300|Industriemechaniker/Industriemechanikerin|
B 25102-92500|Fachpraktiker/Fachpraktikerin für Industriemechanik (§66 BBiG/§42r HwO)|
B 25103-91900|Assistent/Assistentin für Maschinenbautechnik|
B 25112-90200|Fertigungsmechaniker/Fertigungsmechanikerin|
B 25112-90400|Fachkraft für Metalltechnik Fachrichtung Montagetechnik|
B 25132-90600|Automatenfachmann/Automatenfachfrau Fachrichtung Automatenmechatronik|
B 25212-90000|Fachpraktiker/Fachpraktikerin für Karosseriebearbeiter (§66 BBiG/§42r HwO)|
B 25212-90400|Fachpraktiker/Fachpraktikerin für Kraftfahrzeugmechatroniker (§66 BBiG/§42r HwO)|
B 25212-91600|Kraftfahrzeugmechatroniker/Kraftfahrzeugmechatronikerin Schwerpunkt Personenkraftwagentechnik|
B 25212-91800|Karosserie- und Fahrzeugbaumechaniker/Karosserie- und Fahrzeugbaumechanikerin Fachrichtung Karosserieinstandhaltungstechnik|
B 25212-92400|Kraftfahrzeugmechatroniker/Kraftfahrzeugmechatronikerin Schwerpunkt Nutzfahrzeugtechnik|
B 25212-93900|Kraftfahrzeugmechatroniker/Kraftfahrzeugmechatronikerin Schwerpunkt System- und Hochvolttechnik|
B 25212-94000|Kraftfahrzeugmechatroniker/Kraftfahrzeugmechatronikerin Schwerpunkt Karosserietechnik|
B 25212-94100|Karosserie- und Fahrzeugbaumechaniker/Karosserie- und Fahrzeugbaumechanikerin Fachrichtung Karosserie- und Fahrzeugbautechnik|
B 25212-94300|Karosserie- und Fahrzeugbaumechaniker/Karosserie- und Fahrzeugbaumechanikerin Fachrichtung Caravan- und Reisemobiltechnik|
B 25222-90000|Metallbauer/Metallbauerin Fachrichtung Nutzfahrzeugbau|
B 25222-90900|Fachpraktiker/Fachpraktikerin für Land- und Baumaschinentechnik (§66 BBiG/§42r HwO)|
B 25222-91000|Land- und Baumaschinenmechatroniker/Land- und Baumaschinenmechatronikerin|
B 25232-90000|Fluggerätmechaniker/Fluggerätmechanikerin Fachrichtung Fertigungstechnik|
B 25232-90100|Fluggerätmechaniker/Fluggerätmechanikerin Fachrichtung Instandhaltungstechnik|
B 25232-90200|Fluggerätmechaniker/Fluggerätmechanikerin Fachrichtung Triebwerkstechnik|
B 25232-90300|Leichtflugzeugbauer/Leichtflugzeugbauerin|
B 25242-90100|Schiffsmechaniker/Schiffsmechanikerin|
B 25242-90400|Bootsbauer/Bootsbauerin Fachrichtung Technik|
B 25252-90100|Fachpraktiker/Fachpraktikerin für Zweiradmechatroniker (§66 BBiG/§42r HhO)|
B 25252-90500|Kraftfahrzeugmechatroniker/Kraftfahrzeugmechatronikerin Schwerpunkt Motorradtechnik|
B 25252-90600|Fahrradmonteur/Fahrradmonteurin|
B 25252-90800|Zweiradmechatroniker/Zweiradmechatronikerin Fachrichtung Fahrradtechnik|
B 25252-90900|Zweiradmechatroniker/Zweiradmechatronikerin Fachrichtung Motorradtechnik|
B 26112-90000|Mechatroniker/Mechatronikerin|
B 26122-90400|Elektroniker/Elektronikerin für Automatisierungstechnik|
B 26122-91000|Elektroniker/Elektronikerin Fachrichtung Automatisierungs- und Systemtechnik|
B 26122-91100|Staatlich geprüfter Technischer Assistent/Staatlich geprüfte Technische Assistentin für Automatisierungstechnik|
B 26212-90300|Fachpraktiker/Fachpraktikerin für Elektroniker (§66 BBiG/§42r HwO)|
B 26212-90600|Elektroniker/Elektronikerin Fachrichtung Energie- und Gebäudetechnik|
B 26212-90900|Elektroniker/Elektronikerin für Gebäudesystemintegration|
B 26212-91000|Elektroniker/Elektronikerin für Gebäude- und Infrastruktursysteme|
B 26222-90500|Elektroniker/Elektronikerin für Maschinen und Antriebstechnik nach der Handwerksordnung|
B 26222-90600|Elektroniker/Elektronikerin für Maschinen und Antriebstechnik nach dem Berufsbildungsgesetz|
B 26242-90000|Staatlich geprüfter Technischer Assistent/Staatlich geprüfte Technische Assistentin für regenerative Energietechnik und Energiemanagement|
D 26293-91500|Geprüfter Kraftwerksmeister/Geprüfte Kraftwerksmeisterin - Fachrichtung Produktion|
D 26293-91600|Geprüfter Kraftwerksmeister/Geprüfte Kraftwerksmeisterin - Fachrichtung Produktion Elektrotechnik/Leittechnik|
D 26303-90100|Staatlich geprüfter Techniker/Staatlich geprüfte Technikerin Fachrichtung Elektrotechnik (ohne Schwerpunkt)/Bachelor Professional in Technik|
D 26303-91900|Geprüfter Prozessmanager/Geprüfte Prozessmanagerin - Elektrotechnik|
D 26313-90300|Staatlich geprüfter Techniker/Staatlich geprüfte Technikerin Fachrichtung Elektrotechnik Schwerpunkt Informations- und Kommunikationstechnik/Bachelor Professional in Technik|
D 26323-90200|Staatlich geprüfter Techniker/Staatlich geprüfte Technikerin Fachrichtung Leiterplattentechnik/Bachelor Professional in Technik|
D 26323-90400|Geprüfter Prozessmanager/Geprüfte Prozessmanagerin - Mikrotechnologie|
D 26333-92500|Staatlich geprüfter Techniker/Staatlich geprüfte Technikerin Fachrichtung Elektromobilität/Bachelor Professional in Technik|
D 26333-93500|Geprüfter Berufsspezialist für Elektronik Mobilität/Geprüfte Berufsspezialistin für Elektronik Mobilität|
D 26333-93600|Geprüfter Berufsspezialist für Ladeinfrastruktursysteme der Elektromobilität/Geprüfte Berufsspezialistin für Ladeinfrastruktursysteme der Elektromobilität|
D 26393-90000|Elektrotechnikermeister/Elektrotechnikermeisterin/Bachelor Professional im Elektrotechniker-Handwerk|
D 26393-90200|Informationstechnikermeister/Informationstechnikermeisterin/Bachelor Professional im Informationstechniker-Handwerk|
D 26393-90400|Industriemeister/Industriemeisterin Fachrichtung Elektrotechnik|
D 27223-90000|Geprüfter Konstrukteur/Geprüfte Konstrukteurin|
D 27223-90200|CAD-Fachkraft Fachbereich Bau|
D 27223-90500|CAD-Fachkraft Fachbereich Metall|
D 27223-91100|CAD-Fachkraft (ohne Schwerpunkt)|
D 27293-90000|Modellbauermeister/Modellbauermeisterin/Bachelor Professional im Modellbauer-Handwerk|
D 27303-77600|Spezialist/in - Industrie 4.0|
D 27303-78700|Fachwirt/Fachwirtin für Fertigungs- und Prozessmanagement|
D 27303-79600|Geprüfter Berufsspezialist für Industrielle Transformation (gewerblich-technisch)/Geprüfte Berufsspezialistin für Industrielle Transformation (gewerblich-technisch)|
D 27303-90400|Staatlich geprüfter Techniker/Staatlich geprüfte Technikerin Fachrichtung Maschinentechnik Schwerpunkt Produktions- und Qualitätsmanagement/Bachelor Professional in Technik|
D 27303-90500|Staatlich geprüfter Techniker/Staatlich geprüfte Technikerin Fachrichtung Wirtschaftstechnik/Bachelor Professional in Technik|
D 27303-90900|REFA-Techniker/REFA-Technikerin|
D 27303-91000|REFA-Operations-Manager/REFA-Operations-Managerin|
D 27303-92900|Geprüfter Prozessmanager/Geprüfte Prozessmanagerin - Produktionstechnologie|
D 27304-90300|REFA-Ingenieur/REFA-Ingenieurin (Industrial Engineering)|
D 27312-90400|Geprüfter Qualitätsfachmann in der Fertigungsprüftechnik/Geprüfte Qualitätsfachfrau in der Fertigungsprüftechnik|
D 27313-90100|Fachkraft - Qualitätssicherung/Qualitätsmanagement|
D 27393-90100|Industriemeister/Industriemeisterin - allgemein|
D 27393-90200|Geprüfter Meister/Geprüfte Meisterin - Vernetzte Industrie - Bachelor Professional in Smart Industry|
D 28103-90000|Staatlich geprüfter Techniker/Staatlich geprüfte Technikerin Fachrichtung Textiltechnik/Bachelor Professional in Technik|
D 28193-90000|Seilermeister/Seilermeisterin/Bachelor Professional im Seiler-Handwerk|
D 28193-90400|Industriemeister/Industriemeisterin Fachrichtung Textilwirtschaft|
D 28193-91200|Textilgestaltermeister/Textilgestaltermeisterin/Bachelor Professional im Textilgestalter-Handwerk|
D 28213-90100|Schnitt-, Entwurfs- und Fertigungsmodelleur/Schnitt-, Entwurfs- und Fertigungsdirektrice|
D 28213-90300|Staatlich geprüfter Gestalter/Staatlich geprüfte Gestalterin Fachrichtung Bekleidung, Mode/Bachelor Professional in Gestaltung|
D 28213-90400|Staatlich geprüfter Produktentwickler/Staatlich geprüfte Produktentwicklerin (Mode)|
D 28223-90000|Staatlich geprüfter Techniker/Staatlich geprüfte Technikerin Fachrichtung Bekleidungstechnik/Bachelor Professional in Technik|
D 28293-90100|Maßschneidermeister/Maßschneidermeisterin/Bachelor Professional im Maßschneider-Handwerk|
HA 42203-91000|Umwelttechnik (grundständig)|
HA 42313-91100|Geoökologie (grundständig)|
HA 42313-91200|Umweltwissenschaft (grundständig)|
HA 43103-91800|Informatik (grundständig)|
HA 43103-91900|Rechnergestützte Naturwissenschaft, Computational Science (grundständig)|
HA 43103-96900|Datenwissenschaft, Data Science (grundständig)|
HA 43103-99900|Künstliche Intelligenz (grundständig)|
HA 43113-93500|Informationsmanagement (grundständig)|
HA 43113-93600|Internetbasierte Systeme, E-Services (grundständig)|
HA 43113-93700|Umweltinformatik (grundständig)|
HA 43113-93800|Wirtschaftsinformatik (grundständig)|
HA 43113-93900|Verwaltungsinformatik (grundständig)|
HA 43123-90600|Ingenieurinformatik, Computational Engineering (grundständig)|
HA 43123-90700|Technische Informatik (grundständig)|
HA 43134-91500|Bioinformatik (grundständig)|
HA 43134-91700|Medizinische Informatik (grundständig)|
HA 43144-90800|Geoinformatik (grundständig)|
HA 43153-91300|Medieninformatik (grundständig)|
HA 43383-90100|IT-Sicherheit (grundständig)|
HA 43394-91400|IT-Management (grundständig)|
HA 43413-90500|Softwaretechnik (grundständig)|
HA 51133-90500|Schiffsbetriebstechnik (grundständig)|
HA 51503-90300|Verkehrsingenieurwesen (grundständig)|
HA 51593-90600|Schiffs-, Reedereimanagement, Hafenwirtschaft (grundständig)|
HA 51613-90400|Verkehrsbetriebswirtschaft (grundständig)|
HA 51613-91600|Luftverkehrsmanagement (grundständig)|
HA 51623-92100|Logistik, Supply-Chain-Management (grundständig)|
HA 52413-91900|Nautik (grundständig)|
HA 53123-90400|Sicherheitstechnik (grundständig)|
HA 53183-90200|Sicherheitsmanagement (grundständig)|
HA 53183-91900|Rettungsingenieurwesen (grundständig)|
HA 61123-91400|Technischer Vertrieb (grundständig)|
HA 61203-90800|Handelsbetriebswirtschaft (grundständig)|
HA 61283-91900|Automobilwirtschaft, Automotive Management (grundständig)|
HA 61313-91200|Immobilienwirtschaft (grundständig)|
HA 61323-90500|Facility-Management, Technisches Gebäudemanagement (grundständig)|
HA 63113-91500|Tourismusmanagement (grundständig)|
HA 63123-90600|Sportmanagement, -ökonomie (grundständig)|
HA 63213-90700|Hotelmanagement (grundständig)|
HA 63403-91200|Kulturmanagement (grundständig)|
HA 63403-91300|Event-Management (grundständig)|
HA 71303-96300|Betriebswirtschaftslehre, Business Administration (grundständig)|
HA 71303-96400|Handwerksmanagement (grundständig)|
HA 71303-96500|Industriebetriebswirtschaft (grundständig)|
HA 71303-96600|Internationale Wirtschaft (grundständig)|
HA 71303-96700|Unternehmensführung, Management (grundständig)|
HA 71314-92400|Coaching, Beratung, Supervision (grundständig)|
HA 71324-90100|Unternehmensberatung (grundständig)|
HA 71333-90400|Regionalmanagement (grundständig)|
HA 71383-92100|Energie-, Ressourcenmanagement (grundständig)|
HA 71383-94800|Nachhaltigkeitsmanagement (grundständig)|
HA 71423-90600|Dolmetschen (grundständig)|
HA 71423-90700|Gebärdensprachdolmetschen (grundständig)|
HA 71423-93100|Übersetzen (grundständig)|
HA 71513-90700|Personalmanagement, -dienstleistung (grundständig)|
HA 71523-90600|Arbeitsmarktmanagement (grundständig)|
HA 71523-90800|Beratung für Bildung, Beruf und Beschäftigung (grundständig)|
HA 72123-91100|Bank, Finanzdienstleistungen (grundständig)|
HA 72133-90900|Versicherungsbetriebswirtschaft (grundständig)|
HA 72213-91100|Finanz- und Rechnungswesen, Controlling (grundständig)|
B 26252-91100|Industrieelektriker/Industrieelektrikerin - Betriebstechnik|
B 26252-91400|Elektroanlagenmonteur/Elektroanlagenmonteurin|
B 26252-91700|Elektroniker/Elektronikerin für Betriebstechnik|
B 26302-90100|Staatlich geprüfter Elektrotechnischer Assistent/Staatlich geprüfte Elektrotechnische Assistentin|
B 26302-90400|Industrieelektriker/Industrieelektrikerin - Geräte und Systeme|
B 26302-90600|Elektroniker/Elektronikerin für Geräte und Systeme|
B 26312-90400|Fachpraktiker/Fachpraktikerin für elektronische Geräte und Systeme (§66 BBiG/§42r HwO)|
B 26312-91300|Informations- und Telekommunikationssystem-Elektroniker/Informations- und Telekommunikationssystem-Elektronikerin|
B 26312-95400|Fachpraktiker/Fachpraktikerin für IT Systemelektronik (§66 BBiG/§42r HwO)|
B 26312-95800|Elektroniker/Elektronikerin für Informations- und Systemtechnik|
B 26312-96000|Informationselektroniker/Informationselektronikerin|
B 26322-90000|Mikrotechnologe/Mikrotechnologin|
B 26332-90200|Fluggerätelektroniker/Fluggerätelektronikerin|
B 27212-90900|Fachpraktiker/Fachpraktikerin für Technisches Produktdesign (§66 BBiG/§42r HwO)|
B 27212-91200|Bauzeichner/Bauzeichnerin|
B 27212-92500|Technischer Produktdesigner/Technische Produktdesignerin Fachrichtung Maschinen- und Anlagenkonstruktion|
B 27212-92600|Technischer Systemplaner/Technische Systemplanerin Fachrichtung Stahl- und Metallbautechnik|
B 27212-92800|Technischer Systemplaner/Technische Systemplanerin Fachrichtung Elektrotechnische Systeme|
B 27212-93000|Technischer Produktdesigner/Technische Produktdesignerin Fachrichtung Produktgestaltung und -konstruktion|
B 27212-93100|Technischer Systemplaner/Technische Systemplanerin Fachrichtung Versorgungs- und Ausrüstungstechnik|
B 27212-93200|Bautechnischer Konstrukteur/Bautechnische Konstrukteurin Fachrichtung Architektur|
B 27212-93300|Bautechnischer Konstrukteur/Bautechnische Konstrukteurin Fachrichtung Tief-, Verkehrswege- und Landschaftsbau|
B 27212-93400|Bautechnischer Konstrukteur/Bautechnische Konstrukteurin Fachrichtung Ingenieurbau|
B 27232-90200|Biologiemodellmacher/Biologiemodellmacherin|
B 27232-91100|Technischer Modellbauer/Technische Modellbauerin Fachrichtung Anschauung|
B 27232-91200|Technischer Modellbauer/Technische Modellbauerin Fachrichtung Gießerei|
B 27232-91400|Technischer Modellbauer/Technische Modellbauerin Fachrichtung Karosserie und Produktion|
B 27302-90200|Produktionstechnologe/Produktionstechnologin|
B 28102-90400|Produktionsmechaniker/Produktionsmechanikerin - Textil|
B 28102-90800|Maschinen- und Anlagenführer/Maschinen- und Anlagenführerin Schwerpunkt Textiltechnik|
B 28112-90800|Produktgestalter/Produktgestalterin - Textil|
B 28112-91900|Textilgestalter/Textilgestalterin im Handwerk Fachrichtung Sticken|
B 28122-95600|Produktprüfer/Produktprüferin - Textil|
B 28122-95700|Textilgestalter/Textilgestalterin im Handwerk Fachrichtung Posamentieren|
B 28122-95800|Textilgestalter/Textilgestalterin im Handwerk Fachrichtung Weben|
B 28122-96000|Textilgestalter/Textilgestalterin im Handwerk Fachrichtung Stricken|
B 28122-96100|Textilgestalter/Textilgestalterin im Handwerk Fachrichtung Filzen|
B 28122-96200|Textilgestalter/Textilgestalterin im Handwerk Fachrichtung Klöppeln|
B 28132-90200|Seiler/Seilerin|
B 28142-91400|Produktveredler/Produktveredlerin - Textil|
B 28142-91500|Maschinen- und Anlagenführer/Maschinen- und Anlagenführerin Schwerpunkt Textilveredelung|
B 28212-90200|Staatlich geprüfter Modedesigner/Staatlich geprüfte Modedesignerin|
B 28222-90500|Fachpraktiker/Fachpraktikerin für Näherei und Schneiderei (§66 BBiG/§42r HwO)|
B 28222-91400|Modist/Modistin|
B 28222-91800|Staatlich geprüfter Bekleidungstechnischer Assistent/Staatlich geprüfte Bekleidungstechnische Assistentin|
B 28222-92200|Maßschneider/Maßschneiderin|
B 28222-92300|Änderungsschneider/Änderungsschneiderin|
B 28222-93500|Textil- und Modenäher/Textil- und Modenäherin|
B 28222-93600|Textil- und Modeschneider/Textil- und Modeschneiderin|
B 28232-90100|Segelmacher/Segelmacherin|
B 28232-90200|Technischer Konfektionär/Technische Konfektionärin|
D 28293-90200|Modistenmeister/Modistenmeisterin/Bachelor Professional im Modisten-Handwerk|
D 28293-90300|Segelmachermeister/Segelmachermeisterin/Bachelor Professional im Segelmacher-Handwerk|
D 28293-90500|Industriemeister/Industriemeisterin Fachrichtung Polsterei/Polstermöbel|
D 28293-91600|Industriemeister/Industriemeisterin Fachrichtung Fahrzeuginterieur-Mechanik/Bachelor Professional für Fahrzeuginterieur-Mechanik|
D 28333-90500|Staatlich geprüfter Techniker/Staatlich geprüfte Technikerin Fachrichtung Schuhtechnik/Bachelor Professional in Technik|
D 28393-90000|Schuhmachermeister/Schuhmachermeisterin/Bachelor Professional im Schuhmacher-Handwerk|
D 28393-90100|Orthopädieschuhmachermeister/Orthopädieschuhmachermeisterin/Bachelor Professional im Orthopädieschuhmacher-Handwerk|
D 28393-90200|Sattler- und Feintäschnermeister/Sattler- und Feintäschnermeisterin/Bachelor Professional im Sattler- und Feintäschner-Handwerk|
D 28393-90300|Kürschnermeister/Kürschnermeisterin/Bachelor Professional im Kürschner-Handwerk|
D 28393-90400|Industriemeister/Industriemeisterin Fachrichtung Schuhfertigung|
D 29103-90100|Staatlich geprüfter Brau- und Getränketechnologe/Staatlich geprüfte Brau- und Getränketechnologin/Bachelor Professional in Technik|
D 29132-90400|Staatlich geprüfte Fachkraft für Brennereiwesen|
D 29193-90000|Weinküfermeister/Weinküfermeisterin/Bachelor Professional im Weinküfer-Handwerk|
D 29193-90100|Brauer- und Mälzermeister/Brauer- und Mälzermeisterin/Bachelor Professional im Brauer- und Mälzer-Handwerk|
D 29193-90200|Landwirtschaftlicher Brennmeister/Landwirtschaftliche Brennmeisterin|
D 29193-90300|Geprüfter Destillateurmeister/Geprüfte Destillateurmeisterin|
D 29193-90400|Getränkebetriebsmeister/Getränkebetriebsmeisterin|
D 29193-90600|Betriebsbraumeister/Betriebsbraumeisterin|
D 29193-90700|Kellermeister/Kellermeisterin|
D 29193-90800|Industriemeister/Industriemeisterin Fachrichtung Fruchtsaft und Getränke|
D 29203-90100|Staatlich geprüfter Techniker/Staatlich geprüfte Technikerin Fachrichtung Lebensmitteltechnik Schwerpunkt Lebensmittelverarbeitungstechnik/Bachelor Professional in Technik|
D 29203-90500|Staatlich geprüfter Techniker/Staatlich geprüfte Technikerin Fachrichtung Lebensmitteltechnik Schwerpunkt Feinkost und Fertiggerichte/Bachelor Professional in Technik|
D 29203-90900|Staatlich geprüfter Techniker/Staatlich geprüfte Technikerin Fachrichtung Lebensmitteltechnik (ohne Schwerpunkt)/Bachelor Professional in Technik|
D 29203-93400|Staatlich geprüfter Techniker/Staatlich geprüfte Technikerin Fachrichtung Lebensmitteltechnik Schwerpunkt Produktentwicklung und Qualitätsmanagement/Bachelor Professional in Technik|
D 29223-90000|Staatlich geprüfter Techniker/Staatlich geprüfte Technikerin Fachrichtung Lebensmitteltechnik Schwerpunkt Bäckereitechnik/Bachelor Professional in Technik|
D 29233-90000|Staatlich geprüfter Techniker/Staatlich geprüfte Technikerin Fachrichtung Lebensmitteltechnik Schwerpunkt Fleischereitechnik/Bachelor Professional in Technik|
D 29253-90000|Staatlich geprüfter Wirtschafter/Staatlich geprüfte Wirtschafterin Fachrichtung Milchwirtschaft und Molkereiwesen/Bachelor Professional in Agrarwirtschaft|
D 29253-90100|Staatlich geprüfter Techniker/Staatlich geprüfte Technikerin Fachrichtung Milchwirtschaft und Molkereiwesen/Bachelor Professional in Technik|
D 29293-90000|Bäckermeister/Bäckermeisterin/Bachelor Professional im Bäcker-Handwerk|
D 29293-90100|Konditormeister/Konditormeisterin/Bachelor Professional. im Konditor-Handwerk|
D 29293-90200|Fleischermeister/Fleischermeisterin/Bachelor Professional im Fleischer-Handwerk|
D 29293-90300|Molkereimeister/Molkereimeisterin - Bachelor Professional in Milchtechnologie|
D 29293-90400|Müllermeister/Müllermeisterin/B. Prof. im Müller-Handwerk|
D 29293-90500|Industriemeister/Industriemeisterin Fachrichtung Lebensmittel|
D 29293-90600|Industriemeister/Industriemeisterin Fachrichtung Süßwaren|
D 29382-90000|Diätkoch/Diätköchin|
D 29393-90000|Geprüfter Küchenmeister/Geprüfte Küchenmeisterin|
HA 72303-90800|Steuern, Prüfungswesen (grundständig)|
HA 73104-90600|Rechtswissenschaft (Erste juristische Prüfung)|
HA 73104-90800|Rechtswissenschaft (grundständig außer Erste juristische Prüfung)|
HA 73183-90500|Öffentliches Recht (grundständig)|
HA 73183-90600|Wirtschaftsrecht (grundständig)|
HA 73203-92000|Staats-, Verwaltungswissenschaft (grundständig)|
HA 73203-92100|Verwaltungsmanagement, Public Management (grundständig)|
HA 73213-91100|Sozialversicherung (grundständig)|
HA 73223-91900|Sozialmanagement (grundständig)|
HA 73313-90200|Archivwissenschaft (grundständig)|
HA 73323-90400|Bibliotheks-, Informationswissenschaft (grundständig)|
HA 73323-90500|Buchwissenschaft (grundständig)|
HA 81113-90500|Dentalhygiene (grundständig)|
HA 81313-92000|Pflegepraxis (grundständig)|
HA 81333-90000|Medizinische Assistenz (grundständig)|
HA 81343-90000|Sanitäts-, Rettungswesen (grundständig)|
HA 81353-90200|Hebammenkunde (grundständig)|
HA 81393-90500|Pflegemanagement, -wissenschaft (grundständig)|
HA 81404-90300|Humanmedizin (grundständig)|
HA 81474-90600|Zahnmedizin (grundständig)|
HA 81504-90500|Tiermedizin (grundständig)|
HA 81614-90700|Kognitionswissenschaft (grundständig)|
HA 81614-90900|Kommunikationspsychologie (grundständig)|
HA 81614-91100|Pädagogische Psychologie (grundständig)|
HA 81614-91400|Wirtschaftspsychologie (grundständig)|
HA 81623-90300|Gesundheits-, Rehabilitationspsychologie (grundständig)|
HA 81623-90400|Psychologie (grundständig)|
HA 81634-94000|Psychotherapie (grundständig)|
HA 81713-90800|Physiotherapie (grundständig)|
HA 81723-90500|Ergotherapie (grundständig)|
HA 81733-90600|Logopädie, Sprachtherapie (grundständig)|
HA 81743-90200|Kunsttherapie (grundständig)|
HA 81743-90300|Musiktherapie (grundständig)|
HA 81753-90100|Komplementärmedizin (grundständig)|
HA 81783-91100|Gesundheitssport (grundständig)|
HA 81783-93100|Therapiewissenschaft (grundständig)|
HA 81804-90500|Pharmazie (grundständig außer Staatsexamen)|
HA 81804-90600|Pharmazie (Staatsexamen)|
HA 81883-90100|Klinische Forschung, Arzneimittelerprobung, -zulassung (grundständig)|
HA 82213-91200|Gesundheitsförderung, -pädagogik (grundständig)|
HA 82213-91300|Gesundheitsmanagement, -ökonomie (grundständig)|
HA 82213-91400|Gesundheitswissenschaft, Public Health (grundständig)|
HA 82283-90200|Ernährungswissenschaft, Ökotrophologie (grundständig)|
HA 82343-90200|Maskenbild (grundständig)|
HA 82503-90600|Medizinische Technik (grundständig)|
HA 82513-90000|Orthopädie-, Rehatechnik (grundständig)|
HA 82523-90500|Augenoptik, Optometrie (grundständig)|
HA 82533-90000|Hörtechnik, Audiologie (grundständig)|
HA 83123-91400|Soziale Arbeit (grundständig)|
HA 83133-90800|Heilpädagogik (grundständig)|
HA 83133-90900|Rehabilitations-, Sonderpädagogik (grundständig)|
HA 83314-91300|Theologie - Evangelische Theologie (grundständig außer kirchliche Abschlüsse)|
HA 83314-91500|Theologie - Freikirchen (grundständig)|
HA 83314-91700|Theologie - Islamische Theologie (grundständig)|
HA 83314-92000|Theologie - Katholische Theologie (grundständig außer kirchliche Abschlüsse)|
HA 83314-92200|Theologie - Orthodoxe Theologie (grundständig)|
HA 83314-92300|Theologie - Evangelische Theologie (kirchlicher Abschluss/Magister Theologiae)|
HA 83314-92400|Theologie - Katholische Theologie (kirchlicher Abschluss/Magister Theologiae)|
HA 83314-97700|Theologie - Jüdische Theologie (grundständig)|
B 28232-90300|Polster- und Dekorationsnäher/Polster- und Dekorationsnäherin|
B 28242-90000|Polsterer/Polsterin|
B 28242-90800|Fahrzeuginterieur-Mechaniker/Fahrzeuginterieur-Mechanikerin|
B 28312-90400|Fachkraft für Lederherstellung und Gerbereitechnik|
B 28322-90900|Sattler/Sattlerin Fachrichtung Feintäschnerei|
B 28322-91000|Sattler/Sattlerin Fachrichtung Reitsportsattlerei|
B 28322-91100|Sattler/Sattlerin Fachrichtung Fahrzeugsattlerei|
B 28322-91300|Fachkraft für Lederverarbeitung|
B 28332-90300|Orthopädieschuhmacher/Orthopädieschuhmacherin|
B 28332-90400|Schuhfertiger/Schuhfertigerin|
B 28332-90700|Schäftemacher/Schäftemacherin (§66 BBiG/§42r HwO)|
B 28332-91100|Maßschuhmacher/Maßschuhmacherin Fachrichtung Maßschuhe|
B 28332-91200|Maßschuhmacher/Maßschuhmacherin Fachrichtung Schaftbau|
B 28342-90000|Pelzveredler/Pelzveredlerin|
B 28342-90200|Kürschner/Kürschnerin|
B 29112-90000|Brauer und Mälzer/Brauerin und Mälzerin|
B 29122-90100|Weintechnologe/Weintechnologin|
B 29132-90000|Brenner/Brennerin|
B 29132-90100|Destillateur/Destillateurin|
B 29142-90000|Fachkraft für Fruchtsafttechnik|
B 29202-90000|Fachkraft für Lebensmitteltechnik|
B 29202-90100|Lebensmitteltechnischer Assistent/Lebensmitteltechnische Assistentin|
B 29202-90300|Maschinen- und Anlagenführer/Maschinen- und Anlagenführerin Schwerpunkt Lebensmitteltechnik|
B 29212-90700|Verfahrenstechnologe/Verfahrenstechnologin - Mühlen- und Getreidewirtschaft - Müllerei|
B 29212-90900|Verfahrenstechnologe/Verfahrenstechnologin - Mühlen- und Getreidewirtschaft - Agrarlager|
B 29222-90000|Bäcker/Bäckerin|
B 29222-90100|Fachpraktiker/Fachpraktikerin für Bäcker (§66 BBiG/§42r HwO)|
B 29222-90400|Konditor/Konditorin|
B 29222-90900|Fachpraktiker/Fachpraktikerin für Konditor (§66 BBiG/§42r HwO)|
B 29232-90100|Fachpraktiker/Fachpraktikerin für Fleischer (§66 BBiG/§42r HWO)|
B 29232-90500|Fleischer/Fleischerin|
B 29252-90400|Milchtechnologe/Milchtechnologin|
B 29262-90700|Süßwarentechnologe/Süßwarentechnologin|
B 29302-90000|Koch/Köchin|
B 29302-90100|Fachpraktiker/Fachpraktikerin Küche (Beikoch/Beiköchin) (§66 BBiG/§42r HwO)|
B 29302-90500|Fachkraft Küche|
B 31102-90000|Staatlich geprüfter Bautechnischer Assistent/Staatlich geprüfte Bautechnische Assistentin|
B 31132-90000|Fachkraft für Straßen- und Verkehrstechnik|
B 31142-90100|Fachkraft für Wasserwirtschaft|
B 31212-90900|Vermessungstechniker/Vermessungstechnikerin Fachrichtung Bergvermessung|
B 31212-91000|Vermessungstechniker/Vermessungstechnikerin Fachrichtung Vermessung|
B 31222-90300|Geomatiker/Geomatikerin|
B 32102-90400|Fachpraktiker/Fachpraktikerin für Hochbaufacharbeiter (§66 BBiG/§42r HwO)|
B 32112-90000|Beton- und Stahlbetonbauer/Beton- und Stahlbetonbauerin|
B 32112-91000|Hochbaufacharbeiter/Hochbaufacharbeiterin Schwerpunkt Beton- und Stahlbetonarbeiten|
B 32122-90000|Maurer/Maurerin|
B 32122-90700|Hochbaufacharbeiter/Hochbaufacharbeiterin Schwerpunkt Maurerarbeiten|
B 32132-90000|Feuerungs- und Schornsteinbauer/Feuerungs- und Schornsteinbauerin|
B 32132-90400|Hochbaufacharbeiter/Hochbaufacharbeiterin Schwerpunkt Feuerungs- und Schornsteinbauarbeiten|
B 32142-90400|Dachdecker/Dachdeckerin|
B 32142-90500|Fachpraktiker/Fachpraktikerin für Dachdecker (§66 BBiG/§42r HwO)|
B 32152-90000|Fassadenmonteur/Fassadenmonteurin|
B 32162-90000|Gerüstbauer/Gerüstbauerin|
B 32172-90000|Bauwerksmechaniker/Bauwerksmechanikerin für Abbruch und Betontrenntechnik|
B 32172-90100|Hochbaufacharbeiter/Hochbaufacharbeiterin Schwerpunkt Abbruch- und Betontrenntechnikarbeiten|
B 32202-90200|Fachpraktiker/Fachpraktikerin für Tiefbaufacharbeiter (§66 BBiG/§42r HwO)|
B 32202-90400|Spezialtiefbauer/Spezialtiefbauerin|
B 32222-90000|Straßenbauer/Straßenbauerin|
B 32222-90200|Asphaltbauer/Asphaltbauerin|
B 32222-90700|Tiefbaufacharbeiter/Tiefbaufacharbeiterin Schwerpunkt Straßenbauarbeiten|
B 32232-90000|Gleisbauer/Gleisbauerin|
D 31103-90100|Staatlich geprüfter Techniker/Staatlich geprüfte Technikerin Fachrichtung Bautechnik (ohne Schwerpunkt)/Bachelor Professional in Technik|
D 31103-97400|Geprüfter Berufsspezialist für Building Information Modeling (BIM) im Handwerk/Geprüfte Berufsspezialistin für Building Information Modeling (BIM) im Handwerk|
D 31103-97500|Bachelor Professional für Energieeffizienz und digitales Bauprojektmanagement|
D 31153-90200|Staatlich geprüfter Techniker/Staatlich geprüfte Technikerin Fachrichtung Bautechnik Schwerpunkt Bauerneuerung/Bausanierung/Bachelor Professional in Technik|
D 31173-90000|Baufachwirt/Baufachwirtin|
D 31213-90100|Staatlich geprüfter Techniker/Staatlich geprüfte Technikerin Fachrichtung Vermessungstechnik/Bachelor Professional in Technik|
D 31213-90300|Staatlich geprüfter Techniker/Staatlich geprüfte Technikerin Fachrichtung Seevermessungstechnik|
D 32103-90000|Staatlich geprüfter Techniker/Staatlich geprüfte Technikerin Fachrichtung Bautechnik Schwerpunkt Hochbau/Bachelor Professional in Technik|
D 32123-90000|Geprüfter Restaurator im Maurer- und Betonbauerhandwerk/Geprüfte Restauratorin im Maurer- und Betonbauerhandwerk - Master Professional für Restaurierung im Handwerk|
D 32123-90100|Maurer/Maurerin für Restaurierungsarbeiten|
D 32193-90200|Werkpolier/Werkpolierin - Hochbau|
D 32193-90300|Maurer- und Betonbauermeister/Maurer- und Betonbauermeisterin/Bachelor Professional im Maurer- und Betonbauer-Handwerk|
D 32193-90500|Dachdeckermeister/Dachdeckermeisterin/Bachelor Professional im Dachdecker-Handwerk|
D 32193-90600|Gerüstbauermeister/Gerüstbauermeisterin/Bachelor Professional im Gerüstbauer-Handwerk|
D 32193-90800|Geprüfter Polier/Geprüfte Polierin - Hochbau|
D 32193-92200|Geprüfter Gerüstbau-Kolonnenführer/Geprüfte Gerüstbau-Kolonnenführerin|
D 32203-90000|Staatlich geprüfter Techniker/Staatlich geprüfte Technikerin Fachrichtung Bautechnik Schwerpunkt Tiefbau/Bachelor Professional in Technik|
D 32293-90000|Straßenbauermeister/Straßenbauermeisterin/Bachelor Professional im Straßenbauer-Handwerk|
D 32293-90100|Brunnenbauermeister/Brunnenbauermeisterin/Bachelor Professional im Brunnenbauer-Handwerk|
D 32293-90200|Geprüfter Gleisbaumeister/Geprüfte Gleisbaumeisterin/Bachelor Professional für Gleisbau|
D 32293-90400|Werkpolier/Werkpolierin - Tiefbau|
D 32293-90500|Geprüfter Polier/Geprüfte Polierin - Tiefbau|
D 32293-92000|Geprüfter Wasserbaumeister/Geprüfte Wasserbaumeisterin|
D 33133-90000|Geprüfter Restaurator im Parkettlegerhandwerk/Geprüfte Restauratorin im Parkettlegerhandwerk - Master Professional für Restaurierung im Handwerk|
D 33193-90000|Fliesen-, Platten- und Mosaiklegermeister/Fliesen-, Platten- und Mosaiklegermeisterin/Bachelor Professional im Fliesen-, Platten- und Mosaikleger-Handwerk|
D 33193-90100|Estrichlegermeister/Estrichlegermeisterin/Bachelor Professional im Estrichleger-Handwerk|
D 33193-90200|Parkettlegermeister/Parkettlegermeisterin/Bachelor Professional im Parkettleger-Handwerk|
D 33213-90000|Geprüfter Restaurator im Maler- und Lackiererhandwerk/Geprüfte Restauratorin im Maler- und Lackiererhandwerk - Master Professional für Restaurierung im Handwerk|
D 33213-90100|Maler und Lackierer/Malerin und Lackiererin für Restaurierungsarbeiten|
D 33223-90000|Geprüfter Restaurator im Stuckateurhandwerk/Geprüfte Restauratorin im Stuckateurhandwerk - Master Professional für Restaurierung im Handwerk|
D 33293-90000|Stuckateurmeister/Stuckateurmeisterin/Bachelor Professional im Stuckateur-Handwerk|
D 33293-90100|Maler- und Lackierermeister/Maler- und Lackierermeisterin/Bachelor Professional im Maler- und Lackierer-Handwerk|
D 33293-90500|Meister im Holz- und Bautenschutzgewerbe/Meisterin im Holz- und Bautenschutzgewerbe|
D 33303-90100|Staatlich geprüfter Techniker/Staatlich geprüfte Technikerin Fachrichtung Bautechnik Schwerpunkt Ausbau/Bachelor Professional in Technik|
D 33323-90000|Geprüfter Restaurator im Zimmererhandwerk/Geprüfte Restauratorin im Zimmererhandwerk - Master Professional für Restaurierung im Handwerk|
D 33323-90100|Zimmerer/Zimmerin für Restaurierungsarbeiten|
D 33393-90000|Zimmerermeister/Zimmerermeisterin/Bachelor Professional im Zimmerer-Handwerk|
HA 84114-90400|Lehramt an Grundschulen (Staatsexamen)|
HA 84114-90500|Lehramt an Grundschulen (grundständig außer Staatsexamen)|
HA 84124-91700|Lehramt an Gymnasien (Staatsexamen)|
HA 84124-92200|Waldorfpädagogik (grundständig)|
HA 84124-92400|Lehramt an Gymnasien (grundständig außer Staatsexamen)|
HA 84124-92700|Lehramt an Förderschulen/für Sonderpädagogik (grundständig außer Staatsexamen)|
HA 84124-98800|Lehramt für Schularten der Sekundarstufe I (grundständig außer Staatsexamen)|
HA 84124-98900|Lehramt für Schularten der Sekundarstufe I (Staatsexamen)|
HA 84134-90800|Lehramt an Förderschulen/für Sonderpädagogik (Staatsexamen)|
HA 84213-81300|Lehramt an berufsbildenden/beruflichen Schulen/Berufskollegs (Staatsexamen)|
HA 84213-82200|Ingenieurpädagogik (grundständig)|
HA 84213-91500|Lehramt an berufsbildenden/beruflichen Schulen/Berufskollegs (grundständig außer Staatsexamen)|
HA 84213-91600|Medizin-, Pflegepädagogik (grundständig)|
HA 84213-91700|Wirtschaftspädagogik (grundständig)|
HA 84223-91200|Berufspädagogik (grundständig)|
HA 84413-90100|Musikpädagogik (grundständig)|
HA 84424-90500|Religionspädagogik, Gemeindearbeit - Evangelische Gemeinden (grundständig)|
HA 84424-90700|Religionspädagogik, Gemeindearbeit - Jüdische Gemeinden (grundständig)|
HA 84424-90800|Religionspädagogik, Gemeindearbeit - Katholische Gemeinden (grundständig)|
HA 84424-95700|Religionspädagogik, Gemeindearbeit - Islamische Gemeinden (grundständig)|
HA 84434-90500|Kunstpädagogik (grundständig)|
HA 84434-90700|Theaterpädagogik (grundständig)|
HA 84454-90500|Deutsch als Zweit-/Fremdsprache (grundständig)|
HA 84483-90300|Eurythmie (grundständig)|
HA 84503-90400|Sportwissenschaft (grundständig)|
HA 91104-91100|Allgemeine und vergleichende Literaturwissenschaft (grundständig)|
HA 91104-91300|Allgemeine und vergleichende Sprachwissenschaft (grundständig)|
HA 91114-90600|Germanistik (grundständig)|
HA 91124-90800|Anglistik, Amerikanistik (grundständig)|
HA 91134-91500|Romanistik - Französisch (grundständig)|
HA 91134-91700|Romanistik - Italienisch (grundständig)|
HA 91134-91900|Romanistik - Portugiesisch (grundständig)|
HA 91134-92100|Romanistik - Spanisch (grundständig)|
HA 91134-92300|Romanistik (grundständig)|
HA 91144-92600|Baltistik (grundständig)|
HA 91144-92700|Finnougristik (grundständig)|
HA 91144-92900|Slawistik - Ostslawistik (grundständig)|
HA 91144-93100|Slawistik - Südslawistik (grundständig)|
HA 91144-93200|Slawistik - Westslawistik (grundständig)|
HA 91144-93400|Slawistik (grundständig)|
HA 91154-91800|Arabistik (grundständig)|
HA 91154-92000|Iranistik (grundständig)|
HA 91154-92200|Islamwissenschaft (grundständig)|
HA 91154-92400|Jüdische Studien, Judaistik (grundständig)|
HA 91154-92600|Nah- und Mitteloststudien (grundständig)|
HA 91154-92800|Semitistik (grundständig)|
HA 91154-93000|Turkologie (grundständig)|
HA 91164-92400|Indologie (grundständig)|
HA 91164-92600|Japanologie (grundständig)|
HA 91164-92900|Koreanistik (grundständig)|
HA 91164-93100|Sinologie (grundständig)|
HA 91174-90800|Klassische Philologie - Gräzistik (grundständig)|
HA 91174-91000|Klassische Philologie - Latinistik (grundständig)|
HA 91174-91200|Neogräzistik (grundständig)|
HA 91184-81200|Rhetorik, Sprechwissenschaft (grundständig)|
HA 91184-91500|Afrikanistik (grundständig)|
HA 91184-91700|Computerlinguistik (grundständig)|
HA 91184-92000|Niederlandistik (grundständig)|
B 32232-90500|Tiefbaufacharbeiter/Tiefbaufacharbeiterin Schwerpunkt Gleisbauarbeiten|
B 32242-90000|Brunnenbauer/Brunnenbauerin|
B 32242-90500|Tiefbaufacharbeiter/Tiefbaufacharbeiterin Schwerpunkt Brunnen- und Spezialtiefbauarbeiten|
B 32252-90000|Kanalbauer/Kanalbauerin|
B 32252-90100|Tiefbaufacharbeiter/Tiefbaufacharbeiterin Schwerpunkt Kanalbauarbeiten|
B 32252-90300|Kanalbauer/Kanalbauerin für Infrastrukturtechnik|
B 32252-90500|Tiefbaufacharbeiter/Tiefbaufacharbeiterin Schwerpunkt Kanalbauarbeiten für Infrastrukturtechnik|
B 32262-90000|Wasserbauer/Wasserbauerin|
B 33102-90000|Bodenleger/Bodenlegerin|
B 33112-90000|Fliesen-, Platten- und Mosaikleger/Fliesen-, Platten- und Mosaiklegerin|
B 33112-90500|Ausbaufacharbeiter/Ausbaufacharbeiterin Schwerpunkt Fliesen-, Platten- und Mosaikarbeiten|
B 33122-90000|Estrichleger/Estrichlegerin|
B 33122-90300|Ausbaufacharbeiter/Ausbaufacharbeiterin Schwerpunkt Estricharbeiten|
B 33132-90000|Parkettleger/Parkettlegerin|
B 33212-90300|Fachpraktiker/Fachpraktikerin für Maler und Lackierer (§66 BBiG/§42r HwO)|
B 33212-91300|Maler und Lackierer/Malerin und Lackiererin Fachrichtung Gestaltung und Instandhaltung|
B 33212-91400|Maler und Lackierer/Malerin und Lackiererin Fachrichtung Bauten- und Korrosionsschutz|
B 33212-91500|Maler und Lackierer/Malerin und Lackiererin Fachrichtung Kirchenmalerei und Denkmalpflege|
B 33212-92100|Maler und Lackierer/Malerin und Lackiererin Fachrichtung Energieeffizienz- und Gestaltungstechnik|
B 33212-92200|Maler und Lackierer/Malerin und Lackiererin Fachrichtung Ausbautechnik und Oberflächengestaltung|
B 33222-90000|Stuckateur/Stuckateurin|
B 33222-90700|Ausbaufacharbeiter/Ausbaufacharbeiterin Schwerpunkt Stuckateurarbeiten|
B 33232-90000|Bauwerksabdichter/Bauwerksabdichterin|
B 33242-90100|Holz- und Bautenschützer/Holz- und Bautenschützerin Fachrichtung Holzschutz|
B 33242-90200|Fachkraft für Holz- und Bautenschutzarbeiten|
B 33242-90300|Holz- und Bautenschützer/Holz- und Bautenschützerin Fachrichtung Bautenschutz|
B 33293-90600|Ausbaumanager/Ausbaumanagerin|
B 33302-90100|Fachpraktiker/Fachpraktikerin im Ausbaufachwerk (§66 BBiG/§42r HwO)|
B 33302-90400|Trockenbaumonteur/Trockenbaumonteurin|
B 33302-90700|Ausbaufacharbeiter/Ausbaufacharbeiterin Schwerpunkt Trockenbauarbeiten|
B 33312-90100|Wärme-, Kälte- und Schallschutzisolierer/Wärme-, Kälte- und Schallschutzisoliererin|
B 33312-90200|Industrie-Isolierer/Industrie-Isoliererin|
B 33312-90300|Isolierfacharbeiter/Isolierfacharbeiterin|
B 33312-90600|Ausbaufacharbeiter/Ausbaufacharbeiterin Schwerpunkt Wärme-, Kälte- und Schallschutzarbeiten|
B 33322-90000|Zimmerer/Zimmerin|
B 33322-91100|Bootsbauer/Bootsbauerin Fachrichtung Neu-, Aus- und Umbau|
B 33322-91200|Ausbaufacharbeiter/Ausbaufacharbeiterin Schwerpunkt Zimmerarbeiten|
B 33342-90000|Glaser/Glaserin Fachrichtung Verglasung und Glasbau|
B 33342-90100|Glaser/Glaserin Fachrichtung Fenster- und Glasfassadenbau|
B 33352-90100|Rollladen- und Sonnenschutzmechatroniker/Rollladen- und Sonnenschutzmechatronikerin|
B 34102-90600|Fachpraktiker/Fachpraktikerin im Gebäudeservice (§66 BBiG/§42r HwO)|
B 34202-90000|Klempner/Klempnerin|
B 34212-90400|Anlagenmechaniker/Anlagenmechanikerin für Sanitär-, Heizungs- und Klimatechnik|
B 34212-90500|Fachpraktiker/Fachpraktikerin für Anlagenmechaniker Sanitär-, Heizungs- und Klimatechnik (§66 BBiG/§42r HwO)|
B 34222-90300|Ofen- und Luftheizungsbauer/Ofen- und Luftheizungsbauerin|
B 34232-90200|Mechatroniker/Mechatronikerin für Kältetechnik|
B 34312-90700|Umwelttechnologe/Umwelttechnologin für Wasserversorgung|
B 34312-90800|Umwelttechnologe/Umwelttechnologin für Abwasserbewirtschaftung|
B 34312-90900|Umwelttechnologe/Umwelttechnologin für Rohrleitungsnetze und Industrieanlagen|
B 34322-90000|Rohrleitungsbauer/Rohrleitungsbauerin|
B 34322-90500|Tiefbaufacharbeiter/Tiefbaufacharbeiterin Schwerpunkt Rohrleitungsbauarbeiten|
B 34322-90600|Leitungsbauer/Leitungsbauerin für Infrastrukturtechnik|
D 33393-90100|Wärme-, Kälte- und Schallschutzisolierermeister/Wärme-, Kälte- und Schallschutzisolierermeisterin/Bachelor Professional im Wärme-, Kälte- und Schallschutzisolierer-Handwerk|
D 33393-90200|Glasermeister/Glasermeisterin/Bachelor Professional im Glaser-Handwerk|
D 33393-90300|Rollladen- und Sonnenschutztechnikermeister/Rollladen- und Sonnenschutztechnikermeisterin/Bachelor Professional im Rollladen- und Sonnenschutztechniker-Handwerk|
D 33393-90400|Industriemeister/Industriemeisterin Fachrichtung Isolierung|
D 33393-90500|Industriemeister/Industriemeisterin Fachrichtung Akustik- und Trockenbau|
D 33393-91400|Geprüfter Fachbauleiter/Geprüfte Fachbauleiterin im Tischlerhandwerk|
D 33393-91600|Staatlich anerkannter Fachleiter/Staatlich anerkannte Fachleiterin für Dach-, Wand- und Abdichtungstechnik|
D 34102-90200|Hauswart/Haustechniker/Hauswartin/Haustechnikerin|
D 34103-90000|Fachkraft für Gebäudetechnik|
D 34103-90100|Staatlich geprüfter Techniker/Staatlich geprüfte Technikerin Fachrichtung Gebäudesystemtechnik/Bachelor Professional in Technik|
D 34103-90300|Fachplaner/Fachplanerin für Energie- und Gebäudetechnik|
D 34103-93900|Geprüfter Berufsspezialist für intelligente Gebäudetechnik und Systemvernetzung/Geprüfte Berufsspezialistin für intelligente Gebäudetechnik und Systemvernetzung|
D 34103-94100|Bachelor Professional in intelligenter Gebäudetechnik und Systemvernetzung|
D 34213-90000|Staatlich geprüfter Techniker/Staatlich geprüfte Technikerin Fachrichtung Heizungs-, Lüftungs-, Klimatechnik/Bachelor Professional in Technik|
D 34213-90100|Staatlich geprüfter Techniker/Staatlich geprüfte Technikerin Fachrichtung Sanitärtechnik/Bachelor Professional in Technik|
D 34233-90000|Staatlich geprüfter Techniker/Staatlich geprüfte Technikerin Fachrichtung Kältetechnik/Bachelor Professional in Technik|
D 34293-90000|Klempnermeister/Klempnermeisterin/Bachelor Professional im Klempner-Handwerk|
D 34293-90100|Kälteanlagenbauermeister/Kälteanlagenbauermeisterin/Bachelor Professional im Kälteanlagenbauer-Handwerk|
D 34293-90200|Ofen- und Luftheizungsbauermeister/Ofen- und Luftheizungsbauermeisterin/Bachelor Professional im Ofen- und Luftheizungsbauer-Handwerk|
D 34293-90500|Installateur- und Heizungsbauermeister/Installateur- und Heizungsbauermeisterin/Bachelor Professional im Installateur- und Heizungsbauer-Handwerk|
D 34323-90100|Geprüfter Berufsspezialist für Verteilnetztechnik/Geprüfte Berufsspezialistin für Verteilnetztechnik|
D 34393-90000|Behälter- und Apparatebauermeister/Behälter- und Apparatebauermeisterin/Bachelor Professional im Behälter- und Apparatebauer-Handwerk|
D 34393-90100|Geprüfter Wassermeister/Geprüfte Wassermeisterin|
D 34393-90400|Geprüfter Abwassermeister/Geprüfte Abwassermeisterin|
D 34393-90500|Geprüfter Meister/Geprüfte Meisterin für Kreislauf- und Abfallwirtschaft und Städtereinigung|
D 34393-91700|Geprüfter Meister/Geprüfte Meisterin für Rohr-, Kanal- und Industrieservice|
D 34393-91800|Geprüfter Netzmeister/Geprüfte Netzmeisterin/Bachelor Professional für Verteilnetze|
D 34393-91900|Geprüfter Kraftwerksmeister/Geprüfte Kraftwerksmeisterin - Fachrichtung Thermische Abfallbehandlung (TAB)|
D 41184-96100|Aktuar/Aktuarin|
D 41213-90000|Staatlich geprüfter Techniker/Staatlich geprüfte Technikerin Fachrichtung Biotechnik/Bachelor Professional in Technik|
D 41293-90000|Milchwirtschaftlicher Labormeister/Milchwirtschaftliche Labormeisterin - Bachelor Professional im milchwirtschaftlichen Laborwesen|
D 41313-90100|Staatlich geprüfter Techniker/Staatlich geprüfte Technikerin Fachrichtung Chemietechnik (ohne Schwerpunkt)/Bachelor Professional in Technik|
D 41313-90500|Staatlich geprüfter Techniker/Staatlich geprüfte Technikerin Fachrichtung Chemietechnik Schwerpunkt Betriebstechnik/Bachelor Professional in Technik|
D 41323-90000|Staatlich geprüfter Techniker/Staatlich geprüfte Technikerin Fachrichtung Chemietechnik Schwerpunkt Biochemie/Bachelor Professional in Technik|
D 41323-90100|Staatlich geprüfter Techniker/Staatlich geprüfte Technikerin Fachrichtung Chemietechnik Schwerpunkt Laboratoriumstechnik/Bachelor Professional in Technik|
D 41393-90000|Industriemeister/Industriemeisterin Fachrichtung Chemie|
HA 91184-92200|Skandinavistik (grundständig)|
HA 91184-98600|Digitale Geisteswissenschaften/Computerphilologie (grundständig)|
HA 91214-90700|Philosophie, Ethik (grundständig)|
HA 91214-90900|Religionswissenschaft (grundständig)|
HA 91224-81500|Mediävistik (grundständig)|
HA 91224-85400|Keltologie (grundständig)|
HA 91224-91400|Ägyptologie (grundständig)|
HA 91224-91600|Altertumswissenschaften (grundständig)|
HA 91224-91700|Geschichte (grundständig)|
HA 91233-90200|Archäologie (grundständig)|
HA 91244-91400|Kommunikationswissenschaft (grundständig)|
HA 91244-91600|Medienwissenschaft (grundständig)|
HA 91244-91800|Theaterwissenschaft (grundständig)|
HA 91254-92400|Regionalwissenschaft - Afrika (grundständig)|
HA 91254-92600|Regionalwissenschaft - Asien (grundständig)|
HA 91254-92800|Regionalwissenschaft - Europa (grundständig)|
HA 91254-93000|Regionalwissenschaft - Lateinamerika (grundständig)|
HA 91254-93200|Regionalwissenschaft - Nordamerika (grundständig)|
HA 91264-94800|Sozial-, Kulturanthropologie (grundständig)|
HA 91314-91700|Politikwissenschaft (grundständig)|
HA 91314-98100|Humanitäre Hilfe (grundständig)|
HA 91324-91500|Gender Studies (grundständig)|
HA 91324-91700|Sozialwissenschaften (grundständig)|
HA 91324-91900|Soziologie (grundständig)|
HA 91334-75400|Kindheitspädagogik (grundständig)|
HA 91334-76100|Kulturpädagogik (grundständig)|
HA 91334-76300|Medienpädagogik (grundständig)|
HA 91334-91300|Erziehungs-, Bildungswissenschaft (grundständig)|
HA 91343-90000|Markt-, Kommunikationsforschung (grundständig)|
HA 91384-80500|Interkulturelle Kommunikation (grundständig)|
HA 91384-85000|Liberal Arts (grundständig)|
HA 91384-90900|Allgemeine und vergleichende Kulturwissenschaft (grundständig)|
HA 91384-91100|Gerontologie (grundständig)|
HA 91384-91300|Interkulturelle Studien (grundständig)|
HA 91404-91000|Volkswirtschaftslehre (grundständig)|
HA 91404-91200|Wirtschaftswissenschaften (grundständig)|
HA 91484-90300|Sozialökonomie (grundständig)|
HA 92113-92500|Dienstleistungs-, Servicemanagement (grundständig)|
HA 92113-92600|Marketing, Vertrieb (grundständig)|
HA 92113-92700|Werbung, Marketingkommunikation (grundständig)|
HA 92203-90200|Public Relations, Kommunikationsmanagement (grundständig)|
HA 92303-91300|Medienwirtschaft, -management (grundständig)|
HA 92413-90700|Journalistik (grundständig)|
HA 92413-90800|Technische Redaktion (grundständig)|
HA 93103-90500|Design (grundständig)|
HA 93103-90600|Produkt-, Industriedesign (grundständig)|
HA 93213-90700|Innenarchitektur (grundständig)|
HA 93223-90200|Ausstellungsdesign (grundständig)|
HA 93303-90200|Bildende Künste (grundständig)|
HA 93303-98700|Restaurierung (grundständig)|
HA 93523-90400|Schmuckdesign (grundständig)|
HA 93603-90100|Musikinstrumentenbau (grundständig)|
HA 94114-92000|Alte Musik (grundständig)|
HA 94114-92200|Instrumentalmusik (grundständig)|
HA 94114-92400|Jazz, Popularmusik (grundständig)|
HA 94114-92600|Kirchenmusik (grundständig)|
HA 94114-92800|Musikwissenschaft (grundständig)|
HA 94124-90400|Gesang (grundständig)|
HA 94134-90400|Dirigieren, Chorleitung (grundständig)|
HA 94144-90300|Komposition (grundständig)|
HA 94183-90100|Korrepetition, Liedgestaltung (grundständig)|
HA 94183-90700|Audio-, Sounddesign (grundständig)|
HA 94214-90300|Schauspiel (grundständig)|
HA 94224-90600|Musiktheater, Musical (grundständig)|
HA 94224-90800|Tanz (grundständig)|
B 34322-90700|Tiefbaufacharbeiter/Tiefbaufacharbeiterin Schwerpunkt Leitungsbauarbeiten für Infrastrukturtechnik|
B 34332-90200|Fachpraktiker/Fachpraktikerin für Kreislauf- und Abfallwirtschaft (§66 BBiG/§42r HwO)|
B 34332-90800|Umwelttechnologe/Umwelttechnologin für Kreislauf- und Abfallwirtschaft|
B 34342-90100|Behälter- und Apparatebauer/Behälter- und Apparatebauerin|
B 34342-90500|Anlagenmechaniker/Anlagenmechanikerin|
B 41212-90100|Staatlich geprüfter Biologisch-technischer Assistent/Staatlich geprüfte Biologisch-technische Assistentin|
B 41212-90200|Biologielaborant/Biologielaborantin|
B 41212-90300|Milchwirtschaftlicher Laborant/Milchwirtschaftliche Laborantin|
B 41222-90000|Staatlich geprüfter Präparationstechnischer Assistent/Staatlich geprüfte Präparationstechnische Assistentin|
B 41222-90100|Medizinischer Sektions- und Präparationsassistent/Medizinische Sektions- und Präparationsassistentin|
B 41312-90100|Chemikant/Chemikantin|
B 41312-90200|Pharmakant/Pharmakantin|
B 41312-90600|Produktionsfachkraft Chemie|
B 41322-90000|Chemielaborjungwerker/Chemielaborjungwerkerin|
B 41322-90100|Staatlich geprüfter Chemisch-technischer Assistent/Staatlich geprüfte Chemisch-technische Assistentin|
B 41322-90700|Textillaborant/Textillaborantin|
B 41322-91200|Chemielaborant/Chemielaborantin|
B 41322-92500|Prüftechnologe/Prüftechnologin Keramik|
B 41412-90000|Physikalisch-technischer Assistent/Physikalisch-technische Assistentin|
B 41412-90100|Physiklaborant/Physiklaborantin|
B 41422-90300|Werkstoffprüfer/Werkstoffprüferin Fachrichtung Wärmebehandlungstechnik|
B 41422-90400|Werkstoffprüfer/Werkstoffprüferin Fachrichtung Metalltechnik|
B 41422-90700|Staatlich geprüfter Technischer Assistent/Staatlich geprüfte Technische Assistentin für Metallografie und Werkstoffkunde|
B 41422-91100|Werkstoffprüfer/Werkstoffprüferin Fachrichtung Systemtechnik|
B 41422-91200|Werkstoffprüfer/Werkstoffprüferin Fachrichtung Kunststofftechnik|
B 41432-90300|Baustoffprüfer/Baustoffprüferin|
B 42202-90000|Umweltschutztechnischer Assistent/Umweltschutztechnische Assistentin|
B 42212-90000|Schornsteinfeger/Schornsteinfegerin|
B 43102-90600|Fachinformatiker/Fachinformatikerin Fachrichtung Systemintegration|
B 43102-90700|Fachberater/Fachberaterin für integrierte Systeme|
B 43102-91200|Assistent/Assistentin für Informatik (allgemeine Informatik)|
B 43102-91300|Fachpraktiker/Fachpraktikerin für IT Systemintegration (§66 BBiG/§42r HwO)|
B 43112-90200|Kaufmännischer Assistent/Wirtschaftsassistent / Kaufmännische Assistentin/Wirtschaftsassistentin - Informationsverarbeitung|
B 43112-91000|Assistent/Assistentin für Informatik (Wirtschaftsinformatik)|
B 43112-91400|Kaufmännischer Assistent/Wirtschaftsassistent / Kaufmännische Assistentin/Wirtschaftsassistentin - Betriebsinformatik|
B 43112-91800|Kaufmann/Kauffrau für Digitalisierungsmanagement|
B 43112-91900|Fachinformatiker/Fachinformatikerin Fachrichtung Daten- und Prozessanalyse|
B 43112-92000|Kaufmännischer Assistent/Wirtschaftsassistent / Kaufmännische Assistentin/Wirtschaftsassistentin - E-Business Management|
B 43122-90100|Assistent/Assistentin für Informatik (technische Informatik)|
B 43152-90100|Assistent/Assistentin für Informatik (Medieninformatik)|
B 43232-90100|Kaufmann/Kauffrau für IT-System-Management|
B 43312-90000|Fachinformatiker/Fachinformatikerin Fachrichtung Digitale Vernetzung|
B 43412-90100|Assistent/Assistentin für Informatik (Softwaretechnik)|
B 43412-90200|Fachinformatiker/Fachinformatikerin Fachrichtung Anwendungsentwicklung|
B 43412-90300|Staatlich geprüfter Mathematisch-technischer Assistent/Staatlich geprüfte Mathematisch-technische Assistentin|
B 43412-90500|Fachberater/Fachberaterin für Softwaretechniken|
B 43412-90600|Mathematisch-technischer Softwareentwickler/Mathematisch-technische Softwareentwicklerin|
B 51132-90000|Schiffsbetriebstechnischer Assistent/Schiffsbetriebstechnische Assistentin|
B 51132-90500|Nautischer Offiziersassistent/Nautische Offiziersassistentin|
B 51132-90600|Technischer Offiziersassistent - Schiff/Technische Offiziersassistentin - Schiff|
B 51212-90000|Straßenwärter/Straßenwärterin|
D 41393-90100|Industriemeister/Industriemeisterin Fachrichtung Pharmazie|
D 41413-90000|Staatlich geprüfter Techniker/Staatlich geprüfte Technikerin Fachrichtung Physiktechnik/Bachelor Professional in Technik|
D 41423-90000|Staatlich geprüfter Techniker/Staatlich geprüfte Technikerin Fachrichtung Werkstofftechnik/Bachelor Professional in Technik|
D 42113-90000|Staatlich geprüfter Techniker/Staatlich geprüfte Technikerin Fachrichtung Geologietechnik/Bachelor Professional in Technik|
D 42203-90100|Staatlich geprüfter Techniker/Staatlich geprüfte Technikerin Fachrichtung Umweltschutztechnik (ohne Schwerpunkt)/Bachelor Professional in Technik|
D 42203-90300|Staatlich geprüfter Techniker/Staatlich geprüfte Technikerin Fachrichtung Umweltschutztechnik Schwerpunkt Verfahrenstechnik/Bachelor Professional in Technik|
D 42293-90000|Schornsteinfegermeister/Schornsteinfegermeisterin/Bachelor Professional im Schornsteinfeger-Handwerk|
D 42313-90100|Technischer Umweltfachwirt/Technische Umweltfachwirtin|
D 42313-90200|Gebäudeenergieberater/Gebäudeenergieberaterin|
D 42313-90900|Geprüfter Fachwirt für Energiewirtschaft/Geprüfte Fachwirtin für Energiewirtschaft - Bachelor Professional in Energiewirtschaft|
D 42313-91000|Staatlich geprüfter Techniker/Staatlich geprüfte Technikerin Fachrichtung Umweltschutztechnik und regenerative Energien/Bachelor Professional in Technik|
D 42333-90000|Strahlenschutzfachkraft|
D 42333-90100|Geprüfter Kraftwerksmeister/Geprüfte Kraftwerksmeisterin - Fachrichtung Strahlenschutz|
D 43103-80900|Bachelor Professional in IT|
D 43103-81000|Staatlich geprüfter Techniker/Staatlich geprüfte Technikerin Fachrichtung Künstliche Intelligenz/Bachelor Professional in Technik|
D 43113-87900|Staatlich geprüfter Techniker/Staatlich geprüfte Technikerin Fachrichtung Informatik Schwerpunkt Nachhaltige Digitalisierung/Bachelor Professional in Technik|
D 43113-88700|Geprüfter Berufsspezialist für Datenanalyse/Geprüfte Berufsspezialistin für Datenanalyse|
D 43113-90400|IT-Fachwirt/IT-Fachwirtin|
D 43113-90600|Staatlich geprüfter Techniker/Staatlich geprüfte Technikerin Fachrichtung Informatik Schwerpunkt Betriebsinformatik/Bachelor Professional in Technik|
D 43113-91200|Bachelor Professional in Betriebsinformatik|
D 43113-92300|Staatlich geprüfter Wirtschaftsinformatiker/Staatlich geprüfte Wirtschaftsinformatikerin/Bachelor Professional in Wirtschaft|
D 43113-93200|Betriebswirt/Betriebswirtin (Fachschule) für Informationsverarbeitung/Bachelor Professional in Wirtschaft|
D 43122-90400|SPS-Fachkraft|
D 43123-90100|Staatlich geprüfter Techniker/Staatlich geprüfte Technikerin Fachrichtung Informatik Schwerpunkt Technische Informatik/Bachelor Professional in Technik|
D 43123-97400|Staatlich geprüfter Techniker/Staatlich geprüfte Technikerin Fachrichtung Informatik Schwerpunkt KI und Robotik/Bachelor Professional in Technik|
D 43223-90200|Geprüfter Berufsspezialist für IT-Beratung/Geprüfte Berufsspezialistin für IT-Beratung|
D 43313-90000|Netzwerk-Servicetechniker/Netzwerk-Servicetechnikerin|
D 43313-90300|Staatlich geprüfter Techniker/Staatlich geprüfte Technikerin Fachrichtung Informatik Schwerpunkt Netzwerktechnologie/Bachelor Professional in Technik|
D 43313-90500|Geprüfter Berufsspezialist für Systemintegration und Vernetzung/Geprüfte Berufsspezialistin für Systemintegration und Vernetzung|
D 43333-90200|EDV-Fachkraft|
D 43383-92000|Geprüfter Berufsspezialist für Informationssicherheit/Geprüfte Berufsspezialistin für Informationssicherheit|
D 43383-92100|Staatlich geprüfter Techniker/Staatlich geprüfte Technikerin Fachrichtung Informatik Schwerpunkt IT-Sicherheit/Bachelor Professional in Technik|
D 43413-94200|Geprüfter Berufsspezialist für Softwareentwicklung/Geprüfte Berufsspezialistin für Softwareentwicklung|
D 51122-90100|Geprüfte Fachkraft Bodenverkehrsdienst im Luftverkehr|
D 51123-90000|Prüfer/Prüferin von Luftfahrtgerät / Certifying Staff|
D 51133-90000|Staatlich geprüfter Techniker/Staatlich geprüfte Technikerin Fachrichtung Schiffsbetriebstechnik/Bachelor Professional in Technik|
D 51133-90100|Schiffsmaschinist/Schiffsmaschinistin|
D 51293-90100|Bachelor Professional in Straßenbetriebsmanagement|
D 51312-90500|Fachkraft - Logistik/Materialwirtschaft|
D 51332-90100|Hafenfacharbeiter/Hafenfacharbeiterin|
HA 94283-90700|Figurentheater (grundständig)|
HA 94403-90100|Dramaturgie (grundständig)|
HA 94413-90100|Regie (grundständig)|
HA 94513-90100|Veranstaltungstechnik (grundständig)|
HA 94523-90200|Film-, Fernsehkamera (grundständig)|
HA 94533-90500|Film-, Fernsehproduktion (grundständig)|
HA 94533-90600|Ton-, Bildtechnik (grundständig)|
HA 94613-90200|Szenografie (grundständig)|
HA 94613-91800|Bühnenbild (grundständig)|
HA 94613-91900|Kostümbild (grundständig)|
HA 94704-90900|Kunstgeschichte (grundständig)|
HA 94704-91100|Kunstwissenschaft (grundständig)|
HA 94704-91300|Museologie (grundständig)|
HA 94713-90100|Konservierung (grundständig)|
HC 11104-90900|Agrarwissenschaft (weiterführend)|
HC 11104-92900|Bioökonomie (weiterführend)|
HC 11184-91100|Agrarmanagement (weiterführend)|
HC 11394-90000|Pferdewirtschaft (weiterführend)|
HC 11424-90000|Fischereiwesen, Aquakultur (weiterführend)|
HC 11604-90300|Weinbau, Önologie (weiterführend)|
HC 11714-90800|Forstwissenschaft, -wirtschaft (weiterführend)|
HC 11724-90600|Landschaftsökologie, Naturschutz (weiterführend)|
HC 12104-90900|Garten-, Landschaftsbau (weiterführend)|
HC 12144-90400|Landschaftsarchitektur, Freiraumplanung (weiterführend)|
HC 21114-90900|Rohstoffingenieurwesen (weiterführend)|
HC 21493-90400|Keramik-, Glastechnik (weiterführend)|
HC 22104-90900|Kunststofftechnik (weiterführend)|
HC 22304-90500|Holztechnik (weiterführend)|
HC 22394-90200|Holzwirtschaft (weiterführend)|
HC 23114-90400|Papiertechnik (weiterführend)|
HC 23124-90300|Verpackungstechnik (weiterführend)|
HC 23224-91200|Computervisualistik (weiterführend)|
HC 23224-91400|Gamedesign, Interactiondesign (weiterführend)|
HC 23224-91500|Kommunikationsdesign, visuelle Kommunikation (weiterführend)|
HC 23224-91600|Mediendesign, -kunst (weiterführend)|
HC 23224-94500|Mensch-Maschine-Interaktion, Interfacedesign (weiterführend)|
HC 23323-90800|Fotografie (weiterführend)|
HC 23414-90900|Druck-, Medientechnik (weiterführend)|
HC 23414-91000|Medienproduktion (weiterführend)|
HC 24114-90300|Metallurgie, Hüttenwesen (weiterführend)|
HC 25104-93700|Konstruktionstechnik (weiterführend)|
HC 25104-93800|Maschinenbau (weiterführend)|
HC 25104-93900|Mechanik (weiterführend)|
HC 25104-94000|Verfahrenstechnik (weiterführend)|
HC 25214-91200|Fahrzeugtechnik (weiterführend)|
HC 25234-90900|Luft-, Raumfahrttechnik (weiterführend)|
HC 25244-90400|Schiffbau, Meerestechnik (weiterführend)|
HC 26114-90600|Mechatronik (weiterführend)|
HC 26124-90800|Automatisierungstechnik (weiterführend)|
HC 26124-90900|Robotik, Autonome Systeme (weiterführend)|
HC 26234-92300|Energietechnik (weiterführend)|
HC 26234-92400|Nukleartechnik (weiterführend)|
HC 26234-98800|Batterietechnik (weiterführend)|
HC 26244-90500|Erneuerbare Energien (weiterführend)|
HC 26304-92200|Elektrotechnik (weiterführend)|
HC 26314-93800|Informations-, Kommunikationstechnik (weiterführend)|
HC 26314-93900|Medien-, Multimediatechnik (weiterführend)|
HC 26324-91600|Mikroelektronik (weiterführend)|
HC 26324-91700|Mikrotechnik, Mikrosystemtechnik (weiterführend)|
HC 26324-91800|Nanowissenschaft (weiterführend)|
HC 26324-91900|Sensortechnik (weiterführend)|
HC 26334-90200|Fahrzeuginformatik, -elektronik (weiterführend)|
HC 26334-91300|Elektromobilität (weiterführend)|
HC 26384-91200|Photonik, Optische Technologien (weiterführend)|
HC 26384-92600|Kybernetik (weiterführend)|
B 51312-90100|Fachpraktiker/Fachpraktikerin für Lagerlogistik (§66 BBiG/§42r HwO)|
B 51312-90600|Fachkraft für Lagerlogistik|
B 51312-90700|Fachlagerist/Fachlageristin|
B 51322-90200|Fachkraft für Kurier-, Express- und Postdienstleistungen|
B 51332-90700|Fachkraft für Hafenlogistik|
B 51401-90000|Flugbegleiter/Flugbegleiterin|
B 51412-90000|Kaufmann/Kauffrau für Verkehrsservice|
B 51422-90000|Servicekaufmann/Servicekauffrau im Luftverkehr|
B 51522-90700|Eisenbahner/Eisenbahnerin in der Zugverkehrssteuerung|
B 51532-90000|Flugdienstberater/Flugdienstberaterin|
B 51532-90100|Flugdatenbearbeiter/Flugdatenbearbeiterin|
B 51533-90000|Fluglotse/Fluglotsin|
B 51622-90300|Kaufmann/Kauffrau für Spedition und Logistikdienstleistung|
B 51632-90300|Kaufmann/Kauffrau im Eisenbahn- und Straßenverkehr|
B 51642-90000|Luftverkehrskaufmann/Luftverkehrskauffrau|
B 51652-90000|Schifffahrtskaufmann/Schifffahrtskauffrau Fachrichtung Linienfahrt|
B 51652-90100|Schifffahrtskaufmann/Schifffahrtskauffrau Fachrichtung Trampfahrt|
B 51662-90200|Kaufmann für Kurier-, Express- und Postdienstleistungen/Kauffrau für Kurier-, Express- und Postdienstleistungen|
B 52122-90200|Berufskraftfahrer/Berufskraftfahrerin|
B 52132-90200|Fachkraft im Fahrbetrieb|
B 52182-90100|Servicefahrer/Servicefahrerin|
B 52202-90500|Eisenbahner im Betriebsdienst Lokführer und Transport/Eisenbahnerin im Betriebsdienst Lokführerin und Transport|
B 52313-90200|Berufsflugzeugführer/Berufsflugzeugführerin (CPL (A))|
B 52314-90300|Verkehrsflugzeugführer/Verkehrsflugzeugführerin (ATPL (A))|
B 52383-90100|Berufshubschrauberführer/Berufshubschrauberführerin (CPL (H))|
B 52422-90000|Binnenschiffer/Binnenschifferin|
B 52422-90100|Hafenschiffer/Hafenschifferin|
B 52422-90400|Binnenschifffahrtskapitän/Binnenschifffahrtskapitänin|
B 52522-90200|Baugeräteführer/Baugeräteführerin|
B 53112-90200|Fachkraft für Schutz und Sicherheit|
B 53112-90800|Servicekraft - Schutz und Sicherheit|
B 53132-90100|Werkfeuerwehrmann/Werkfeuerwehrfrau|
B 53142-90000|Fachangestellter/Fachangestellte für Bäderbetriebe|
B 53152-90000|Detektiv/Detektivin|
B 53182-90000|Verkehrsüberwacher/Verkehrsüberwacherin / Hilfspolizist/Hilfspolizistin|
B 53322-90000|Hygienekontrolleur/Hygienekontrolleurin|
B 53322-90200|Fachkraft für Hygieneüberwachung|
B 53332-90000|Amtlicher Fachassistent (Fleischkontrolleur)/Amtliche Fachassistentin (Fleischkontrolleurin)|
B 53342-90000|Desinfektor/Desinfektorin|
B 53342-90200|Schädlingsbekämpfer/Schädlingsbekämpferin|
B 54112-90000|Gebäudereiniger/Gebäudereinigerin|
B 54112-90100|Fachpraktiker/Fachpraktikerin für Gebäudereiniger (§66 BBiG/§42r HwO)|
B 54132-90000|Textilreiniger/Textilreinigerin|
B 54132-90100|Fachpraktiker/Fachpraktikerin für Textilreiniger (§66 BBiG/§42r HwO)|
B 54152-90000|Fachpraktiker/Fachpraktikerin für Fahrzeugpflege (§66 BBiG/§42r HwO)|
B 61142-90300|Automatenfachmann/Automatenfachfrau Fachrichtung Automatendienstleistung|
B 61203-90000|Geprüfter Handelsfachwirt/Geprüfte Handelsfachwirtin (Ausbildung)|
B 61203-95400|Handelsassistent/Handelsassistentin|
B 61212-90300|Außenhandelsassistent/Außenhandelsassistentin|
B 61212-91200|Kaufmann/Kauffrau für Groß- und Außenhandelsmanagement Fachrichtung Außenhandel|
B 61212-91300|Kaufmann/Kauffrau für Groß- und Außenhandelsmanagement Fachrichtung Großhandel|
B 61213-90500|Betriebswirt/Betriebswirtin (Ausbildung) für Außenhandel|
B 61282-90000|Kaufmann/Kauffrau im E-Commerce|
B 61283-91200|Betriebswirt/Betriebswirtin (Ausbildung) für Textil|
B 61283-93500|Geprüfter Fachwirt im E-Commerce/Geprüfte Fachwirtin im E-Commerce (Ausbildung)|
B 61312-90000|Immobilienassistent/Immobilienassistentin|
B 61312-90300|Immobilienkaufmann/Immobilienkauffrau|
B 62102-90000|Kaufmann/Kauffrau im Einzelhandel|
B 62102-90100|Verkäufer/Verkäuferin|
B 62102-90300|Fachpraktiker/Fachpraktikerin im Verkauf (§66 BBiG/§42r HwO)|
D 51393-90600|Geprüfter Logistikmeister/Geprüfte Logistikmeisterin|
D 51503-90100|Staatlich geprüfter Techniker/Staatlich geprüfte Technikerin Fachrichtung Verkehrstechnik Schwerpunkt Verkehrsmanagement/Bachelor Professional in Technik|
D 51523-90000|Staatlich geprüfter Techniker/Staatlich geprüfte Technikerin Fachrichtung Verkehrstechnik Schwerpunkt Eisenbahnbetrieb/Bachelor Professional in Technik|
D 51543-90000|Lotse/Lotsin|
D 51593-90100|Geprüfter Meister/Geprüfte Meisterin Leit- und Sicherungstechnik - Eisenbahn|
D 51593-90300|Geprüfter Meister für Bahnverkehr/Geprüfte Meisterin für Bahnverkehr/Bachelor Professional für Bahnverkehr|
D 51593-91200|Geprüfter Meister/Geprüfte Meisterin für Kraftverkehr|
D 51594-90000|Betriebsleiter/Betriebsleiterin für Eisenbahnen|
D 51613-91100|Geprüfter Fachwirt/Geprüfte Fachwirtin für Personenverkehr und Mobilität|
D 51623-91700|Betriebswirt/Betriebswirtin (Fachschule) für Logistik/Bachelor Professional in Wirtschaft|
D 51623-97300|Geprüfter Fachwirt für Logistiksysteme/Geprüfte Fachwirtin für Logistiksysteme - Bachelor Professional in Logistiksysteme|
D 51623-97400|Geprüfter Fachwirt für Güterverkehr und Logistik/Geprüfte Fachwirtin für Güterverkehr und Logistik - Bachelor Professional in Transport Management and Logistics|
D 51633-90000|Fachwirt/Fachwirtin für den Bahnbetrieb|
D 52413-90300|Nautiker/Nautikerin (Fachschule)/Bachelor Professional in Technik|
D 52413-90400|Nautischer Schiffsoffizier/Kapitän/Nautische Schiffsoffizierin/Kapitänin in der Großen Hochseefischerei/Bachelor Professional in Technik|
D 52413-90500|Nautischer Schiffsoffizier/Kapitän / Nautische Schiffsoffizierin/Kapitänin in der Kleinen Hochseefischerei|
D 52413-91700|Kapitän/Kapitänin - Küstenfischerei|
D 52423-90100|Geprüfter Binnenschiffermeister/Geprüfte Binnenschiffermeisterin|
D 52512-90000|Geprüfter Forstmaschinenführer/Geprüfte Forstmaschinenführerin|
D 52593-90000|Geprüfter Baumaschinenmeister/Geprüfte Baumaschinenmeisterin|
D 53112-90700|Geprüfte Schutz- und Sicherheitskraft (IHK)|
D 53123-90000|Fachkraft für Arbeitssicherheit|
D 53133-90200|Geprüfte Brandschutzfachkraft|
D 53133-90300|Geprüfter Werkfeuerwehrtechniker/Geprüfte Werkfeuerwehrtechnikerin|
D 53193-90000|Geprüfter Meister/Geprüfte Meisterin für Schutz und Sicherheit|
D 53193-90100|Geprüfter Meister/Geprüfte Meisterin für Bäderbetriebe|
D 53323-90000|Fachkrankenpfleger/Fachkrankenpflegerin für Hygiene|
D 53323-90400|Fachkinderkrankenpfleger/Fachkinderkrankenpflegerin für Hygiene|
D 53333-90000|Lebensmittelkontrolleur/Lebensmittelkontrolleurin (Weiterbildung)|
D 54142-90000|Geprüfter Berufsspezialist für industrielle Teilereinigung/Geprüfte Berufsspezialistin für industrielle Teilereinigung|
D 54193-90000|Textilreinigermeister/Textilreinigermeisterin/Bachelor Professional im Textilreiniger-Handwerk|
D 54193-90100|Gebäudereinigermeister/Gebäudereinigermeisterin/Bachelor Professional im Gebäudereiniger-Handwerk|
D 61113-90200|Geprüfter Fachwirt für Einkauf/Geprüfte Fachwirtin für Einkauf - Bachelor Professional in Procurement|
D 61123-90100|Fachkaufmann/Fachkauffrau für Vertrieb|
D 61123-92300|Geprüfter Berufsspezialist für Vertrieb/Geprüfte Berufsspezialistin für Vertrieb|
D 61203-90100|Geprüfter Handelsfachwirt/Geprüfte Handelsfachwirtin (Weiterbildung)|
D 61203-90200|Betriebswirt/Betriebswirtin (Fachschule) für Handel|
D 61213-90200|Betriebswirt/Betriebswirtin (Fachschule) für Außenwirtschaft/Bachelor Professional in Wirtschaft|
D 61213-90800|Geprüfter Fachwirt für Außenwirtschaft/Geprüfte Fachwirtin für Außenwirtschaft - Bachelor Professional in Foreign Trade|
D 61283-90000|Betriebswirt/Betriebswirtin (Fachschule) für Kraftfahrzeuge|
D 61283-90400|Betriebswirt/Betriebswirtin (Fachschule) für Möbelhandel/Bachelor Professional in Wirtschaft|
D 61283-90700|Technischer Fachkaufmann/Technische Fachkauffrau Fachrichtung Werkzeuge, Maschinen|
D 61283-91000|Technischer Fachkaufmann/Technische Fachkauffrau für Beschlagtechnik|
D 61283-93000|Technischer Fachkaufmann/Technische Fachkauffrau für Sanitär/Heizung/Klima|
