24937|Flensburg|H
24939|Flensburg|N
24941|Flensburg|N
24943|Flensburg|N
24944|Flensburg|N
24932|Flensburg|G
24933|Flensburg|G
24901|Flensburg|P
24902|Flensburg|P
24903|Flensburg|P
24904|Flensburg|P
24905|Flensburg|P
24906|Flensburg|P
24907|Flensburg|P
24908|Flensburg|P
24909|Flensburg|P
24910|Flensburg|P
24911|Flensburg|P
24912|Flensburg|P
24913|Flensburg|P
24914|Flensburg|P
24915|Flensburg|P
24916|Flensburg|P
24917|Flensburg|P
24918|Flensburg|P
24919|Flensburg|P
24920|Flensburg|P
24931|Flensburg|G
24927|Flensburg|G
24945|Flensburg|G
24103|Kiel|H
24105|Kiel|N
24106|Kiel|N
24107|Kiel|N
24109|Kiel|N
24111|Kiel|N
24113|Kiel|N
24114|Kiel|N
24116|Kiel|N
24118|Kiel|N
24143|Kiel|N
24145|Kiel|N
24146|Kiel|N
24147|Kiel|N
24148|Kiel|N
24149|Kiel|N
24159|Kiel|N
24094|Kiel|G
24095|Kiel|G
24096|Kiel|G
24097|Kiel|G
24098|Kiel|G
24099|Kiel|G
24100|Kiel|G
24011|Kiel|P
24012|Kiel|P
24013|Kiel|P
24014|Kiel|P
24015|Kiel|P
24016|Kiel|P
24017|Kiel|P
24018|Kiel|P
24019|Kiel|P
24020|Kiel|P
24021|Kiel|P
24022|Kiel|P
24023|Kiel|P
24024|Kiel|P
24025|Kiel|P
24026|Kiel|P
24027|Kiel|P
24028|Kiel|P
24029|Kiel|P
24030|Kiel|P
24031|Kiel|P
24032|Kiel|P
24033|Kiel|P
24034|Kiel|P
24035|Kiel|P
24036|Kiel|P
24037|Kiel|P
24038|Kiel|P
24039|Kiel|P
24040|Kiel|P
24041|Kiel|P
24042|Kiel|P
24043|Kiel|P
24044|Kiel|P
24062|Kiel|P
24063|Kiel|P
24065|Kiel|P
24170|Kiel|P
24171|Kiel|P
24180|Kiel|G
24046|Kiel|P
24047|Kiel|P
24048|Kiel|P
24049|Kiel|P
24200|Kiel|G
24088|Kiel|G
24090|Kiel|G
24130|Kiel|G
24131|Kiel|G
24300|Kiel|G
24091|Kiel|G
23552|Lübeck|H
23554|Lübeck|N
23556|Lübeck|N
23558|Lübeck|N
23560|Lübeck|N
23562|Lübeck|N
23564|Lübeck|N
23566|Lübeck|N
23569|Lübeck|N
23570|Lübeck|N
23538|Lübeck|G
23539|Lübeck|G
23540|Lübeck|G
23541|Lübeck|G
23542|Lübeck|G
23543|Lübeck|G
23544|Lübeck|G
23546|Lübeck|G
23547|Lübeck|G
23501|Lübeck|P
23502|Lübeck|P
23503|Lübeck|P
23504|Lübeck|P
23505|Lübeck|P
23506|Lübeck|P
23507|Lübeck|P
23508|Lübeck|P
23509|Lübeck|P
23510|Lübeck|P
23516|Lübeck|P
23517|Lübeck|P
23581|Lübeck|P
23582|Lübeck|P
23568|Lübeck|N
23627|Klein Grönau|H
23590|Lübeck|G
23400|Lübeck|G
23533|Lübeck|G
23591|Lübeck|G
24534|Neumünster|H
24536|Neumünster|N
24537|Neumünster|N
24539|Neumünster|N
24531|Neumünster|G
24501|Neumünster|P
24502|Neumünster|P
24503|Neumünster|P
24504|Neumünster|P
24505|Neumünster|P
24506|Neumünster|P
24507|Neumünster|P
24508|Neumünster|P
24509|Neumünster|P
24510|Neumünster|P
24511|Neumünster|P
24512|Neumünster|P
24513|Neumünster|P
24514|Neumünster|P
24515|Neumünster|P
24516|Neumünster|P
24517|Neumünster|P
24518|Neumünster|P
24530|Neumünster|G
25767|Albersdorf|H
25765|Albersdorf|P
25767|Arkebek|H
25767|Riesewohld|H
25715|Averlak|H
25704|Bargenstedt|H
25791|Barkenholm|H
25719|Barlt|H
25779|Bergewöhrden|H
25712|Brickeln|H
25541|Brunsbüttel|H
25715|Blangenmoorfeld|H
25712|Buchholz|H
25761|Büsum|H
25761|Büsumer Deichhausen|H
25767|Bunsoh|H
25712|Burg|H
25712|Burgerfeld|H
25719|Busenwurth|H
25786|Dellstedt|H
25788|Delve|H
25709|Diekhusen-Fahrstedt|H
25715|Dingen|H
25794|Dörpling|H
25715|Eddelak|H
25721|Eggstedt|H
25704|Elpersbüttel|H
25704|Epenwöhrden|H
25779|Fedderingen|H
25727|Frestedt|H
25764|Friedrichsgabekoog|H
25718|Friedrichskoog|H
25782|Gaushorn|H
25779|Glüsing|H
25712|Großenrade|H
25774|Groven|H
25693|Gudendorf|H
25761|Hedwigenkoog|H
25746|Heide|H
25731|Heide|P
25732|Heide|P
25733|Heide|P
25734|Heide|P
25735|Heide|P
25736|Heide|P
25737|Heide|P
25738|Heide|P
25740|Heide|P
25744|Heide|G
25742|Heide|G
25764|Hellsch-Heringsand-Unter|H
25709|Helse|H
25774|Hemme|H
25770|Hemmingstedt|H
25779|Hennstedt|H
25764|Hillgroven|H
25712|Hochdonn|H
25782|Hövede|H
25788|Hollingstedt|H
25767|Immenstedt|H
25709|Kaiser-Wilhelm-Koog|H
25774|Karolinenkoog|H
25779|Kleve|H
25779|Westermoor|H
25776|Hehm|H
25776|Nordfeld|H
25774|Krempel|H
25709|Kronprinzenkoog|H
25727|Krumstedt|H
25712|Kuden|H
25774|Lehe|H
25776|Dammsfeld|H
25776|Leherfeld|H
25770|Lieth|H
25791|Linden|H
25746|Lohe-Rickelshof|H
25774|Lunden|H
25771|Lunden|P
25772|Lunden|P
25709|Marne|H
25705|Marne|P
25706|Marne|P
25709|Marnerdeich|H
25704|Meldorf|H
25697|Meldorf|P
25698|Meldorf|P
25699|Meldorf|P
25700|Meldorf|P
25792|Neuenkirchen|H
25764|Wulfenhusen|H
25724|Neufeld|H
25724|Neufelderkoog|H
25704|Nindorf|H
25764|Norddeich|H
25779|Norderheistedt|H
25746|Norderwöhrden|H
25785|Nordhastedt|H
25785|Odderade|H
25761|Oesterdeichstrich|H
25767|Offenbüttel|H
25767|Osterrade|H
25746|Ostrohe|H
25794|Pahlen|H
25712|Quickborn|H
25715|Ramhusen|H
25776|Rehm-Flehde-Bargen|H
25764|Reinsbüttel|H
25776|St. Annen|H
25693|St. Michaelisdonn|H
25785|Sarzbüttel|H
25725|Schafstedt|H
25725|Weidenhof|H
25782|Schalkholz|H
25779|Schlichting|H
25724|Schmedeswurth|H
25782|Schrum|H
25764|Schülp|H
25795|Stelle-Wittenwurth|H
25792|Strübbel|H
25764|Süderdeich|H
25727|Süderhastedt|H
25779|Süderheistedt|H
25797|Wöhrden|H
25782|Tellingstedt|H
25794|Tielenhemme|H
25693|Trennewurth|H
25693|Volsemenhusen|H
25788|Wallen|H
25761|Warwerort|H
25795|Weddingstedt|H
25782|Welmbüttel|H
25767|Wennbüttel|H
25764|Wesselburen|H
25764|Wesselburener Deichhausn|H
25764|Wesselburenerkoog|H
25746|Wesseln|H
25782|Westerborstel|H
25761|Westerdeichstrich|H
25779|Wiemerstedt|H
25729|Windbergen|H
25704|Wolmersdorf|H
25799|Wrohm|H
25704|Nordermeldorf|H
25767|Tensbüttel-Röst|H
25782|Süderdorf|H
25764|Oesterwurth|H
23909|Albsfelde|H
23881|Alt-Mölln|H
21521|Aumühle|H
21517|Aumühle|P
21518|Aumühle|P
21521|Friedrichsruh|H
23909|Bäk|H
23881|Bälau|H
21483|Basedow|H
21493|Basthorst|H
23919|Behlendorf|H
23919|Berkenthin|H
23899|Besenthal|H
23847|Bliestorf|H
21039|Börnsen|H
23881|Borstorf|H
23881|Breitenfelde|H
21514|Bröthen|H
23883|Brunsmark|H
21524|Brunstorf|H
23911|Buchholz|H
21481|Buchhorst|H
21514|Büchen|H
21510|Büchen|P
21511|Büchen|P
22946|Dahmker|H
21483|Dalldorf|H
21521|Dassendorf|H
23847|Düchelsdorf|H
23898|Duvensee|H
23911|Einhaus|H
21493|Elmenhorst|H
21039|Escheburg|H
21514|Fitzen|H
23909|Fredeburg|H
21493|Fuhlenhagen|H
21502|Geesthacht|H
21500|Geesthacht|G
21494|Geesthacht|P
21495|Geesthacht|P
21496|Geesthacht|P
21497|Geesthacht|P
21498|Geesthacht|P
23909|Giesensdorf|H
23919|Göldenitz|H
21514|Göttin|H
21493|Grabau|H
23883|Grambek|H
23847|Grinau|H
23847|Groß Boden|H
23911|Groß Disnack|H
23627|Groß Grönau|H
21493|Groß Pampau|H
23627|Groß Sarau|H
23860|Groß Schenkenberg|H
21493|Grove|H
23899|Gudow|H
21483|Gülzow|H
21493|Melusinental|H
21514|Güster|H
22929|Hamfelde, Kr Hzgt Lauenb|H
21502|Hamwarde|H
23911|Harmsdorf|H
21493|Havekost|H
21526|Hohenhorn|H
23883|Hollenbek|H
21514|Hornbek|H
23883|Horst|H
21483|Juliusburg|H
21514|Kankelau|H
22929|Kasseburg|H
23847|Kastorf|H
23911|Kittlitz|H
21514|Klein Pampau|H
23883|Klein Zecher|H
23628|Klempau|H
23898|Klinkrade|H
23881|Koberg|H
22929|Köthel, Kr Hzgt Lauenb|H
21527|Kollow|H
21493|Kollow, Kurheim|H
21529|Kröppelshagen-Fahrendorf|H
21039|Fahrendorf|H
21483|Krüzen|H
21483|Krukow|H
23628|Krummesse|H
22958|Kuddewörde|H
23898|Kühsen|H
23911|Kulpin|H
23898|Labenz|H
21514|Langenlehsten|H
23881|Lankau|H
21483|Lanze|H
21481|Lauenburg|H
21470|Lauenburg|P
21471|Lauenburg|P
21472|Lauenburg|P
21473|Lauenburg|P
21474|Lauenburg|P
23883|Lehmrade|H
23879|Drüsen|H
22959|Linau|H
23898|Lüchow|H
21483|Lütau|H
23909|Mechow|H
21493|Möhnsen|H
23879|Mölln|H
23871|Mölln|P
23872|Mölln|P
23873|Mölln|P
21493|Mühlenrade|H
21516|Müssen|H
21493|Louisenhof|H
23911|Mustin|H
23919|Niendorf|H
23881|Niendorf|H
23896|Nusse|H
23896|Panten|H
23911|Pogeez|H
23896|Poggensee|H
23909|Ratzeburg|H
23901|Ratzeburg|P
23902|Ratzeburg|P
23903|Ratzeburg|P
23904|Ratzeburg|P
23896|Ritzerau|H
23909|Römnitz|H
23919|Rondeshagen|H
21514|Roseburg|H
21493|Sahms|H
23911|Salem|H
23883|Bresahn|H
23883|Dargow|H
23909|Hundebusch|H
23898|Sandesneben|H
23847|Schiphorst|H
23911|Schmilau|H
23883|Torfkaten|H
23909|Farchau|H
23909|Farchauermühle|H
21481|Schnakenbek|H
22929|Schönberg|H
21493|Schretstaken|H
23847|Schürensöhlen|H
21516|Schulendorf|H
21514|Neue Mühle|H
21493|Schwarzenbek|H
21484|Schwarzenbek|P
21485|Schwarzenbek|P
21486|Schwarzenbek|P
21487|Schwarzenbek|P
23883|Seedorf|H
23847|Siebenbäumen|H
21514|Siebeneichen|H
23847|Sierksrade|H
23898|Sirksfelde|H
23847|Steinhorst|H
23883|Sterley|H
23909|Söhren|H
23909|Weißer Hirsch|H
23847|Stubben|H
21493|Talkau|H
21516|Tramm|H
23896|Walksfelde|H
21483|Wangelau|H
21465|Wentorf|H
23898|Wentorf|H
21502|Wiershop|H
21502|Heidkaten|H
21514|Witzeeze|H
21521|Wohltorf|H
21516|Woltersdorf|H
21502|Worth|H
23911|Ziethen|H
23909|Sande|H
25917|Achtrup|H
25853|Ahrenshöft|H
25885|Ahrenviöl|H
25885|Ahrenviölfeld|H
24896|Nordergeilwang|H
25938|Alkersum|H
25821|Almdorf|H
25860|Arlewatt|H
25927|Aventoft|H
25842|Bargum|H
25850|Behrendorf|H
25853|Bohmstedt|H
25850|Bondelum|H
25852|Bordelum|H
25821|Bordelumsiel|H
25821|Brommelund|H
25821|Dörpum|H
25821|Dörpumfeld|H
25842|Addebüll|H
25938|Borgsum|H
25899|Bosbüll|H
25923|Braderup|H
25926|Bramstedtlund|H
25821|Bredstedt|H
25821|Breklum|H
25899|Dagebüll|H
25899|Osterdeich|H
25878|Drage|H
25840|An der Chaussee|H
25853|Drelsdorf|H
25938|Dunsum|H
25845|Elisabeth-Sophien-Koog|H
25923|Ellhöft|H
25876|Fresendelf|H
25840|Friedrichstadt|H
25840|Feddersdeich|H
25837|Friedrichstadt|P
25838|Friedrichstadt|P
25924|Friedr-Wilh-Lübke-Koog|H
25836|Garding, Kirchspiel|H
25836|Garding|H
25862|Goldebek|H
25862|Goldelund|H
25869|Gröde|H
25869|Habel|H
25836|Grothusenkoog|H
25855|Haselund|H
25856|Hattstedt|H
25856|Hattstedtermarsch|H
25858|Högel|H
25997|Hörnum|H
25923|Holm|H
25859|Hallig Hooge|H
25860|Horstedt|H
25813|Spaltenhof|H
25876|Hude|H
25876|Huderfähre|H
25923|Humptrup|H
25923|Hattersbüllhallig|H
25813|Husum|H
25801|Husum|P
25802|Husum|P
25803|Husum|P
25804|Husum|P
25805|Husum|P
25806|Husum|P
25807|Husum|P
25885|Immenstedt|H
25862|Joldelund|H
25999|Kampen|H
25992|Jugendseeheim Kassel|H
25992|Vogelkoje|H
25926|Karlum|H
25836|Katharinenheerd|H
25924|Klanxbüll|H
25899|Klixbüll|H
25840|Koldenbüttel|H
25862|Kolkerheide|H
25832|Kotzenbüll|H
25926|Ladelund|H
25863|Langeneß|H
25867|Oland|H
25842|Langenhorn|H
25917|Leck|H
25911|Leck|P
25912|Leck|P
25913|Leck|P
25923|Lexgaard|H
25992|List|H
25864|Löwenstedt|H
25842|Lütjenholm|H
25938|Midlum|H
25866|Mildstedt|H
25946|Nebel|H
25947|Nebel|P
25948|Nebel|P
25949|Nebel|P
25927|Neukirchen|H
25938|Nieblum|H
25899|Niebüll|H
25891|Niebüll|P
25892|Niebüll|P
25893|Niebüll|P
25894|Niebüll|P
25899|Gotteskoogdeich|H
25946|Norddorf|H
25870|Norderfriedrichskoog|H
25845|Nordstrand|H
25845|Nordstrandischmoor|H
25884|Norstedt|H
25842|Ockholm|H
25938|Oevenum|H
25870|Oldenswort|H
25873|Oldersbek|H
25860|Olderup|H
25938|Oldsum|H
25872|Ostenfeld|H
25836|Osterhever|H
25885|Oster-Ohrstedt|H
25849|Pellworm|H
25845|Südfall|H
25849|Süderoog|H
25836|Poppenbüll|H
25876|Ramstedt|H
25873|Rantrum|H
25840|Rantrumdeich|H
25821|Reußenköge|H
25920|Risum-Lindholm|H
25899|Gasthafen|H
25924|Rodenäs|H
25826|Sankt Peter-Ording|H
25876|Schwabstedt|H
25813|Schwesing|H
25878|Seeth|H
25840|Mildterhof|H
25840|Ziegelhof|H
25813|Simonsberg|H
25821|Sönnebüll|H
25884|Sollwitt|H
25917|Sprakebüll|H
25917|Stadum|H
25920|Stedesand|H
25821|Struckum|H
25938|Süderende|H
25876|Süderhöft|H
25923|Süderlügum|H
25813|Südermarsch|H
25840|Hakenhof|H
25840|Peterskoogsdeich|H
25881|Tating|H
25882|Tetenbüll|H
25917|Tinningstedt|H
25832|Tönning|H
25827|Tönning|P
25828|Tönning|P
25829|Tönning|P
25881|Tümlauer Koog|H
25889|Uelvesbüll|H
25923|Uphusum|H
25938|Utersum|H
25884|Viöl|H
25836|Vollerwiek|H
25821|Vollstedt|H
25836|Welt|H
25996|Wenningstedt-Braderup|H
25881|Westerhever|H
25885|Wester-Ohrstedt|H
25926|Westre|H
25887|Winnert|H
25876|Wisch|H
25938|Witsum|H
25872|Wittbek|H
25946|Wittdün|H
25889|Witzwort|H
25856|Wobbenbüll|H
25938|Wrixum|H
25938|Wyk|H
25899|Galmsbüll|H
25924|Emmelsbüll-Horsbüll|H
25899|Katzhörn|H
25899|Kleinkoogsdeich|H
25917|Enge-Sande|H
25961|Sylt|P
25962|Sylt|P
25963|Sylt|P
25964|Sylt|P
25965|Sylt|P
25966|Sylt|P
25967|Sylt|P
25968|Sylt|P
25969|Sylt|P
25970|Sylt|P
25980|Sylt|H
25985|Sylt|P
25986|Sylt|P
23623|Ahrensbök|H
23730|Altenkrempe|H
23611|Bad Schwartau|H
23608|Bad Schwartau|G
23600|Bad Schwartau|P
23601|Bad Schwartau|P
23602|Bad Schwartau|P
23603|Bad Schwartau|P
23738|Beschendorf|H
23715|Bosau|H
24326|Stadtbekermühle|H
23747|Dahme|H
23747|Gruberhagen|H
23738|Damlos|H
23701|Eutin|H
23691|Eutin|P
23692|Eutin|P
23693|Eutin|P
23694|Eutin|P
23758|Göhl|H
23758|Gremersdorf|H
23779|Neuseegalendorf|H
23743|Grömitz|H
23746|Rittbruch|H
23775|Großenbrode|H
23775|Großenbrode|P
23749|Grube|H
23738|Harmsdorf|H
23774|Heiligenhafen|H
23771|Heiligenhafen|P
23772|Heiligenhafen|P
23773|Heiligenhafen|P
23777|Heringsdorf|H
23738|Kabelhorst|H
23717|Kasseedorf|H
23746|Kellenhusen|H
23738|Lensahn|H
23714|Malente|H
23717|Bökensberg|H
23738|Manhagen|H
23779|Neukirchen|H
23777|Wulfshof|H
23730|Neustadt|H
23721|Neustadt|P
23722|Neustadt|P
23723|Neustadt|P
23724|Neustadt|P
23758|Oldenburg|H
23751|Oldenburg|P
23752|Oldenburg|P
23753|Oldenburg|P
23626|Ratekau|H
23611|Sereetz|H
23611|Sereetzerfeld|H
23611|Sielbek|H
23669|Neuhof|H
23669|Oeverdiek|H
23689|Hobbersdorf|H
23689|Luschendorf|H
23689|Luschendorferhof|H
23689|Pansdorf|H
23689|Rohlsdorf|H
23689|Rohlsdorfer Beek|H
23689|Techau|H
23685|Pansdorf|P
23686|Pansdorf|P
23738|Riepsdorf|H
23743|Morest|H
23730|Schashagen|H
23744|Schönwalde|H
23730|Sierksdorf|H
23617|Stockelsdorf|H
23615|Stockelsdorf|G
23616|Stockelsdorf|G
23701|Süsel|H
23669|Timmendorfer Strand|H
23661|Timmendorfer Strand|P
23662|Timmendorfer Strand|P
23663|Timmendorfer Strand|P
23665|Timmendorfer Strand|P
23758|Wangels|H
23683|Scharbeutz|H
23629|Sarkwitz|H
23684|Scharbeutz|N
23769|Fehmarn|H
23763|Fehmarn|P
23764|Fehmarn|P
25482|Appen|H
25355|Barmstedt|H
25355|Bevern|H
25485|Bilsen|H
25474|Bönningstedt|H
25364|Bokel|H
25335|Bokholt-Hanredder|H
25494|Borstel-Hohenraden|H
25364|Brande-Hörnerkirchen|H
25362|Brande-Hörnerkirchen|P
25355|Bullenkuhlen|H
25474|Ellerbek|H
25373|Ellerhoop|H
25335|Elmshorn|H
25336|Elmshorn|N
25337|Elmshorn|N
25333|Elmshorn|G
25381|Elmshorn|P
25382|Elmshorn|P
25383|Elmshorn|P
25389|Elmshorn|G
25300|Elmshorn|G
25320|Elmshorn|G
25392|Elmshorn|G
25436|Groß Nordende|H
25355|Groß Offenseth-Aspern|H
25469|Halstenbek|H
25489|Haselau|H
25489|Haseldorf|H
25474|Hasloh|H
25355|Heede|H
25436|Heidgraben|H
25492|Heist|H
27498|Helgoland|H
27483|Helgoland|P
27484|Helgoland|P
27485|Helgoland|P
27486|Helgoland|P
27487|Helgoland|P
27488|Helgoland|P
27489|Helgoland|P
27490|Helgoland|P
27491|Helgoland|P
27492|Helgoland|P
27493|Helgoland|P
27494|Helgoland|P
25485|Hemdingen|H
25491|Hetlingen|H
25492|Hetlinger Neuerkoog|H
25488|Holm|H
25487|Holm|P
25336|Klein Nordende|H
25365|Klein Offenseth-Sparries|H
25337|Kölln-Reisiek|H
25495|Kummerfeld|H
25370|Seester|H
25485|Langeln|H
25355|Lutzhorn|H
25436|Moorrege|H
25436|Neuendeich|H
25364|Osterhorn|H
25421|Pinneberg|H
25497|Prisdorf|H
25408|Prisdorf|P
25411|Prisdorf|P
25409|Prisdorf|P
25412|Prisdorf|P
25401|Prisdorf|P
25405|Prisdorf|P
25410|Prisdorf|P
25404|Prisdorf|P
25407|Prisdorf|P
25402|Prisdorf|P
25406|Prisdorf|P
25403|Prisdorf|P
25451|Quickborn|H
25442|Quickborn|P
25443|Quickborn|P
25444|Quickborn|P
25445|Quickborn|P
25449|Quickborn|G
25450|Quickborn|G
25335|Raa-Besenbek|H
25462|Rellingen|H
25452|Rellingen|P
25453|Rellingen|P
25454|Rellingen|P
25455|Rellingen|P
22869|Schenefeld|H
22866|Schenefeld|G
22867|Schenefeld|G
22858|Schenefeld|P
22859|Schenefeld|P
22860|Schenefeld|P
22861|Schenefeld|P
22865|Schenefeld|G
25371|Seestermühe|H
25377|Pagensand|H
25337|Seeth-Ekholt|H
25499|Tangstedt|H
25436|Tornesch|H
25437|Tornesch|P
25438|Tornesch|P
25439|Tornesch|P
25436|Uetersen|H
25429|Uetersen|P
25430|Uetersen|P
25431|Uetersen|P
22880|Wedel|H
22876|Wedel|G
22870|Wedel|P
22871|Wedel|P
22872|Wedel|P
22873|Wedel|P
22874|Wedel|P
25364|Westerhorn|H
24326|Ascheberg|H
24245|Barmissen|H
24217|Barsbek|H
24321|Behrensdorf|H
24601|Belau|H
24217|Bendfeld|H
24327|Blekendorf|H
24321|Tivoli|H
24620|Bönebüttel|H
24306|Bösdorf|H
24306|Waldshagen|H
24220|Boksee|H
24250|Bothkamp|H
24235|Brodersdorf|H
24329|Dannau|H
24326|Dersau|H
24232|Dobersdorf|H
24326|Dörnick|H
24306|Hinterste Wache|H
24253|Fahren|H
24217|Fiefbergen|H
24321|Giekau|H
24257|Köhnerbrücke|H
24329|Grebin|H
24245|Großbarkau|H
24625|Großharrie|H
24226|Heikendorf|H
24321|Helmstorf|H
24327|Högsdorf|H
24217|Höhndorf|H
24257|Hohenfelde|H
24321|Hohwacht|H
24211|Honigsee|H
24326|Kalübbe|H
24245|Kirchbarkau|H
23714|Kirchnüchel|H
24321|Klamp|H
24222|Schwentinental|H
24245|Klein Barkau|H
24327|Kletkamp|H
24327|Grimmelsberg|H
24257|Köhn|H
24217|Krokau|H
24217|Krummbek|H
24211|Kühren|H
24235|Laboe|H
24238|Lammershagen|H
24306|Lebrade|H
24211|Lehmkuhlen|H
24250|Löptin|H
24321|Lütjenburg|H
24318|Lütjenburg|P
24319|Lütjenburg|P
24235|Lutterbek|H
24238|Martensrade|H
24217|Rögen|H
24248|Mönkeberg|H
24248|Mönkeberg|P
24238|Mucheln|H
24326|Nehmten|H
24326|Stadtbek, Gem Bosau|H
24326|Stadtbek, Gem Seedorf|H
24250|Nettelsee|H
24321|Panker|H
24253|Passade|H
24306|Plön|H
24211|Pohnsdorf|H
24223|Neuwühren|H
24211|Postfeld|H
24253|Prasdorf|H
24211|Preetz|H
24253|Probsteierhagen|H
24223|Schwentinental|H
24221|Schwentinental|P
24329|Rantzau|H
24211|Rastorf|H
24306|Rathjensdorf|H
24619|Rendswühren|H
24601|Ruhwinkel|H
24211|Schellhorn|H
24637|Schillsdorf|H
24256|Schlesen|H
24211|Kahlkamp|H
24217|Schönberg|H
24232|Schönkirchen|H
24257|Schwartbuck|H
24238|Selent|H
24217|Stakendorf|H
24235|Stein|H
24601|Stolpe|H
24256|Stoltenberg|H
24321|Tröndel|H
24536|Tasdorf|H
24211|Wahlstorf|H
24601|Wankendorf|H
24599|Wankendorf|P
24250|Warnau|H
24235|Wendtorf|H
24217|Wisch|H
24306|Wittmoldt|H
24256|Fargau-Pratjau|H
24239|Achterwehr|H
24791|Alt Duvenstedt|H
24811|Stenten|H
24782|Duten|H
24811|Stenten|P
24340|Altenhof|H
24161|Altenholz|H
24634|Arpsdorf|H
24358|Ascheffel|H
24613|Aukrug|H
24806|Bargstall|H
24793|Bargstedt|H
24360|Barkelsby|H
25557|Beldorf|H
25767|Grünental|H
25557|Bendorf|H
25557|Keller|H
25575|Beringstedt|H
24819|Grotenknöll|H
24582|Bissee|H
24241|Blumenthal|H
24220|Böhnhusen|H
24802|Bokel|H
24582|Bordesholm|H
24589|Borgdorf-Seedorf|H
24794|Borgstedt|H
25557|Bornholt|H
25725|Bornholt|H
24796|Bovenau|H
24793|Brammer|H
24796|Bredenbek|H
24797|Breiholz|H
24811|Brekendorf|H
24811|Brekendorf|P
24816|Brinjahe|H
24816|Freudenberg|H
24398|Brodersby|H
24582|Brügge|H
24782|Büdelsdorf|H
24781|Büdelsdorf|G
24794|Bünsdorf|H
24799|Christiansholm|H
24229|Dänischenhagen|H
24589|Dätgen|H
24361|Damendorf|H
24351|Damp|H
24398|Büßholz|H
24398|Kniepenberg|H
24398|Dörphof|H
24340|Eckernförde|H
24331|Eckernförde|P
24332|Eckernförde|P
24333|Eckernförde|P
24334|Eckernförde|P
24340|Louisenberg|H
24647|Ehndorf|H
24589|Eisendorf|H
24589|Ellerdorf|H
24800|Elsdorf-Westermühlen|H
24819|Embühren|H
24802|Emkendorf|H
24242|Felde|H
24244|Felm|H
24214|Langenhorst|H
24161|Rathmannsdorf|H
24357|Fleckeby|H
24355|Fleckeby|P
24220|Flintbek|H
24787|Fockbek|H
24787|Ahrenstedt|H
24785|Fockbek|P
24799|Friedrichsgraben|H
24799|Friedrichsholm|H
24340|Gammelby|H
24354|Pukholt|H
24360|Rögen, Gut|H
24214|Gettorf|H
24212|Gettorf|P
24622|Gnutz|H
25557|Gokels|H
24594|Grauel|H
24241|Grevenkrug|H
24582|Groß Buchwald|H
24802|Groß Vollstedt|H
24361|Groß Wittensee|H
24357|Güby|H
24819|Haale|H
24361|Haby|H
24363|Ropahl|H
24805|Hamdorf|H
24816|Hamweddel|H
25557|Hanerau-Hademarschen|H
24790|Haßmoor|H
24594|Heinkenborstel|H
24797|Hörsten|H
24816|Luhnvie|H
24582|Hoffeld|H
24594|Hohenwestedt|H
24590|Hohenwestedt|P
24591|Hohenwestedt|P
24806|Hohn|H
24363|Holtsee|H
24361|Lehmsiek|H
24361|Holzbunge|H
24361|Sande|H
24364|Holzdorf|H
24354|Bösby|H
24354|Bösbyfeld|H
24358|Hütten|H
24357|Krummland|H
24357|Hummelfeld|H
24594|Jahrsdorf|H
24808|Jevenstedt|H
24808|Jevenstedt|P
24398|Karby|H
24361|Klein Wittensee|H
24799|Königshügel|H
24354|Kosel|H
24644|Krogaspe|H
24119|Kronshagen|H
24796|Krummwisch|H
24631|Langwedel|H
24214|Lindau|H
24214|Großkönigsförde|H
24214|Großkönigsförderwohld|H
24214|Scharfenholz|H
24214|Waterdiek|H
24806|Lohe-Föhrden|H
24644|Loop|H
24366|Loose|H
25585|Lütjenwestedt|H
24816|Luhnstedt|H
24340|Goosefeld|H
24361|Profit|H
24594|Meezen|H
24109|Melsdorf|H
24247|Mielkendorf|H
24594|Mörel|H
24113|Molfsee|H
24582|Mühbrook|H
24625|Negenharrie|H
24214|Neudorf-Bornstein|H
24794|Neu Duvenstedt|H
24791|Neu Duvenstedt-Nord|H
24214|Neuwittenbek|H
24161|Levensau|H
24214|Altwittenbek|H
24214|Fahrenhorst|H
24819|Nienborstel|H
24594|Nindorf|H
24214|Noer|H
24589|Nortorf|H
24583|Nortorf|P
24584|Nortorf|P
24585|Nortorf|P
24809|Nübbel|H
25557|Oldenbüttel|H
24797|Gieselauschleuse|H
24797|Bokelhoop|H
24793|Oldenhütten|H
24251|Osdorf|H
24790|Ostenfeld|H
24367|Osterby|H
24367|Suhrbrook|H
24783|Osterrönfeld|H
25590|Osterstedt|H
24107|Ottendorf|H
24811|Owschlag|H
24848|Boklund|H
24811|Owschlag|P
24634|Padenstedt|H
24805|Prinzenmoor|H
24107|Quarnbek|H
24594|Rade|H
24790|Rade|H
24794|Inselhof|H
24241|Reesdorf|H
24594|Remmels|H
24768|Rendsburg|H
24757|Rendsburg|P
24782|Rickert|H
24354|Rieseby|H
24247|Rodenbek|H
24254|Rumohr|H
24790|Schacht-Audorf|H
24794|Rader Insel|H
24241|Schierensee|H
24214|Schinkel|H
24241|Schmalstede|H
24582|Schönbek|H
24220|Schönhorst|H
24790|Schülldorf|H
24589|Schülp|H
24813|Schülp|H
24797|Jevenberg|H
24797|Moltkestein|H
24768|Lotsenstation|H
24229|Schwedeneck|H
25557|Seefeld|H
24814|Sehestedt|H
24241|Sören|H
24806|Sophienhamm|H
24816|Stafstedt|H
25557|Steenfeld|H
24229|Strande|H
25585|Tackesdorf|H
24797|Tackesdorf-Nord|H
24594|Tappendorf|H
24220|Techelsdorf|H
25557|Thaden|H
24351|Thumby|H
24644|Timmaspe|H
24819|Todenbüttel|H
24214|Tüttendorf|H
24369|Waabs|H
24594|Wapelfeld|H
24646|Warder|H
24647|Wasbek|H
24582|Wattenbek|H
24259|Westensee|H
24784|Westerrönfeld|H
24808|Plirup|H
24808|Plirup|P
24340|Windeby|H
24398|Winnemark|H
24398|Steinerholz|H
24358|Ahlefeld-Bistensee|H
24848|Alt Bennebek|H
24399|Arnis|H
24861|Bergenhusen|H
24401|Böel|H
24405|Böelnorderfeld|H
24405|Borrishaag|H
24405|Stoltoft|H
24405|Thiesholz|H
24891|Rabenholzlück|H
24860|Böklund|H
24863|Börm|H
24861|Wassermühle|H
24855|Bollingstedt|H
24392|Boren|H
24857|Borgwedel|H
24866|Busdorf|H
24867|Dannewerk|H
24869|Dörpstedt|H
24392|Bicken|H
24870|Ellingstedt|H
24803|Erfde|H
24803|Erfde|P
24857|Fahrdorf|H
24884|Geltorf|H
24376|Grödersby|H
24399|Marienhof|H
24872|Groß Rheide|H
24873|Havetoft|H
24876|Hollingstedt|H
24850|Hüsby|H
24879|Idstedt|H
24878|Jagel|H
24855|Jübek|H
24853|Jübek|P
24376|Kappeln|H
24404|Schleimünde|H
24349|Kappeln|G
24860|Klappholz|H
24848|Klein Bennebek|H
24863|Barkhorn|H
24848|Klein Rheide|H
24848|Kropp|H
24845|Kropp|P
24846|Kropp|P
24888|Loit|H
24878|Lottorf|H
24884|Hahnenkrug|H
24850|Lürschau|H
24799|Meggerdorf|H
24799|Umleitungsdeich|H
24861|Fünfmühlen|H
24861|Reppel|H
24405|Mohrkirch|H
24392|Flarupholz|H
24891|Eslingholz|H
24879|Neuberend|H
24392|Norderbrarup|H
24392|Nottfeld|H
24407|Oersberg|H
24407|Rabenkirchen-Faulück|H
24405|Rügge|H
24405|Fraulund|H
24392|Saustrup|H
24882|Schaalby|H
24392|Scheggerott|H
24837|Schleswig|H
24821|Schleswig|P
24822|Schleswig|P
24823|Schleswig|P
24824|Schleswig|P
24825|Schleswig|P
24826|Schleswig|P
24830|Schleswig|P
24891|Schnarup-Thumby|H
24891|Dingwatt|H
24891|Lüttholm|H
24850|Schuby|H
24837|Königswill|H
24849|Schuby|P
24884|Selk|H
24887|Silberstedt|H
24888|Steinfeld|H
24888|Schmedeland|H
24890|Stolk|H
24891|Struxdorf|H
24891|Hollmühle|H
24392|Süderbrarup|H
24389|Süderbrarup|P
24390|Süderbrarup|P
24890|Süderfahrenstedt|H
24893|Taarstedt|H
24817|Tetenhusen|H
24803|Tielen|H
24803|Tielen|P
24894|Tolk|H
24896|Treia|H
24860|Uelsby|H
24897|Ulsnis|H
24392|Wagersrott|H
24899|Wohlde|H
24894|Twedt|H
24894|Hoffnungstal|H
24881|Nübel|H
24996|Ahneby|H
24975|Ausacker|H
24994|Böxlund|H
24989|Dollerup|H
24989|Tiefengruft|H
24852|Eggebek|H
24851|Eggebek|P
24402|Esgrus|H
24395|Gelting|H
24960|Glücksburg|H
24969|Großenwiehe|H
24967|Großenwiehe|P
24991|Großsolt|H
24977|Grundhof|H
24983|Handewitt|H
24981|Handewitt|P
24976|Handewitt|H
24955|Harrislee|H
24376|Hasselberg|H
24376|Wormshöft|H
24980|Hörup|H
24994|Holt|H
24975|Hürup|H
24975|Husby|H
24992|Janneby|H
24994|Jardelund|H
24963|Jerrishoe|H
24992|Jörl|H
24395|Kronsgaard|H
24977|Langballig|H
24852|Langstedt|H
24404|Maasholm|H
24994|Medelby|H
24980|Meyn|H
24960|Munkbrarup|H
24395|Nieby|H
24395|Niesgrau|H
24980|Nordhackstedt|H
24988|Oeversee|H
24994|Osterby|H
24395|Pommerby|H
24376|Rabel|H
24376|Hauheck|H
24395|Rabenholz|H
24977|Ringsberg|H
24980|Schafflund|H
24885|Sieverstedt|H
24966|Sörup|H
24852|Sollerup|H
24992|Jerrisbekfeld|H
24395|Stangheck|H
24972|Steinberg|H
24972|Steinbergkirche|H
24996|Sterup|H
24409|Stoltebüll|H
24852|Süderhackstedt|H
24992|Süderhackstedtfeld|H
24963|Tarp|H
24980|Wallsbüll|H
24997|Wanderup|H
24999|Wees|H
24994|Weesby|H
24977|Westerholz|H
24969|Lindewitt|H
24991|Freienwill|H
24984|Mittelangeln|P
24986|Mittelangeln|H
25879|Stapel|H
24864|Brodersby-Goltoft|H
25486|Alveslohe|H
24616|Armstedt|H
24576|Bad Bramstedt|H
24569|Bad Bramstedt|P
24570|Bad Bramstedt|P
24571|Bad Bramstedt|P
24572|Bad Bramstedt|P
23795|Bad Segeberg|H
23791|Bad Segeberg|G
23792|Bad Segeberg|G
23781|Bad Segeberg|P
23782|Bad Segeberg|P
23783|Bad Segeberg|P
23784|Bad Segeberg|P
23785|Bad Segeberg|P
23845|Bahrenhof|H
23826|Bark|H
23816|Bebensee|H
24576|Bimöhlen|H
23813|Blunk|H
24598|Boostedt|H
24619|Bornhöved|H
24616|Borstel|H
23845|Bühnsdorf|H
24635|Daldorf|H
23824|Damsdorf|H
23845|Dreggers|H
25479|Ellerau|H
23795|Fahrenkrug|H
25563|Föhrden-Barl|H
23826|Fredesdorf|H
24649|Fuhlendorf|H
23815|Geschendorf|H
23719|Glasau|H
23623|Jeshop|H
24610|Gönnebek|H
24623|Großenaspe|H
24626|Groß Kummerfeld|H
23816|Groß Niendorf|H
23795|Groß Rönnau|H
24576|Hagen|H
24616|Hardebek|H
24628|Hartenholm|H
24616|Hasenkrug|H
24640|Hasenmoor|H
24576|Hegebuchenbusch|H
24632|Heidmoor|H
24598|Heidmühlen|H
23812|Glashütte|H
24558|Henstedt-Ulzburg|H
24576|Hitzhusen|H
23795|Högersdorf|H
24641|Hüttblek|H
23845|Itzstedt|H
24568|Kaltenkirchen|H
24559|Kaltenkirchen|P
24560|Kaltenkirchen|P
24561|Kaltenkirchen|P
24562|Kaltenkirchen|P
24563|Kaltenkirchen|P
24568|Kattendorf|H
23863|Kayhude|H
24629|Kisdorf|H
23795|Klein Gladebrügge|H
23795|Klein Rönnau|H
23827|Krems II|H
23829|Kükels|H
24598|Latendorf|H
23816|Leezen|H
24632|Lentföhrden|H
24576|Mönkloh|H
23795|Mözen|H
23866|Nahe|H
23864|Nahe|G
23795|Negernbötel|H
23813|Nehms|H
23818|Neuengörs|H
23816|Neversdorf|H
22844|Norderstedt|H
22846|Norderstedt|N
22848|Norderstedt|N
22850|Norderstedt|N
22851|Norderstedt|N
22840|Norderstedt|G
22841|Norderstedt|G
22842|Norderstedt|G
22801|Norderstedt|P
22802|Norderstedt|P
22803|Norderstedt|P
22804|Norderstedt|P
22805|Norderstedt|P
22806|Norderstedt|P
22807|Norderstedt|P
22808|Norderstedt|P
22809|Norderstedt|P
22810|Norderstedt|P
22811|Norderstedt|P
22812|Norderstedt|P
22813|Norderstedt|P
22824|Norderstedt|P
22825|Norderstedt|P
22826|Norderstedt|P
22827|Norderstedt|P
22828|Norderstedt|P
22831|Norderstedt|P
22832|Norderstedt|P
22833|Norderstedt|P
22834|Norderstedt|P
22839|Norderstedt|G
24568|Nützen|H
23845|Oering|H
24568|Oersdorf|H
23820|Pronstorf|H
23619|Goldenerhahn|H
24635|Rickling|H
23821|Rohlstorf|H
23795|Schackendorf|H
23795|Schieren|H
24638|Schmalensee|H
24640|Schmalfeld|H
24640|Bollweg|H
24640|Wierenkamp|H
23795|Schwissel|H
23823|Seedorf|H
23845|Seth|H
24641|Sievershütten|H
23795|Stipsdorf|H
24326|Stocksee|H
23815|Strukdorf|H
24643|Struvenhütten|H
24641|Stuvenborn|H
23867|Sülfeld|H
23845|Borstel|H
24619|Tarbek|H
23824|Tensfeld|H
23826|Todesfelde|H
24610|Trappenkamp|H
24602|Trappenkamp|P
24603|Trappenkamp|P
24604|Trappenkamp|P
24605|Trappenkamp|P
24606|Trappenkamp|P
23827|Travenhorst|H
23795|Traventhal|H
23812|Wahlstedt|H
23845|Wakendorf I|H
24558|Wakendorf II|H
24576|Weddelbrook|H
25563|Bargholz|H
23795|Weede|H
23619|Herrenbranden|H
23827|Wensin|H
23815|Westerrade|H
24649|Wiemersdorf|H
24576|Reesmoor|H
24568|Winsen|H
23829|Wittenborn|H
25560|Aasbüttel|H
25572|Aebtissinwisch|H
25560|Agethorst|H
25335|Altenmoor|H
25548|Auufer|H
25569|Bahrenfleth|H
25573|Beidenfleth|H
25573|Klein Kampen|H
25554|Bekdorf|H
25524|Bekmünde|H
25584|Besdorf|H
25348|Blomesche Wildnis|H
25596|Bokelrehm|H
25560|Bokhorst|H
25572|Oberstenwehr|H
25376|Borsfleth|H
25597|Breitenberg|H
25524|Breitenburg|H
25576|Brokdorf|H
25554|Brokdorferlandscheide|H
24616|Brokstedt|H
25572|Büttel|H
25593|Christinenthal|H
25578|Dägeling|H
25554|Dammfleth|H
25582|Drage|H
25572|Ecklak|H
25361|Elskop|H
25348|Engelbrechtsche Wildnis|H
25579|Fitzbek|H
25348|Glückstadt|H
25342|Glückstadt|P
25343|Glückstadt|P
25344|Glückstadt|P
25361|Grevenkop|H
25596|Gribbohm|H
25560|Hadenfeld|H
25524|Heiligenstedten|H
25524|Heiligenstedtenerkamp|H
25581|Hennstedt|H
25379|Herzhorn|H
25563|Hingstheide|H
25569|Hodorf|H
25582|Hohenaspe|H
25358|Hohenfelde|H
25551|Hohenlockstedt|H
25549|Hohenlockstedt|P
25551|Springhoe|H
25584|Holstenniendorf|H
25358|Horst|H
25356|Horst|P
25588|Huje|H
25524|Itzehoe|H
25521|Itzehoe|G
25501|Itzehoe|P
25502|Itzehoe|P
25503|Itzehoe|P
25504|Itzehoe|P
25505|Itzehoe|P
25506|Itzehoe|P
25507|Itzehoe|P
25508|Itzehoe|P
25509|Itzehoe|P
25510|Itzehoe|P
25522|Itzehoe|G
25518|Itzehoe|G
25520|Itzehoe|G
25582|Kaaks|H
25560|Kaisborstel|H
25548|Kellinghusen|H
25542|Kellinghusen|P
25543|Kellinghusen|P
25544|Kellinghusen|P
25368|Kiebitzreihe|H
25554|Kleve|H
25524|Kollmoor|H
25376|Krempdorf|H
25361|Gehrhof|H
25361|Krempe|H
25359|Krempe|P
25569|Kremperheide|H
25567|Kremperheide|P
25569|Krempermoor|H
25597|Kronsmoor|H
25554|Krummendiek|H
25572|Kudensee|H
25566|Lägerdorf|H
25554|Landrecht|H
25572|Landscheide|H
25551|Lockstedt|H
25551|Lohbarbek|H
25582|Looft|H
25588|Mehlbek|H
25597|Moordiek|H
25554|Moorhusen|H
25548|Mühlenbarbek|H
25587|Münsterdorf|H
25578|Neuenbrook|H
25361|Muchelndorf|H
25335|Neuendorf|H
25596|Nienbüttel|H
25554|Nortorf|H
25594|Nutteln|H
25524|Oelixdorf|H
25548|Oeschebüttel|H
25560|Oldenborstel|H
25588|Oldendorf|H
25591|Ottenbüttel|H
25551|Peissen|H
25560|Pöschendorf|H
25581|Poyenberg|H
25560|Puls|H
25563|Quarnstedt|H
25579|Rade|H
25593|Reher|H
25566|Rethwisch|H
25548|Rosdorf|H
25572|Sankt Margarethen|H
24616|Sarlhusen|H
25560|Schenefeld|H
25551|Schlotfeld|H
25551|Silzen|H
25358|Sommerland|H
25379|Kamerlanderdeich|H
25554|Stördorf|H
25548|Störkathen|H
25361|Süderau|H
25594|Vaale|H
25572|Vaalerfeld|H
25594|Vaalermoor|H
25596|Wacken|H
25560|Warringholz|H
25597|Westermoor|H
25599|Wewelsfleth|H
24613|Wiedenborstel|H
24616|Willenscharen|H
25554|Wilster|H
25551|Winseldorf|H
25548|Wittenbergen|H
25563|Wrist|H
25563|Wulfsmoor|H
25377|Kollmar|H
25554|Neuendorf-Sachsenbande|H
22926|Ahrensburg|H
22923|Ahrensburg|G
22901|Ahrensburg|P
22902|Ahrensburg|P
22903|Ahrensburg|P
22904|Ahrensburg|P
22905|Ahrensburg|P
22906|Ahrensburg|P
22907|Ahrensburg|P
22908|Ahrensburg|P
22921|Ahrensburg|G
23619|Badendorf|H
23843|Bad Oldesloe|H
23840|Bad Oldesloe|G
23831|Bad Oldesloe|P
23832|Bad Oldesloe|P
23833|Bad Oldesloe|P
23834|Bad Oldesloe|P
23835|Bad Oldesloe|P
23836|Bad Oldesloe|P
23837|Bad Oldesloe|P
23841|Bad Oldesloe|G
23863|Bargfeld-Stegen|H
22941|Bargteheide|H
22933|Bargteheide|P
22934|Bargteheide|P
22935|Bargteheide|P
22936|Bargteheide|P
22937|Bargteheide|P
22939|Bargteheide|G
23858|Barnitz|H
22885|Barsbüttel|H
22881|Barsbüttel|P
22882|Barsbüttel|P
22883|Barsbüttel|P
22145|Braak|H
22941|Delingsdorf|H
23869|Elmenhorst|H
21509|Glinde|H
21503|Glinde|P
21504|Glinde|P
21505|Glinde|P
23845|Grabau|H
22946|Grande|H
22956|Grönwohld|H
22946|Großensee|H
22927|Großhansdorf|H
23619|Hamberge|H
22929|Hamfelde, Kr Stormarn|H
22941|Hammoor|H
23858|Heidekamp|H
23619|Heilshoop|H
22946|Hohenfelde|H
22955|Hoisdorf|H
22961|Oetjendorf|H
22941|Jersbek|H
23860|Klein Wesenberg|H
22929|Köthel, Kr Stormarn|H
22952|Lütjensee|H
23847|Meddewade|H
23619|Mönkhagen|H
23843|Neritz|H
23863|Nienwohld|H
22113|Oststeinbek|H
22109|Oststeinbek|P
23847|Pölitz|H
22929|Rausdorf|H
23619|Rehhorst|H
21465|Reinbek|H
21521|Bismarckquelle|H
21462|Reinbek|G
21451|Reinbek|P
21452|Reinbek|P
21453|Reinbek|P
21454|Reinbek|P
21455|Reinbek|P
23858|Reinfeld|H
23847|Rethwisch|H
23843|Rümpel|H
22962|Siek|H
22145|Stapelfeld|H
22889|Tangstedt|H
22965|Todendorf|H
22967|Tremsbüttel|H
22946|Trittau|H
22942|Trittau|P
22943|Trittau|P
23847|Westerau|H
22969|Witzhave|H
23619|Zarpen|H
22946|Brunsbek|H
23847|Lasbek|H
22949|Ammersbek|H
22964|Steinburg|H
23843|Travenbrück|H
23858|Feldhorst|H
23858|Wesenberg|H
20095|Hamburg|H
20097|Hamburg|N
20099|Hamburg|N
20144|Hamburg|N
20144|Hamburg|N
20146|Hamburg|N
20148|Hamburg|N
20149|Hamburg|N
20249|Hamburg|N
20249|Hamburg|N
20251|Hamburg|N
20253|Hamburg|N
20253|Hamburg|N
20255|Hamburg|N
20257|Hamburg|N
20257|Hamburg|N
20259|Hamburg|N
20354|Hamburg|N
20354|Hamburg|N
20355|Hamburg|N
20357|Hamburg|N
20357|Hamburg|N
20357|Hamburg|N
20359|Hamburg|N
20359|Hamburg|N
20457|Hamburg|N
20459|Hamburg|N
20535|Hamburg|N
20537|Hamburg|N
20539|Hamburg|N
21029|Hamburg|N
21031|Hamburg|N
21033|Hamburg|N
21035|Hamburg|N
21037|Hamburg|N
21039|Hamburg|N
21073|Hamburg|N
21075|Hamburg|N
21077|Hamburg|N
21079|Hamburg|N
21107|Hamburg|N
21109|Hamburg|N
21129|Hamburg|N
21129|Hamburg|N
21147|Hamburg|N
21149|Hamburg|N
22041|Hamburg|N
22043|Hamburg|N
22045|Hamburg|N
22047|Hamburg|N
22049|Hamburg|N
22081|Hamburg|N
22083|Hamburg|N
22085|Hamburg|N
22087|Hamburg|N
22087|Hamburg|N
22089|Hamburg|N
22089|Hamburg|N
22111|Hamburg|N
22113|Hamburg|N
22113|Hamburg|N
22115|Hamburg|N
22115|Hamburg|N
22117|Hamburg|N
22119|Hamburg|N
22143|Hamburg|N
22145|Hamburg|N
22147|Hamburg|N
22149|Hamburg|N
22159|Hamburg|N
22175|Hamburg|N
22177|Hamburg|N
22179|Hamburg|N
22297|Hamburg|N
22299|Hamburg|N
22301|Hamburg|N
22303|Hamburg|N
22305|Hamburg|N
22307|Hamburg|N
22309|Hamburg|N
22309|Hamburg|N
22335|Hamburg|N
22337|Hamburg|N
22339|Hamburg|N
22339|Hamburg|N
22359|Hamburg|N
22391|Hamburg|N
22391|Hamburg|N
22393|Hamburg|N
22395|Hamburg|N
22397|Hamburg|N
22399|Hamburg|N
22415|Hamburg|N
22417|Hamburg|N
22419|Hamburg|N
22453|Hamburg|N
22453|Hamburg|N
22455|Hamburg|N
22457|Hamburg|N
22459|Hamburg|N
22523|Hamburg|N
22525|Hamburg|N
22525|Hamburg|N
22527|Hamburg|N
22529|Hamburg|N
22529|Hamburg|N
22547|Hamburg|N
22547|Hamburg|N
22549|Hamburg|N
22559|Hamburg|N
22587|Hamburg|N
22589|Hamburg|N
22605|Hamburg|N
22607|Hamburg|N
22609|Hamburg|N
22761|Hamburg|N
22763|Hamburg|N
22765|Hamburg|N
22767|Hamburg|N
22767|Hamburg|N
22769|Hamburg|N
22769|Hamburg|N
22769|Hamburg|N
27499|Hamburg-Insel Neuwerk|H
20079|Hamburg|G
20080|Hamburg|G
20082|Hamburg|G
20083|Hamburg|G
20084|Hamburg|G
20085|Hamburg|G
20088|Hamburg|G
20139|Hamburg|G
20140|Hamburg|G
20141|Hamburg|G
20243|Hamburg|G
20244|Hamburg|G
20245|Hamburg|G
20246|Hamburg|G
20347|Hamburg|G
20348|Hamburg|G
20349|Hamburg|G
20350|Hamburg|G
20351|Hamburg|G
20352|Hamburg|G
20444|Hamburg|G
20449|Hamburg|G
20453|Hamburg|G
20454|Hamburg|G
20531|Hamburg|G
21027|Hamburg|G
21071|Hamburg|G
21105|Hamburg|G
22033|Hamburg|G
22039|Hamburg|G
22079|Hamburg|G
22172|Hamburg|G
22281|Hamburg|G
22284|Hamburg|G
22285|Hamburg|G
22287|Hamburg|G
22288|Hamburg|G
22289|Hamburg|G
22290|Hamburg|G
22291|Hamburg|G
22292|Hamburg|G
22293|Hamburg|G
22294|Hamburg|G
22331|Hamburg|G
22332|Hamburg|G
22357|Hamburg|G
22389|Hamburg|G
22413|Hamburg|G
22451|Hamburg|G
22521|Hamburg|G
22545|Hamburg|G
22557|Hamburg|G
22585|Hamburg|G
22603|Hamburg|G
22746|Hamburg|G
22747|Hamburg|G
22755|Hamburg|G
22756|Hamburg|G
22757|Hamburg|G
22758|Hamburg|G
20001|Hamburg|P
20002|Hamburg|P
20003|Hamburg|P
20004|Hamburg|P
20005|Hamburg|P
20006|Hamburg|P
20007|Hamburg|P
20008|Hamburg|P
20009|Hamburg|P
20010|Hamburg|P
20011|Hamburg|P
20012|Hamburg|P
20013|Hamburg|P
20014|Hamburg|P
20015|Hamburg|P
20016|Hamburg|P
20017|Hamburg|P
20018|Hamburg|P
20019|Hamburg|P
20020|Hamburg|P
20021|Hamburg|P
20022|Hamburg|P
20023|Hamburg|P
20024|Hamburg|P
20025|Hamburg|P
20026|Hamburg|P
20027|Hamburg|P
20028|Hamburg|P
20029|Hamburg|P
20030|Hamburg|P
20031|Hamburg|P
20032|Hamburg|P
20033|Hamburg|P
20034|Hamburg|P
20035|Hamburg|P
20036|Hamburg|P
20037|Hamburg|P
20038|Hamburg|P
20039|Hamburg|P
20040|Hamburg|P
20041|Hamburg|P
20042|Hamburg|P
20043|Hamburg|P
20044|Hamburg|P
20045|Hamburg|P
20101|Hamburg|P
20102|Hamburg|P
20103|Hamburg|P
20104|Hamburg|P
20105|Hamburg|P
20106|Hamburg|P
20107|Hamburg|P
20108|Hamburg|P
20109|Hamburg|P
20110|Hamburg|P
20116|Hamburg|P
20117|Hamburg|P
20118|Hamburg|P
20119|Hamburg|P
20201|Hamburg|P
20202|Hamburg|P
20203|Hamburg|P
20204|Hamburg|P
20205|Hamburg|P
20206|Hamburg|P
20207|Hamburg|P
20208|Hamburg|P
20209|Hamburg|P
20214|Hamburg|P
20215|Hamburg|P
20216|Hamburg|P
20217|Hamburg|P
20218|Hamburg|P
20221|Hamburg|P
20222|Hamburg|P
20223|Hamburg|P
20224|Hamburg|P
20301|Hamburg|P
20302|Hamburg|P
20303|Hamburg|P
20304|Hamburg|P
20305|Hamburg|P
20306|Hamburg|P
20307|Hamburg|P
20308|Hamburg|P
20309|Hamburg|P
20310|Hamburg|P
20311|Hamburg|P
20312|Hamburg|P
20313|Hamburg|P
20314|Hamburg|P
20315|Hamburg|P
20316|Hamburg|P
20317|Hamburg|P
20318|Hamburg|P
20324|Hamburg|P
20325|Hamburg|P
20327|Hamburg|P
20328|Hamburg|P
20329|Hamburg|P
20401|Hamburg|P
20402|Hamburg|P
20403|Hamburg|P
20404|Hamburg|P
20405|Hamburg|P
20406|Hamburg|P
20407|Hamburg|P
20408|Hamburg|P
20409|Hamburg|P
20410|Hamburg|P
20411|Hamburg|P
20412|Hamburg|P
20413|Hamburg|P
20414|Hamburg|P
20415|Hamburg|P
20416|Hamburg|P
20417|Hamburg|P
20418|Hamburg|P
20419|Hamburg|P
20420|Hamburg|P
20421|Hamburg|P
20422|Hamburg|P
20423|Hamburg|P
20501|Hamburg|P
20502|Hamburg|P
20503|Hamburg|P
20504|Hamburg|P
20505|Hamburg|P
20506|Hamburg|P
20507|Hamburg|P
20508|Hamburg|P
20509|Hamburg|P
20514|Hamburg|P
20515|Hamburg|P
20516|Hamburg|P
21001|Hamburg|P
21002|Hamburg|P
21003|Hamburg|P
21004|Hamburg|P
21005|Hamburg|P
21006|Hamburg|P
21007|Hamburg|P
21008|Hamburg|P
21009|Hamburg|P
21010|Hamburg|P
21041|Hamburg|P
21042|Hamburg|P
21043|Hamburg|P
21044|Hamburg|P
21045|Hamburg|P
21046|Hamburg|P
21047|Hamburg|P
21048|Hamburg|P
21049|Hamburg|P
21050|Hamburg|P
21051|Hamburg|P
21055|Hamburg|P
21056|Hamburg|P
21057|Hamburg|P
21081|Hamburg|P
21082|Hamburg|P
21083|Hamburg|P
21084|Hamburg|P
21085|Hamburg|P
21086|Hamburg|P
21087|Hamburg|P
21088|Hamburg|P
21111|Hamburg|P
21112|Hamburg|P
21113|Hamburg|P
21131|Hamburg|P
21132|Hamburg|P
21133|Hamburg|P
21134|Hamburg|P
21135|Hamburg|P
21136|Hamburg|P
21137|Hamburg|P
22001|Hamburg|P
22002|Hamburg|P
22003|Hamburg|P
22004|Hamburg|P
22005|Hamburg|P
22006|Hamburg|P
22007|Hamburg|P
22008|Hamburg|P
22009|Hamburg|P
22010|Hamburg|P
22011|Hamburg|P
22012|Hamburg|P
22013|Hamburg|P
22014|Hamburg|P
22015|Hamburg|P
22016|Hamburg|P
22017|Hamburg|P
22052|Hamburg|P
22053|Hamburg|P
22054|Hamburg|P
22055|Hamburg|P
22056|Hamburg|P
22057|Hamburg|P
22058|Hamburg|P
22059|Hamburg|P
22060|Hamburg|P
22061|Hamburg|P
22062|Hamburg|P
22069|Hamburg|P
22071|Hamburg|P
22091|Hamburg|P
22092|Hamburg|P
22093|Hamburg|P
22094|Hamburg|P
22095|Hamburg|P
22096|Hamburg|P
22097|Hamburg|P
22098|Hamburg|P
22099|Hamburg|P
22121|Hamburg|P
22122|Hamburg|P
22123|Hamburg|P
22124|Hamburg|P
22125|Hamburg|P
22126|Hamburg|P
22127|Hamburg|P
22128|Hamburg|P
22129|Hamburg|P
22130|Hamburg|P
22151|Hamburg|P
22152|Hamburg|P
22161|Hamburg|P
22162|Hamburg|P
22163|Hamburg|P
22164|Hamburg|P
22201|Hamburg|P
22202|Hamburg|P
22203|Hamburg|P
22204|Hamburg|P
22205|Hamburg|P
22206|Hamburg|P
22207|Hamburg|P
22208|Hamburg|P
22209|Hamburg|P
22210|Hamburg|P
22211|Hamburg|P
22212|Hamburg|P
22213|Hamburg|P
22214|Hamburg|P
22215|Hamburg|P
22216|Hamburg|P
22217|Hamburg|P
22218|Hamburg|P
22219|Hamburg|P
22220|Hamburg|P
22231|Hamburg|P
22232|Hamburg|P
22233|Hamburg|P
22234|Hamburg|P
22235|Hamburg|P
22236|Hamburg|P
22237|Hamburg|P
22238|Hamburg|P
22239|Hamburg|P
22240|Hamburg|P
22246|Hamburg|P
22247|Hamburg|P
22248|Hamburg|P
22249|Hamburg|P
22250|Hamburg|P
22253|Hamburg|P
22254|Hamburg|P
22255|Hamburg|P
22256|Hamburg|P
22311|Hamburg|P
22312|Hamburg|P
22313|Hamburg|P
22314|Hamburg|P
22315|Hamburg|P
22316|Hamburg|P
22317|Hamburg|P
22323|Hamburg|P
22341|Hamburg|P
22342|Hamburg|P
22343|Hamburg|P
22344|Hamburg|P
22345|Hamburg|P
22361|Hamburg|P
22362|Hamburg|P
22363|Hamburg|P
22364|Hamburg|P
22365|Hamburg|P
22366|Hamburg|P
22367|Hamburg|P
22368|Hamburg|P
22369|Hamburg|P
22371|Hamburg|P
22372|Hamburg|P
22373|Hamburg|P
22374|Hamburg|P
22401|Hamburg|P
22402|Hamburg|P
22403|Hamburg|P
22404|Hamburg|P
22421|Hamburg|P
22422|Hamburg|P
22423|Hamburg|P
22424|Hamburg|P
22425|Hamburg|P
22428|Hamburg|P
22429|Hamburg|P
22430|Hamburg|P
22431|Hamburg|P
22432|Hamburg|P
22433|Hamburg|P
22449|Hamburg|P
22450|Hamburg|P
22501|Hamburg|P
22502|Hamburg|P
22503|Hamburg|P
22504|Hamburg|P
22505|Hamburg|P
22506|Hamburg|P
22507|Hamburg|P
22508|Hamburg|P
22509|Hamburg|P
22510|Hamburg|P
22531|Hamburg|P
22532|Hamburg|P
22533|Hamburg|P
22534|Hamburg|P
22551|Hamburg|P
22552|Hamburg|P
22561|Hamburg|P
22562|Hamburg|P
22563|Hamburg|P
22564|Hamburg|P
22565|Hamburg|P
22566|Hamburg|P
22567|Hamburg|P
22568|Hamburg|P
22569|Hamburg|P
22570|Hamburg|P
22591|Hamburg|P
22592|Hamburg|P
22593|Hamburg|P
22594|Hamburg|P
22595|Hamburg|P
22596|Hamburg|P
22701|Hamburg|P
22702|Hamburg|P
22703|Hamburg|P
22704|Hamburg|P
22705|Hamburg|P
22706|Hamburg|P
22707|Hamburg|P
22708|Hamburg|P
22709|Hamburg|P
22710|Hamburg|P
22711|Hamburg|P
22712|Hamburg|P
22713|Hamburg|P
22714|Hamburg|P
22715|Hamburg|P
22716|Hamburg|P
22717|Hamburg|P
22718|Hamburg|P
20089|Hamburg|G
21160|Hamburg|P
21170|Hamburg|G
20087|Hamburg|G
22280|Hamburg|G
22283|Hamburg|G
22744|Hamburg|G
22745|Hamburg|G
22770|Hamburg|P
22771|Hamburg|P
22772|Hamburg|P
22773|Hamburg|P
22774|Hamburg|P
22785|Hamburg|G
22051|Hamburg|P
22571|Hamburg|P
22572|Hamburg|P
22573|Hamburg|P
22049|Hamburg|N
22089|Hamburg|N
20431|Hamburg|P
20432|Hamburg|P
20433|Hamburg|P
20434|Hamburg|P
22021|Hamburg|P
22022|Hamburg|P
22023|Hamburg|P
22087|Hamburg|N
22078|Hamburg|G
20077|Hamburg|G
20219|Hamburg|P
20086|Hamburg|G
21098|Hamburg|P
22034|Hamburg|G
22787|Hamburg|G
22799|Hamburg|G
20090|Hamburg|G
21015|Hamburg|P
21094|Hamburg|P
20451|Hamburg|G
20900|Hamburg|G
21300|Hamburg|G
22035|Hamburg|G
22102|Hamburg|G
22798|Hamburg|G
22376|Hamburg|P
22282|Hamburg|G
22520|Hamburg|G
22748|Hamburg|G
22278|Hamburg|G
22279|Hamburg|G
20446|Hamburg|G
22037|Hamburg|G
22794|Hamburg|G
22795|Hamburg|G
22796|Hamburg|G
20091|Hamburg|G
20081|Hamburg|G
20247|Hamburg|G
21171|Hamburg|G
22140|Hamburg|G
20092|Hamburg|G
20074|Hamburg|G
20076|Hamburg|G
22139|Hamburg|G
22754|Hamburg|G
22776|Hamburg|G
22777|Hamburg|G
22778|Hamburg|G
22779|Hamburg|G
22788|Hamburg|G
22789|Hamburg|G
22792|Hamburg|G
22793|Hamburg|G
22036|Hamburg|G
20071|Hamburg|G
22791|Hamburg|G
20069|Hamburg|G
20070|Hamburg|G
20068|Hamburg|G
20242|Hamburg|G
20824|Hamburg|P
20435|Hamburg|P
22780|Hamburg|G
20346|Hamburg|G
20067|Hamburg|G
22222|Hamburg|G
20903|Hamburg|G
20901|Hamburg|G
22797|Hamburg|G
22070|Hamburg|P
20066|Hamburg|G
22277|Hamburg|G
22775|Hamburg|G
20065|Hamburg|G
20450|Hamburg|G
20905|Hamburg|G
22750|Hamburg|G
20902|Hamburg|G
20904|Hamburg|G
20906|Hamburg|G
20907|Hamburg|G
20908|Hamburg|G
20909|Hamburg|G
20910|Hamburg|G
22784|Hamburg|G
20445|Hamburg|G
20911|Hamburg|G
20912|Hamburg|G
20913|Hamburg|G
22032|Hamburg|G
20914|Hamburg|G
20915|Hamburg|G
22276|Hamburg|G
22275|Hamburg|G
22781|Hamburg|G
20533|Hamburg|G
22415|Hamburg|H
22417|Hamburg|H
20072|Hamburg|G
21175|Hamburg|G
22790|Hamburg|G
22743|Hamburg|G
22783|Hamburg|G
22782|Hamburg|G
21172|Hamburg|G
20592|Hamburg|G
20638|Hamburg|G
21066|Hamburg|G
22742|Hamburg|G
20555|Hamburg|G
20627|Hamburg|G
21022|Hamburg|G
20587|Hamburg|G
20073|Hamburg|G
22786|Hamburg|G
38100|Braunschweig|H
38102|Braunschweig|N
38104|Braunschweig|N
38106|Braunschweig|N
38108|Braunschweig|N
38110|Braunschweig|N
38112|Braunschweig|N
38114|Braunschweig|N
38116|Braunschweig|N
38118|Braunschweig|N
38120|Braunschweig|N
38122|Braunschweig|N
38124|Braunschweig|N
38126|Braunschweig|N
38090|Braunschweig|G
38091|Braunschweig|G
38092|Braunschweig|G
38093|Braunschweig|G
38094|Braunschweig|G
38096|Braunschweig|G
38001|Braunschweig|P
38002|Braunschweig|P
38003|Braunschweig|P
38004|Braunschweig|P
38005|Braunschweig|P
38006|Braunschweig|P
38007|Braunschweig|P
38008|Braunschweig|P
38009|Braunschweig|P
38010|Braunschweig|P
38011|Braunschweig|P
38012|Braunschweig|P
38013|Braunschweig|P
38014|Braunschweig|P
38015|Braunschweig|P
38016|Braunschweig|P
38017|Braunschweig|P
38018|Braunschweig|P
38019|Braunschweig|P
38020|Braunschweig|P
38021|Braunschweig|P
38022|Braunschweig|P
38023|Braunschweig|P
38024|Braunschweig|P
38025|Braunschweig|P
38026|Braunschweig|P
38027|Braunschweig|P
38028|Braunschweig|P
38029|Braunschweig|P
38030|Braunschweig|P
38031|Braunschweig|P
38032|Braunschweig|P
38033|Braunschweig|P
38034|Braunschweig|P
38035|Braunschweig|P
38036|Braunschweig|P
38037|Braunschweig|P
38038|Braunschweig|P
38039|Braunschweig|P
38049|Braunschweig|P
38058|Braunschweig|P
38130|Braunschweig|P
38131|Braunschweig|P
38132|Braunschweig|P
38133|Braunschweig|P
38140|Braunschweig|G
38999|Braunschweig|G
38900|Braunschweig|G
38097|Braunschweig|G
38084|Braunschweig|G
38089|Braunschweig|G
38098|Braunschweig|G
38142|Braunschweig|G
38144|Braunschweig|G
38143|Braunschweig|G
38083|Braunschweig|G
38095|Braunschweig|G
38226|Salzgitter|H
38228|Salzgitter|N
38229|Salzgitter|N
38239|Salzgitter|N
38259|Salzgitter|N
38201|Salzgitter|P
38202|Salzgitter|P
38203|Salzgitter|P
38204|Salzgitter|P
38205|Salzgitter|P
38206|Salzgitter|P
38207|Salzgitter|P
38208|Salzgitter|P
38209|Salzgitter|P
38210|Salzgitter|P
38213|Salzgitter|P
38214|Salzgitter|P
38231|Salzgitter|P
38241|Salzgitter|P
38242|Salzgitter|P
38243|Salzgitter|P
38244|Salzgitter|P
38245|Salzgitter|P
38246|Salzgitter|P
38247|Salzgitter|P
38223|Salzgitter|G
38236|Salzgitter|G
38237|Salzgitter|G
38440|Wolfsburg|H
38442|Wolfsburg|N
38444|Wolfsburg|N
38446|Wolfsburg|N
38448|Wolfsburg|N
38436|Wolfsburg|G
38401|Wolfsburg|P
38402|Wolfsburg|P
38403|Wolfsburg|P
38404|Wolfsburg|P
38405|Wolfsburg|P
38406|Wolfsburg|P
38407|Wolfsburg|P
38408|Wolfsburg|P
38409|Wolfsburg|P
38410|Wolfsburg|P
38416|Wolfsburg|P
38417|Wolfsburg|P
38432|Wolfsburg|G
38415|Wolfsburg|P
38435|Wolfsburg|G
38438|Wolfsburg|G
38439|Wolfsburg|G
38433|Wolfsburg|G
38528|Adenbüttel|H
38476|Barwedel|H
38467|Bergfeld|H
38556|Bokensdorf|H
38465|Brome|H
38465|Brome|P
38547|Calberlah|H
29386|Dedelstorf|H
38468|Ehra-Lessien|H
38518|Gifhorn|H
38559|Ringelah|H
38516|Gifhorn|G
38501|Gifhorn|P
38502|Gifhorn|P
38503|Gifhorn|P
38504|Gifhorn|P
38505|Gifhorn|P
38506|Gifhorn|P
38507|Gifhorn|P
38508|Gifhorn|P
38509|Gifhorn|P
29393|Groß Oesingen|H
29386|Hankensbüttel|H
29384|Hankensbüttel|P
38543|Hillerse|H
38550|Isenbüttel|H
38477|Jembke|H
38542|Leiferde|H
38540|Leiferde|P
38527|Meine|H
38525|Meine|P
38526|Meine|G
38536|Meinersen|H
38534|Meinersen|P
38539|Müden|H
29386|Obernholz|H
38557|Osloß|H
38470|Parsau|H
38551|Ribbesbüttel|H
38531|Rötgesbüttel|H
38471|Rühen|H
38524|Sassenburg|H
29396|Schönewörde|H
38179|Schwülper|H
38177|Schwülper|P
29365|Sprakensehl|H
29367|Steinhorst|H
38479|Tappenbeck|H
38473|Tiddische|H
38474|Tülau|H
29369|Ummern|H
38533|Vordorf|H
38551|Algesbüttel|H
38559|Wagenhoff|H
29399|Wahrenholz|H
38553|Wasbüttel|H
29392|Wesendorf|H
29390|Wesendorf|P
38554|Weyhausen|H
29378|Wittingen|H
29379|Wittingen|N
29377|Wittingen|G
29371|Wittingen|P
29372|Wittingen|P
29374|Wittingen|P
38530|Didderse|H
37139|Adelebsen|H
37137|Adelebsen|P
37434|Bilshausen|H
37435|Bilshausen|P
37434|Bodensee|H
37120|Bovenden|H
37116|Bovenden|P
37117|Bovenden|P
37127|Bühren|H
37127|Dransfeld|H
37125|Dransfeld|P
37115|Duderstadt|H
37104|Duderstadt|P
37105|Duderstadt|P
37106|Duderstadt|P
37107|Duderstadt|P
37108|Duderstadt|P
37136|Ebergötzen|H
37133|Friedland|H
37434|Gieboldehausen|H
37130|Gleichen|H
37073|Göttingen|H
37075|Göttingen|N
37077|Göttingen|N
37079|Göttingen|N
37081|Göttingen|N
37083|Göttingen|N
37085|Göttingen|N
37069|Göttingen|G
37070|Göttingen|G
37001|Göttingen|P
37002|Göttingen|P
37003|Göttingen|P
37004|Göttingen|P
37005|Göttingen|P
37006|Göttingen|P
37007|Göttingen|P
37008|Göttingen|P
37009|Göttingen|P
37010|Göttingen|P
37011|Göttingen|P
37012|Göttingen|P
37013|Göttingen|P
37014|Göttingen|P
37015|Göttingen|P
37016|Göttingen|P
37017|Göttingen|P
37018|Göttingen|P
37019|Göttingen|P
37020|Göttingen|P
37021|Göttingen|P
37022|Göttingen|P
37023|Göttingen|P
37024|Göttingen|P
37025|Göttingen|P
37026|Göttingen|P
37027|Göttingen|P
37028|Göttingen|P
37029|Göttingen|P
37030|Göttingen|P
37086|Göttingen|P
37087|Göttingen|P
37100|Göttingen|G
37095|Göttingen|G
37096|Göttingen|G
37068|Göttingen|G
37200|Göttingen|G
37099|Göttingen|G
37031|Göttingen|P
37089|Göttingen|G
37097|Göttingen|G
37127|Jühnde|H
37434|Krebeck|H
37136|Landolfshausen|H
34346|Hann. Münden|H
34331|Hann. Münden|P
34332|Hann. Münden|P
34333|Hann. Münden|P
34334|Hann. Münden|P
34335|Hann. Münden|P
37127|Niemetal|H
37434|Obernfeld|H
37434|Rhumspringe|H
37434|Rollshausen|H
37124|Rosdorf|H
37127|Brackenberg|H
37121|Rosdorf|P
37122|Rosdorf|P
37434|Rüdershausen|H
37127|Scheden|H
37136|Seeburg|H
37136|Seulingen|H
34355|Staufenberg|H
34353|Staufenberg|P
37136|Waake|H
37434|Wollbrandshausen|H
37434|Wollershausen|H
38707|Altenau|H
38667|Torfhaus|H
38678|Oberschulenberg|H
38667|Bad Harzburg|H
38659|Bad Harzburg|P
38661|Bad Harzburg|P
38700|Braunlage|H
38691|Braunlage|P
38692|Braunlage|P
38693|Braunlage|P
38694|Braunlage|P
38678|Clausthal-Zellerfeld|H
38668|Clausthal-Zellerfeld|P
38669|Clausthal-Zellerfeld|P
38670|Clausthal-Zellerfeld|P
38671|Clausthal-Zellerfeld|P
38672|Clausthal-Zellerfeld|P
38674|Clausthal-Zellerfeld|P
38640|Goslar|H
38642|Goslar|N
38644|Goslar|N
38621|Goslar|P
38622|Goslar|P
38628|Goslar|P
38629|Goslar|P
38630|Goslar|P
38631|Goslar|P
38632|Goslar|P
38633|Goslar|P
38634|Goslar|P
38686|Goslar|P
38687|Goslar|P
38688|Goslar|P
38690|Goslar|H
38685|Langelsheim|H
38685|Langelsheim|N
38679|Langelsheim|P
38680|Langelsheim|P
38729|Langelsheim|H
38704|Liebenburg|H
37444|St. Andreasberg|H
37442|St. Andreasberg|P
38707|Schulenberg|H
38723|Seesen|H
38711|Seesen|P
38712|Seesen|P
38713|Seesen|P
38714|Seesen|P
38715|Seesen|P
38717|Seesen|G
38709|Wildemann|H
38459|Bahrdorf|H
38382|Beierstedt|H
38372|Büddenstedt|H
38461|Danndorf|H
38373|Frellstedt|H
38384|Gevensleben|H
38462|Grafhorst|H
38368|Grasleben|H
38367|Grasleben|G
38464|Groß Twülpstedt|H
38350|Helmstedt|H
38350|Buschhaus|H
38331|Helmstedt|P
38332|Helmstedt|P
38333|Helmstedt|P
38334|Helmstedt|P
38335|Helmstedt|P
38336|Helmstedt|P
38337|Helmstedt|P
38338|Helmstedt|P
38345|Helmstedt|G
38346|Helmstedt|G
38381|Jerxheim|H
38154|Königslutter|H
38154|Brunsleberfeld|H
38150|Königslutter|P
38151|Königslutter|P
38152|Königslutter|P
38165|Lehre|H
38368|Mariental|H
38368|Querenhorst|H
38375|Räbke|H
38368|Rennau|H
38364|Schöningen|H
38387|Söllingen|H
38373|Süpplingen|H
38376|Süpplingenburg|H
38458|Velpke|H
38378|Warberg|H
38379|Wolsdorf|H
37581|Bad Gandersheim|H
37575|Bad Gandersheim|P
37576|Bad Gandersheim|P
37577|Bad Gandersheim|P
37194|Bodenfelde|H
37192|Bodenfelde|P
37586|Dassel|H
37584|Dassel|P
37574|Einbeck|H
37568|Einbeck|G
37552|Einbeck|P
37553|Einbeck|P
37554|Einbeck|P
37555|Einbeck|P
37556|Einbeck|P
37557|Einbeck|P
37558|Einbeck|P
37559|Einbeck|P
37569|Einbeck|G
37571|Einbeck|G
37541|Einbeck|P
37542|Einbeck|P
37181|Hardegsen|H
37177|Hardegsen|P
37178|Hardegsen|P
37589|Kalefeld|H
37191|Katlenburg-Lindau|H
37186|Moringen|H
37182|Moringen|P
37183|Moringen|P
37176|Nörten-Hardenberg|H
37171|Nörten-Hardenberg|P
37172|Nörten-Hardenberg|P
37173|Nörten-Hardenberg|P
37154|Northeim|H
37141|Northeim|P
37142|Northeim|P
37143|Northeim|P
37144|Northeim|P
37145|Northeim|P
37146|Northeim|P
37170|Uslar|H
37162|Uslar|P
37163|Uslar|P
37164|Uslar|P
37165|Uslar|P
37572|Einbeck|G
37539|Bad Grund|H
37431|Bad Lauterberg|H
37421|Bad Lauterberg|P
37422|Bad Lauterberg|P
37423|Bad Lauterberg|P
37424|Bad Lauterberg|P
37441|Bad Sachsa|H
37438|Bad Sachsa|P
37439|Bad Sachsa|P
37412|Elbingerode|H
37197|Hattorf|H
37412|Herzberg|H
37434|An der Rhumequelle|H
37401|Herzberg|P
37402|Herzberg|P
37403|Herzberg|P
37404|Herzberg|P
37405|Herzberg|P
37406|Herzberg|P
37412|Hörden|H
37412|Aschenhütte|H
37520|Osterode|H
37501|Osterode|P
37502|Osterode|P
37503|Osterode|P
37504|Osterode|P
37505|Osterode|P
37506|Osterode|P
37507|Osterode|P
37508|Osterode|P
37509|Osterode|P
37445|Walkenried|H
37199|Wulften|H
37434|Rotenberg, Jagdhaus|H
37535|Bad Grund|P
31234|Edemissen|H
31232|Edemissen|P
31249|Hohenhameln|H
31247|Hohenhameln|P
31241|Ilsede|H
31235|Ilsede|P
31236|Ilsede|P
31238|Ilsede|P
38268|Lengede|H
38266|Lengede|P
31224|Peine|H
31226|Peine|N
31228|Peine|N
31221|Peine|G
31201|Peine|P
31202|Peine|P
31203|Peine|P
31204|Peine|P
31205|Peine|P
31206|Peine|P
31207|Peine|P
31208|Peine|P
31213|Peine|P
31209|Peine|P
31210|Peine|P
31211|Peine|P
38159|Vechelde|H
38176|Wendeburg|H
38174|Wendeburg|P
31246|Ilsede|H
38271|Baddeckenstedt|H
38269|Baddeckenstedt|P
38312|Börßum|H
38272|Burgdorf|H
38312|Cramme|H
38162|Cremlingen|H
38170|Dahlum|H
38321|Denkte|H
38173|Dettum|H
38312|Dorstadt|H
38274|Elbe|H
38173|Erkerode|H
38173|Reitling|H
38173|Evessen|H
38312|Flöthe|H
38315|Gielde|H
38275|Haverlah|H
38322|Hedeper|H
38277|Heere|H
38312|Heiningen|H
38315|Hornburg|H
38316|Hornburg|P
38324|Kissenbrück|H
38170|Kneitlingen|H
38312|Ohrum|H
38319|Remlingen|H
38325|Roklum|H
38315|Schladen|H
38170|Schöppenstedt|H
38154|Groß Rode|H
38154|Tetzelstein|H
38166|Schöppenstedt|P
38167|Schöppenstedt|P
38168|Schöppenstedt|P
38279|Sehlde|H
38327|Semmenstedt|H
38173|Sickte|H
38170|Uehrde|H
38170|Vahlberg|H
38173|Veltheim|H
38315|Werlaburgdorf|H
38170|Winnigstedt|H
38329|Wittmar|H
38300|Wolfenbüttel|H
38302|Wolfenbüttel|N
38304|Wolfenbüttel|N
38299|Wolfenbüttel|G
38281|Wolfenbüttel|P
38282|Wolfenbüttel|P
38283|Wolfenbüttel|P
38284|Wolfenbüttel|P
38285|Wolfenbüttel|P
38286|Wolfenbüttel|P
38287|Wolfenbüttel|P
38288|Wolfenbüttel|P
38289|Wolfenbüttel|P
38296|Wolfenbüttel|G
30159|Hannover|H
30161|Hannover|N
30163|Hannover|N
30165|Hannover|N
30167|Hannover|N
30169|Hannover|N
30171|Hannover|N
30173|Hannover|N
30175|Hannover|N
30177|Hannover|N
30179|Hannover|N
30419|Hannover|N
30449|Hannover|N
30451|Hannover|N
30453|Hannover|N
30455|Hannover|N
30457|Hannover|N
30459|Hannover|N
30519|Hannover|N
30539|Hannover|N
30559|Hannover|N
30625|Hannover|N
30627|Hannover|N
30629|Hannover|N
30655|Hannover|N
30657|Hannover|N
30659|Hannover|N
30137|Hannover|G
30138|Hannover|G
30139|Hannover|G
30140|Hannover|G
30141|Hannover|G
30142|Hannover|G
30144|Hannover|G
30146|Hannover|G
30147|Hannover|G
30148|Hannover|G
30149|Hannover|G
30150|Hannover|G
30152|Hannover|G
30620|Hannover|G
30621|Hannover|G
30622|Hannover|G
30623|Hannover|G
30001|Hannover|P
30002|Hannover|P
30003|Hannover|P
30004|Hannover|P
30005|Hannover|P
30006|Hannover|P
30007|Hannover|P
30008|Hannover|P
30009|Hannover|P
30010|Hannover|P
30011|Hannover|P
30012|Hannover|P
30013|Hannover|P
30014|Hannover|P
30015|Hannover|P
30016|Hannover|P
30017|Hannover|P
30018|Hannover|P
30019|Hannover|P
30020|Hannover|P
30021|Hannover|P
30022|Hannover|P
30023|Hannover|P
30024|Hannover|P
30025|Hannover|P
30026|Hannover|P
30027|Hannover|P
30028|Hannover|P
30029|Hannover|P
30030|Hannover|P
30031|Hannover|P
30032|Hannover|P
30033|Hannover|P
30034|Hannover|P
30035|Hannover|P
30036|Hannover|P
30037|Hannover|P
30038|Hannover|P
30039|Hannover|P
30040|Hannover|P
30041|Hannover|P
30042|Hannover|P
30043|Hannover|P
30044|Hannover|P
30045|Hannover|P
30046|Hannover|P
30047|Hannover|P
30048|Hannover|P
30049|Hannover|P
30050|Hannover|P
30051|Hannover|P
30052|Hannover|P
30053|Hannover|P
30054|Hannover|P
30055|Hannover|P
30056|Hannover|P
30057|Hannover|P
30058|Hannover|P
30059|Hannover|P
30060|Hannover|P
30061|Hannover|P
30062|Hannover|P
30063|Hannover|P
30064|Hannover|P
30065|Hannover|P
30066|Hannover|P
30401|Hannover|P
30402|Hannover|P
30403|Hannover|P
30404|Hannover|P
30405|Hannover|P
30421|Hannover|P
30422|Hannover|P
30423|Hannover|P
30424|Hannover|P
30425|Hannover|P
30426|Hannover|P
30427|Hannover|P
30428|Hannover|P
30429|Hannover|P
30430|Hannover|P
30431|Hannover|P
30432|Hannover|P
30433|Hannover|P
30501|Hannover|P
30502|Hannover|P
30503|Hannover|P
30504|Hannover|P
30505|Hannover|P
30506|Hannover|P
30514|Hannover|P
30515|Hannover|P
30531|Hannover|P
30532|Hannover|P
30533|Hannover|P
30541|Hannover|P
30542|Hannover|P
30543|Hannover|P
30544|Hannover|P
30550|Hannover|P
30551|Hannover|P
30552|Hannover|P
30553|Hannover|P
30601|Hannover|P
30602|Hannover|P
30603|Hannover|P
30604|Hannover|P
30611|Hannover|P
30612|Hannover|P
30613|Hannover|P
30631|Hannover|P
30632|Hannover|P
30633|Hannover|P
30634|Hannover|P
30635|Hannover|P
30636|Hannover|P
30637|Hannover|P
30661|Hannover|P
30662|Hannover|P
30545|Hannover|P
30671|Hannover|P
30690|Hannover|G
30521|Hannover|N
30136|Hannover|G
30099|Hannover|P
30100|Hannover|P
30101|Hannover|P
30102|Hannover|P
30103|Hannover|P
30104|Hannover|P
30440|Hannover|P
30441|Hannover|P
30151|Hannover|G
30615|Hannover|P
30616|Hannover|P
30145|Hannover|G
30200|Hannover|G
30153|Hannover|G
30417|Hannover|G
30691|Hannover|G
30130|Hannover|G
30156|Hannover|G
30157|Hannover|G
30619|Hannover|G
30154|Hannover|G
30133|Hannover|G
30692|Hannover|G
30201|Hannover|G
30135|Hannover|G
30129|Hannover|G
30131|Hannover|G
30127|Hannover|G
30700|Hannover|G
30126|Hannover|G
30650|Hannover|G
30689|Hannover|G
30125|Hannover|G
30648|Hannover|G
30649|Hannover|G
30686|Hannover|G
30134|Hannover|G
30517|Hannover|G
30645|Hannover|G
30693|Hannover|G
30684|Hannover|G
30128|Hannover|G
30181|Hannover|G
30683|Hannover|G
30682|Hannover|G
30647|Hannover|G
30132|Hannover|G
30685|Hannover|G
30664|Hannover|G
30155|Hannover|G
30688|Hannover|G
30890|Barsinghausen|H
31303|Burgdorf|H
31300|Burgdorf|G
31286|Burgdorf|P
31287|Burgdorf|P
31288|Burgdorf|P
31289|Burgdorf|P
31290|Burgdorf|P
31291|Burgdorf|P
31295|Burgdorf|P
30938|Burgwedel|H
30927|Burgwedel|P
30928|Burgwedel|P
30929|Burgwedel|P
30930|Burgwedel|P
30823|Garbsen|H
30826|Garbsen|N
30827|Garbsen|N
30821|Garbsen|G
30801|Garbsen|P
30802|Garbsen|P
30803|Garbsen|P
30804|Garbsen|P
30805|Garbsen|P
30808|Garbsen|P
30809|Garbsen|P
30811|Garbsen|P
30812|Garbsen|P
30813|Garbsen|P
30816|Garbsen|P
30820|Garbsen|G
30989|Gehrden|H
30988|Gehrden|G
30983|Gehrden|P
30984|Gehrden|P
30966|Hemmingen|H
30953|Hemmingen|P
30954|Hemmingen|P
30955|Hemmingen|P
30956|Hemmingen|P
30957|Hemmingen|P
30959|Hemmingen|P
30960|Hemmingen|P
30916|Isernhagen|H
30901|Isernhagen|P
30902|Isernhagen|P
30903|Isernhagen|P
30904|Isernhagen|P
30907|Isernhagen|P
30908|Isernhagen|P
30880|Laatzen|H
30875|Laatzen|G
30876|Laatzen|G
30856|Laatzen|P
30857|Laatzen|P
30858|Laatzen|P
30859|Laatzen|P
30860|Laatzen|P
30864|Laatzen|P
30865|Laatzen|P
30866|Laatzen|P
30867|Laatzen|P
30868|Laatzen|P
30851|Langenhagen|H
30853|Langenhagen|N
30855|Langenhagen|N
30832|Langenhagen|P
30833|Langenhagen|P
30834|Langenhagen|P
30835|Langenhagen|P
30836|Langenhagen|P
30837|Langenhagen|P
30838|Langenhagen|P
30839|Langenhagen|P
30840|Langenhagen|P
30842|Langenhagen|P
30843|Langenhagen|P
30669|Hannover|N
31275|Lehrte|H
31272|Lehrte|G
31251|Lehrte|P
31252|Lehrte|P
31253|Lehrte|P
31254|Lehrte|P
31255|Lehrte|P
31256|Lehrte|P
31257|Lehrte|P
31262|Lehrte|P
31263|Lehrte|P
31273|Lehrte|G
31535|Neustadt|H
31533|Neustadt|G
31519|Neustadt|P
31520|Neustadt|P
31521|Neustadt|P
31522|Neustadt|P
30982|Pattensen|H
30975|Pattensen|P
30976|Pattensen|P
30952|Ronnenberg|H
30939|Ronnenberg|P
30940|Ronnenberg|P
30941|Ronnenberg|P
30942|Ronnenberg|P
30944|Ronnenberg|P
30945|Ronnenberg|P
30926|Seelze|H
30917|Seelze|P
30918|Seelze|P
30920|Seelze|P
30921|Seelze|P
31319|Sehnde|H
31312|Sehnde|P
31313|Sehnde|P
31832|Springe|H
31830|Springe|G
31829|Springe|G
31311|Uetze|H
31304|Uetze|P
31305|Uetze|P
30900|Wedemark|H
30891|Wedemark|P
30892|Wedemark|P
30893|Wedemark|P
30896|Wedemark|P
30974|Wennigsen|H
30967|Wennigsen|P
30968|Wennigsen|P
30970|Wennigsen|P
31515|Wunstorf|H
31513|Wunstorf|G
31501|Wunstorf|P
31502|Wunstorf|P
31504|Wunstorf|P
31505|Wunstorf|P
31506|Wunstorf|P
31507|Wunstorf|P
31509|Wunstorf|P
31511|Wunstorf|P
31512|Wunstorf|P
31510|Wunstorf|P
27257|Affinghausen|H
27330|Asendorf|H
27245|Bahrenborstel|H
27245|Barenburg|H
49406|Barnstorf|H
49457|Dreeker Fladder|H
49402|Barnstorf|P
49403|Barnstorf|P
49457|Dreeker Fladder|P
49453|Barver|H
27211|Bassum|H
27201|Bassum|P
27202|Bassum|P
27203|Bassum|P
27204|Bassum|P
27209|Bassum|G
27246|Borstel|H
49448|Brockum|H
27305|Bruchhausen-Vilsen|H
27300|Bruchhausen-Vilsen|P
27301|Bruchhausen-Vilsen|P
27302|Bruchhausen-Vilsen|P
49453|Dickel|H
49356|Diepholz|H
49341|Diepholz|P
49342|Diepholz|P
49343|Diepholz|P
49344|Diepholz|P
49345|Diepholz|P
49346|Diepholz|P
49347|Diepholz|P
49357|Diepholz|G
49358|Diepholz|G
49457|Drebber|H
49457|Drebber|P
49406|Drentwede|H
27248|Ehrenburg|H
49406|Eydelstedt|H
27259|Freistatt|H
49453|Hemsloh|H
49448|Hüde|H
49459|Berglage|H
49459|Burlage|H
49459|Evershorst|H
49459|Kuhlhorst|H
49459|Mecklinge|H
27245|Kirchdorf|H
27244|Kirchdorf|P
49459|Lembruch|H
49458|Lembruch|P
49448|Lemförde|H
49440|Lemförde|P
49441|Lemförde|P
49442|Lemförde|P
49443|Lemförde|P
49447|Lemförde|G
27249|Maasen|H
49448|Marl|H
27327|Martfeld|H
27326|Martfeld|P
27249|Mellinghausen|H
27251|Neuenkirchen|H
49448|Quernheim|H
49459|Quernheimerbruch|H
49453|Rehden|H
49452|Rehden|P
27251|Scholen|H
27252|Schwaförden|H
27327|Schwarme|H
27254|Siedenburg|H
27254|Staffhorst|H
49448|Stemshorn|H
28816|Stuhr|H
27257|Sudwalde|H
27232|Sulingen|H
27222|Sulingen|P
27223|Sulingen|P
27224|Sulingen|P
27225|Sulingen|P
27226|Sulingen|P
28857|Syke|H
28855|Syke|G
28845|Syke|P
28846|Syke|P
28847|Syke|P
28848|Syke|P
28849|Syke|P
28852|Syke|P
27239|Twistringen|H
27233|Twistringen|P
27234|Twistringen|P
27235|Twistringen|P
27259|Varrel|H
49419|Wagenfeld|H
49414|Wagenfeld|P
49415|Wagenfeld|P
27259|Wehrbleck|H
49453|Wetschen|H
28844|Weyhe|H
28833|Weyhe|P
28834|Weyhe|P
28835|Weyhe|P
28837|Weyhe|P
28838|Weyhe|P
28839|Weyhe|P
28840|Weyhe|P
31855|Aerzen|H
31849|Aerzen|P
31850|Aerzen|P
31851|Aerzen|P
31848|Bad Münder|H
31841|Bad Münder|P
31842|Bad Münder|P
31812|Bad Pyrmont|H
31810|Bad Pyrmont|G
31793|Bad Pyrmont|P
31794|Bad Pyrmont|P
31795|Bad Pyrmont|P
31796|Bad Pyrmont|P
31797|Bad Pyrmont|P
31798|Bad Pyrmont|P
31863|Coppenbrügge|H
31860|Emmerthal|H
31856|Emmerthal|P
31857|Emmerthal|P
31785|Hameln|H
31787|Hameln|N
31789|Hameln|N
31781|Hameln|G
31783|Hameln|G
31784|Hameln|G
31751|Hameln|P
31753|Hameln|P
31754|Hameln|P
31755|Hameln|P
31756|Hameln|P
31757|Hameln|P
31758|Hameln|P
31759|Hameln|P
31760|Hameln|P
31761|Hameln|P
31762|Hameln|P
31763|Hameln|P
31752|Hameln|P
31780|Hameln|G
31778|Hameln|G
31779|Hameln|G
31777|Hameln|G
31774|Hameln|G
31840|Hessisch Oldendorf|H
31833|Hessisch Oldendorf|P
31834|Hessisch Oldendorf|P
31836|Hessisch Oldendorf|P
31020|Salzhemmendorf|H
31013|Salzhemmendorf|P
31014|Salzhemmendorf|P
31015|Salzhemmendorf|P
31061|Alfeld|H
31059|Alfeld|G
31041|Alfeld|P
31042|Alfeld|P
31043|Alfeld|P
31044|Alfeld|P
31045|Alfeld|P
31046|Alfeld|P
31047|Alfeld|P
31051|Alfeld|P
31052|Alfeld|P
31191|Algermissen|H
31189|Algermissen|P
31162|Bad Salzdetfurth|H
31158|Bad Salzdetfurth|P
31159|Bad Salzdetfurth|P
31167|Bockenem|H
31163|Bockenem|P
31164|Bockenem|P
31199|Diekholzen|H
31036|Eime|H
31008|Elze|H
31007|Elze|G
31001|Elze|P
31002|Elze|P
31003|Elze|P
31084|Freden|H
31180|Giesen|H
31028|Gronau|H
31021|Gronau|P
31022|Gronau|P
31023|Gronau|P
31177|Harsum|H
31175|Harsum|P
31134|Hildesheim|H
31135|Hildesheim|N
31137|Hildesheim|N
31139|Hildesheim|N
31141|Hildesheim|N
31132|Hildesheim|G
31101|Hildesheim|P
31102|Hildesheim|P
31103|Hildesheim|P
31104|Hildesheim|P
31105|Hildesheim|P
31106|Hildesheim|P
31107|Hildesheim|P
31108|Hildesheim|P
31109|Hildesheim|P
31110|Hildesheim|P
31111|Hildesheim|P
31112|Hildesheim|P
31113|Hildesheim|P
31114|Hildesheim|P
31131|Hildesheim|G
31130|Hildesheim|G
31129|Hildesheim|G
31121|Hildesheim|G
31120|Hildesheim|G
31188|Holle|H
31186|Holle|P
31195|Lamspringe|H
31171|Nordstemmen|H
31157|Sarstedt|H
31151|Sarstedt|P
31152|Sarstedt|P
31153|Sarstedt|P
31154|Sarstedt|P
31174|Schellerten|H
31079|Sibbesse|H
31185|Söhlde|H
31089|Duingen|H
37627|Arholzen|H
37639|Bevern|H
37619|Bodenwerder|H
37615|Bodenwerder|P
37616|Bodenwerder|P
37617|Bodenwerder|P
37691|Boffzen|H
37689|Boffzen|P
37690|Boffzen|P
37647|Brevörde|H
37639|Brille|H
37627|Deensen|H
31073|Delligsen|H
31073|Grünenplan|H
31069|Delligsen|P
31070|Delligsen|P
31074|Grünenplan|P
31071|Delligsen|P
37691|Derental|H
37633|Dielmissen|H
37632|Eimen|H
37632|Eschershausen|H
37628|Eschershausen|P
37629|Eschershausen|P
37699|Fürstenberg|H
37640|Golmbach|H
37620|Halle|H
37619|Hehlen|H
37627|Heinade|H
37649|Heinsen|H
37619|Heyen|H
37642|Holenberg|H
37632|Holzen|H
37603|Holzminden|H
37601|Holzminden|G
37591|Holzminden|P
37592|Holzminden|P
37593|Holzminden|P
37594|Holzminden|P
37595|Holzminden|P
37596|Holzminden|P
37597|Holzminden|P
37619|Kirchbrak|H
37697|Lauenförde|H
37698|Lauenförde|P
37627|Lenne|H
37635|Lüerdissen|H
37643|Negenborn|H
31868|Ottenstein|H
37619|Pegestorf|H
37647|Polle|H
37647|Wilmeröderberg|H
37627|Stadtoldendorf|H
37623|Stadtoldendorf|P
37624|Stadtoldendorf|P
37647|Vahlbruch|H
37627|Wangelnstedt|H
31609|Balge|H
31619|Binnen|H
27333|Bücken|H
31603|Diepenau|H
31623|Drakenburg|H
31629|Estorf|H
27324|Eystrup|H
27322|Eystrup|P
27324|Gandesbergen|H
27324|Hämelhausen|H
27324|Hassel|H
31626|Haßbergen|H
31622|Heemsen|H
27318|Hilgermissen|H
27318|Hoya|H
27314|Hoya|P
27315|Hoya|P
27316|Hoya|P
27317|Hoya|G
27318|Hoyerhagen|H
31632|Husum|H
31628|Landesbergen|H
31633|Leese|H
31618|Liebenau|H
31636|Linsburg|H
31608|Marklohe|H
31607|Marklohe|P
31582|Nienburg|H
31580|Nienburg|G
31561|Nienburg|P
31562|Nienburg|P
31563|Nienburg|P
31564|Nienburg|P
31565|Nienburg|P
31566|Nienburg|P
31567|Nienburg|P
31568|Nienburg|P
31569|Nienburg|P
31577|Nienburg|G
31621|Pennigsehl|H
31604|Raddestorf|H
31547|Rehburg-Loccum|H
31543|Rehburg-Loccum|P
31637|Rodewald|H
31627|Rohrsen|H
27333|Schweringen|H
27324|Schweringen, Ziegelei|H
31634|Steimbke|H
31595|Steyerberg|H
31593|Steyerberg|P
31638|Stöckse|H
31592|Stolzenau|H
31586|Stolzenau|P
31587|Stolzenau|P
31588|Stolzenau|P
31600|Uchte|H
31596|Uchte|P
31597|Uchte|P
31598|Uchte|P
31606|Warmsen|H
27333|Warpe|H
31613|Wietzen|H
31708|Ahnsen|H
31552|Apelern|H
31749|Auetal|H
31553|Auhagen|H
31707|Bad Eilsen|H
31703|Bad Eilsen|P
31704|Bad Eilsen|P
31542|Bad Nenndorf|H
31699|Beckedorf|H
31698|Beckedorfer Schacht|H
31710|Buchholz|H
31675|Bückeburg|H
31673|Bückeburg|G
31664|Bückeburg|P
31669|Bückeburg|P
31558|Hagenburg|H
31559|Haste|H
31707|Heeßen|H
31691|Helpsen|H
31693|Hespe|H
31700|Heuerßen|H
31559|Hohnhorst|H
31867|Hülsede|H
31867|Lauenau|H
31864|Lauenau|P
31865|Lauenau|P
31714|Lauenhagen|H
31698|Lindhorst|H
31694|Lindhorst|P
31695|Lindhorst|P
31702|Lüdersfeld|H
31711|Luhden|H
31715|Meerbeck|H
31867|Messenkamp|H
31712|Niedernwöhren|H
31688|Nienstädt|H
31717|Nordsehl|H
31683|Obernkirchen|H
31682|Obernkirchen|G
31676|Obernkirchen|P
31677|Obernkirchen|P
31678|Obernkirchen|P
31679|Obernkirchen|P
31681|Obernkirchen|G
31867|Pohle|H
31718|Pollhagen|H
31737|Rinteln|H
31735|Rinteln|G
31721|Rinteln|P
31722|Rinteln|P
31723|Rinteln|P
31724|Rinteln|P
31725|Rinteln|P
31726|Rinteln|P
31727|Rinteln|P
31729|Rinteln|P
31730|Rinteln|P
31552|Rodenberg|H
31553|Sachsenhagen|H
31554|Sachsenhagen|P
31691|Seggebruch|H
31655|Stadthagen|H
31653|Stadthagen|G
31641|Stadthagen|P
31642|Stadthagen|P
31643|Stadthagen|P
31644|Stadthagen|P
31645|Stadthagen|P
31646|Stadthagen|P
31647|Stadthagen|P
31555|Suthfeld|H
31719|Wiedensahl|H
31556|Wölpinghausen|H
29352|Adelheidsdorf|H
29353|Ahnsbeck|H
29355|Beedenbostel|H
29303|Bergen|H
29296|Bergen|P
29297|Bergen|P
29356|Bröckel|H
29221|Celle|H
29223|Celle|N
29225|Celle|N
29227|Celle|N
29229|Celle|N
29219|Celle|G
29201|Celle|P
29202|Celle|P
29203|Celle|P
29204|Celle|P
29205|Celle|P
29206|Celle|P
29207|Celle|P
29231|Celle|P
29232|Celle|P
29233|Celle|P
29261|Celle|P
29262|Celle|P
29270|Celle|G
29234|Celle|P
29235|Celle|P
29236|Celle|P
29220|Celle|G
29200|Celle|G
29218|Celle|G
29216|Celle|G
29358|Eicklingen|H
29351|Eldingen|H
29348|Eschede|H
29346|Eschede|P
29328|Faßberg|H
29326|Faßberg|P
29359|Habighorst|H
29313|Hambühren|H
29309|Hambühren|P
29310|Hambühren|P
29320|Hermannsburg|H
29303|Miele|H
29303|Rehwinkel|H
29314|Hermannsburg|P
29315|Hermannsburg|P
29361|Höfer|H
29362|Hohne|H
29331|Lachendorf|H
29329|Lachendorf|P
29330|Lachendorf|P
29364|Langlingen|H
29336|Nienhagen|H
29332|Nienhagen|P
29333|Nienhagen|P
29348|Scharnhorst|H
29345|Unterlüß|H
29339|Wathlingen|H
29342|Wienhausen|H
29340|Wienhausen|P
29323|Wietze|H
29321|Wietze|P
29308|Winsen|H
29229|Wittbeck|H
29304|Winsen|P
29305|Winsen|P
29306|Winsen|P
29303|Lohheide, gemfr. Bezirk|H
21769|Armstorf|H
21785|Belum|H
21785|Belum|P
27616|Beverstedt|H
27613|Beverstedt|P
27614|Beverstedt|P
21782|Bülkau|H
21781|Cadenberge|H
21778|Cadenberge|P
21779|Cadenberge|P
27472|Cuxhaven|H
27474|Cuxhaven|N
27476|Cuxhaven|N
27478|Cuxhaven|N
27451|Cuxhaven|P
27452|Cuxhaven|P
27453|Cuxhaven|P
27454|Cuxhaven|P
27455|Cuxhaven|P
27456|Cuxhaven|P
27457|Cuxhaven|P
27458|Cuxhaven|P
27459|Cuxhaven|P
27464|Cuxhaven|P
27466|Cuxhaven|P
27470|Cuxhaven|G
27432|Malse|H
27628|Hagen|H
21755|Hechthausen|H
21745|Hemmoor|H
21741|Hemmoor|P
21742|Hemmoor|P
21769|Hollnseth|H
21775|Ihlienworth|H
21773|Ihlienworth|P
21769|Lamstedt|H
21766|Lamstedt|P
21767|Lamstedt|P
27612|Loxstedt|H
27608|Loxstedt|P
27609|Loxstedt|P
21770|Mittelstenahe|H
21763|Neuenkirchen|H
21785|Neuhaus|H
21785|Neuhaus|P
21765|Nordleda|H
21787|Oberndorf|H
21775|Odisheim|H
21756|Osten|H
21762|Osterbruch|H
21762|Otterndorf|H
21758|Otterndorf|P
21759|Otterndorf|P
27619|Schiffdorf|H
21775|Steinau|H
21772|Stinstedt|H
21776|Wanna|H
21776|Wanna|P
21789|Wingst|H
27633|Wurster Nordseeküste|P
27639|Wurster Nordseeküste|H
27607|Geestland|H
27620|Geestland|P
27621|Geestland|P
27624|Geestland|H
21279|Appel|H
21271|Asendorf|H
21227|Bendestorf|H
21438|Brackel|H
21244|Buchholz|H
21231|Buchholz|P
21232|Buchholz|P
21233|Buchholz|P
21234|Buchholz|P
21235|Buchholz|P
21236|Buchholz|P
21239|Buchholz|P
21255|Dohren|H
21423|Drage|H
21279|Drestedt|H
21255|Drestedt-Valzik|H
21272|Egestorf|H
21376|Eyendorf|H
21376|Garlstorf|H
21441|Garstedt|H
21376|Gödenstorf|H
21646|Halvesbostel|H
21256|Handeloh|H
21271|Hanstedt|H
21267|Hanstedt|P
21268|Hanstedt|P
21228|Harmstorf|H
21258|Heidenau|H
21279|Hollenstedt|H
21275|Hollenstedt|P
21276|Hollenstedt|P
21266|Jesteburg|H
21262|Jesteburg|P
21263|Jesteburg|P
21264|Jesteburg|P
21255|Kakenstorf|H
21255|Königsmoor|H
21436|Marschacht|H
21439|Marxen|H
21647|Moisburg|H
21629|Neu Wulmstorf|H
21624|Neu Wulmstorf|P
21625|Neu Wulmstorf|P
21259|Otter|H
21255|Riepshof|H
21649|Regesbostel|H
21224|Rosengarten|H
21376|Salzhausen|H
21372|Salzhausen|P
21373|Salzhausen|P
21217|Seevetal|H
21218|Seevetal|N
21220|Seevetal|N
21202|Seevetal|P
21203|Seevetal|P
21204|Seevetal|P
21206|Seevetal|P
21207|Seevetal|P
21209|Seevetal|P
21210|Seevetal|P
21435|Stelle|H
21429|Stelle|P
21430|Stelle|P
21431|Stelle|P
21432|Stelle|P
21395|Tespe|H
21442|Toppenstedt|H
21255|Tostedt|H
21248|Tostedt|P
21249|Tostedt|P
21250|Tostedt|P
21251|Tostedt|P
21274|Undeloh|H
21444|Vierhöfen|H
21261|Welle|H
21279|Wenzendorf|H
21423|Winsen|H
21411|Winsen|P
21412|Winsen|P
21413|Winsen|P
21414|Winsen|P
21415|Winsen|P
21416|Winsen|P
21421|Winsen|G
21255|Wistedt|H
21445|Wulfsen|H
29468|Bergen|H
29459|Clenze|H
29472|Damnatz|H
29451|Dannenberg|H
29445|Dannenberg|P
29446|Dannenberg|P
29447|Dannenberg|P
29471|Gartow|H
29473|Göhrde|H
29475|Gorleben|H
29476|Gusborn|H
29456|Hitzacker|H
29452|Hitzacker|P
29453|Hitzacker|P
29478|Höhbeck|H
29479|Jameln|H
29481|Karwitz|H
29482|Küsten|H
29484|Langendorf|H
29485|Lemgow|H
29487|Luckau|H
29488|Lübbow|H
29439|Lüchow|H
29431|Lüchow|P
29432|Lüchow|P
29433|Lüchow|P
29434|Lüchow|P
29435|Lüchow|P
29490|Neu Darchau|H
29491|Prezelle|H
29493|Schnackenburg|H
29465|Schnega|H
29494|Trebel|H
29496|Waddeweitz|H
29497|Woltersdorf|H
29462|Wustrow|H
29460|Wustrow|P
29499|Zernien|H
21365|Adendorf|H
21385|Amelinghausen|H
21383|Amelinghausen|P
21380|Artlenburg|H
21357|Bardowick|H
21355|Bardowick|P
21397|Barendorf|H
21406|Barnstedt|H
21357|Barum|H
21386|Betzendorf|H
21354|Bleckede|H
21352|Bleckede|P
21351|Bleckede|P
19273|Neu Bleckede|H
19273|Neu Wendischthun|H
21368|Boitze|H
21382|Brietlingen|H
21368|Dahlem|H
21368|Dahlenburg|H
21366|Dahlenburg|P
21407|Deutsch Evern|H
21379|Echem|H
21409|Embsen|H
21447|Handorf|H
21522|Hittbergen|H
21522|Hohnstorf|H
21394|Kirchgellersen|H
21444|Einemhof|H
21392|Kirchgellersen|P
21379|Lüdersburg|H
21335|Lüneburg|H
21337|Lüneburg|N
21339|Lüneburg|N
21332|Lüneburg|G
21301|Lüneburg|P
21302|Lüneburg|P
21303|Lüneburg|P
21304|Lüneburg|P
21305|Lüneburg|P
21306|Lüneburg|P
21307|Lüneburg|P
21308|Lüneburg|P
21309|Lüneburg|P
21310|Lüneburg|P
21311|Lüneburg|P
21312|Lüneburg|P
21313|Lüneburg|P
21314|Lüneburg|P
21315|Lüneburg|P
21316|Lüneburg|P
21317|Lüneburg|P
21318|Lüneburg|P
21319|Lüneburg|P
21320|Lüneburg|P
21391|Lüneburg|N
21333|Lüneburg|G
21358|Mechtersen|H
21406|Melbeck|H
21369|Nahrendorf|H
21398|Neetze|H
21379|Neumühlen|H
21385|Oldendorf|H
21388|Aspelhorn|H
21449|Radbruch|H
21385|Rehlingen|H
21400|Reinstorf|H
21391|Reppenstedt|H
21389|Reppenstedt|P
21379|Rullstorf|H
21379|Scharnebeck|H
21377|Scharnebeck|P
21388|Soderstorf|H
21394|Südergellersen|H
21401|Thomasburg|H
21371|Tosterglope|H
21397|Vastorf|H
21360|Vögelsen|H
21403|Wendisch Evern|H
21394|Westergellersen|H
21357|Wittorf|H
19273|Neuhaus|H
19273|Bitter|H
19273|Bohnenburg|H
19273|Darchau|H
19273|Dellien|H
19273|Groß Kühren|H
19273|Gülstorf|H
19273|Haar|H
19273|Herrenhof|H
19273|Kaarßen|H
19273|Konau|H
19273|Krusendorf|H
19273|Laake|H
19273|Laave|H
19273|Neu Garge|H
19273|Niendorf|H
19273|Pinnau|H
19273|Popelau|H
19273|Preten|H
19273|Privelack|H
19273|Rassau|H
19273|Rosien|H
19273|Stapel|H
19273|Stixe|H
19273|Strachau|H
19273|Sumte|H
19273|Sückau|H
19273|Tripkau|H
19273|Viehle|H
19273|Vockfey|H
19273|Wehningen|H
19273|Wilkenstorf|H
19273|Zeetze|H
19273|Stiepelse|H
27729|Axstedt|H
28879|Grasberg|H
28877|Grasberg|P
27729|Hambergen|H
27729|Holste|H
28865|Lilienthal|H
28858|Lilienthal|P
28859|Lilienthal|P
28860|Lilienthal|P
28861|Lilienthal|P
27729|Lübberstedt|H
27711|Osterholz-Scharmbeck|H
27709|Osterholz-Scharmbeck|G
27701|Osterholz-Scharmbeck|P
27702|Osterholz-Scharmbeck|P
27703|Osterholz-Scharmbeck|P
27704|Osterholz-Scharmbeck|P
27706|Osterholz-Scharmbeck|P
27721|Ritterhude|H
27717|Ritterhude|P
27718|Ritterhude|P
28790|Schwanewede|H
28784|Schwanewede|P
28785|Schwanewede|P
27729|Vollersode|H
27726|Worpswede|H
27722|Worpswede|P
27723|Worpswede|P
27367|Ahausen|H
27432|Alfstedt|H
27446|Anderlingen|H
27432|Basdahl|H
27367|Bötersen|H
27386|Bothel|H
27412|Breddorf|H
27726|Breddorfermoor|H
27432|Bremervörde|H
27421|Bremervörde|P
27422|Bremervörde|P
27423|Bremervörde|P
27424|Bremervörde|P
27425|Bremervörde|P
27433|Bremervörde|G
27386|Brockel|H
27412|Bülstedt|H
27446|Deinstedt|H
27432|Ebersdorf|H
27404|Elsdorf|H
27446|Farven|H
27389|Fintel|H
27442|Gnarrenburg|H
27438|Gnarrenburg|P
27439|Gnarrenburg|P
27440|Gnarrenburg|P
27419|Groß Meckelsen|H
27404|Gyhum|H
27419|Hamersen|H
27367|Hassendorf|H
27404|Heeslingen|H
27367|Hellwege|H
27389|Helvesiek|H
27386|Hemsbünde|H
27357|Hemsbünde|G
27386|Hemslingen|H
27412|Hepstedt|H
27432|Hipstedt|H
27367|Horstedt|H
27419|Kalbe|H
27412|Kirchtimke|H
27386|Kirchwalsede|H
27419|Klein Meckelsen|H
27389|Lauenbrück|H
27387|Lauenbrück|P
27419|Lengenbostel|H
27432|Oerel|H
27404|Ostereistedt|H
27367|Reeßum|H
27404|Rhade|H
27356|Rotenburg|H
27341|Rotenburg|P
27342|Rotenburg|P
27343|Rotenburg|P
27344|Rotenburg|P
27345|Rotenburg|P
27346|Rotenburg|P
27347|Rotenburg|P
27348|Rotenburg|P
27349|Rotenburg|P
27446|Sandbostel|H
27383|Scheeßel|H
27375|Scheeßel|P
27376|Scheeßel|P
27377|Scheeßel|P
27378|Scheeßel|P
27404|Seedorf|H
27446|Selsingen|H
27443|Selsingen|P
27444|Selsingen|P
27419|Sittensen|H
27413|Sittensen|P
27414|Sittensen|P
27415|Sittensen|P
27416|Sittensen|P
27367|Sottrum|H
27363|Sottrum|P
27364|Sottrum|P
27365|Sottrum|P
27389|Stemmen|H
27412|Tarmstedt|H
27409|Tarmstedt|P
27410|Tarmstedt|P
27419|Tiste|H
27389|Vahlde|H
27419|Vierden|H
27374|Visselhövede|H
27368|Visselhövede|P
27369|Visselhövede|P
27370|Visselhövede|P
27412|Vorwerk|H
27412|Westertimke|H
27386|Westerwalsede|H
27412|Wilstedt|H
27419|Wohnste|H
27404|Zeven|H
27391|Zeven|P
27392|Zeven|P
27393|Zeven|P
27394|Zeven|P
27395|Zeven|P
27400|Zeven|G
29693|Ahlden|H
29646|Bispingen|H
29644|Bispingen|P
29693|Böhme|H
29690|Buchholz|H
29693|Eickeloh|H
29690|Essel|H
29683|Bad Fallingbostel|H
29675|Bad Fallingbostel|P
29676|Bad Fallingbostel|P
29677|Bad Fallingbostel|P
29681|Bad Fallingbostel|P
27336|Frankenfeld|H
29690|Gilten|H
29690|Grethem|H
29693|Hademstorf|H
27336|Häuslingen|H
29693|Hodenhagen|H
29691|Hodenhagen|P
29690|Lindwedel|H
29633|Munster|H
29623|Munster|P
29624|Munster|P
29625|Munster|P
29626|Munster|P
29627|Munster|P
29643|Neuenkirchen|H
29641|Neuenkirchen|P
27336|Rethem|H
27334|Rethem|P
27335|Rethem|P
29640|Schneverdingen|H
29634|Schneverdingen|P
29635|Schneverdingen|P
29636|Schneverdingen|P
29637|Schneverdingen|P
29690|Schwarmstedt|H
29684|Schwarmstedt|P
29685|Schwarmstedt|P
29686|Schwarmstedt|P
29614|Soltau|H
29612|Soltau|G
29601|Soltau|P
29602|Soltau|P
29603|Soltau|P
29604|Soltau|P
29605|Soltau|P
29611|Soltau|G
29606|Soltau|P
29664|Walsrode|H
29651|Walsrode|P
29652|Walsrode|P
29653|Walsrode|P
29654|Walsrode|P
29655|Walsrode|P
29656|Walsrode|P
29657|Walsrode|P
29699|Walsrode|H
29649|Wietzendorf|H
29664|Ostenholz|H
29683|Oerbke|H
29683|Wense|H
21684|Agathenburg|H
21702|Ahlerstedt|H
21699|Ahlerstedt|P
21641|Apensen|H
21641|Apensen|P
21730|Balje|H
21698|Bargstedt|H
21643|Beckdorf|H
21640|Bliedersdorf|H
21698|Brest|H
21709|Burweg|H
21614|Buxtehude|H
21601|Buxtehude|P
21602|Buxtehude|P
21603|Buxtehude|P
21604|Buxtehude|P
21605|Buxtehude|P
21606|Buxtehude|P
21717|Deinste|H
21739|Dollern|H
21706|Drochtersen|H
21703|Drochtersen|P
21709|Düdenbüttel|H
21710|Engelschoff|H
21727|Estorf|H
21717|Fredenbeck|H
21729|Freiburg|H
21728|Freiburg|P
21712|Großenwörden|H
21706|Am Rönndeich|H
21720|Grünendeich|H
21720|Guderhandviertel|H
21714|Hammah|H
21698|Harsefeld|H
21694|Harsefeld|P
21695|Harsefeld|P
21726|Heinbockel|H
21709|Himmelpforten|H
21707|Himmelpforten|P
21723|Hollern-Twielenfleth|H
21721|Hollern-Twielenfleth|P
21640|Horneburg|H
21636|Horneburg|P
21637|Horneburg|P
21635|Jork|H
21630|Jork|P
21631|Jork|P
21726|Kranenburg|H
21732|Krummendeich|H
27449|Kutenholz|H
27447|Kutenholz|P
21720|Mittelnkirchen|H
21640|Neuenkirchen|H
21640|Nottensdorf|H
21734|Oederquart|H
21734|Hollerdeich|H
21726|Oldendorf|H
21724|Oldendorf|P
21644|Sauensiek|H
21680|Stade|H
21682|Stade|N
21683|Stade|N
21684|Stade|N
21677|Stade|G
21651|Stade|P
21652|Stade|P
21653|Stade|P
21654|Stade|P
21655|Stade|P
21656|Stade|P
21657|Stade|P
21658|Stade|P
21659|Stade|P
21660|Stade|P
21661|Stade|P
21662|Stade|P
21670|Stade|P
21676|Stade|G
21720|Steinkirchen|H
21718|Steinkirchen|P
21737|Wischhafen|H
29575|Altenmedingen|H
29549|Bad Bevensen|H
29543|Bad Bevensen|P
29544|Bad Bevensen|P
29545|Bad Bevensen|P
29546|Bad Bevensen|P
29576|Barum|H
29553|Bienenbüttel|H
29550|Bienenbüttel|P
29389|Bad Bodenteich|H
29574|Ebstorf|H
29572|Ebstorf|P
29578|Eimke|H
29579|Emmendorf|H
29581|Gerdau|H
29582|Hanstedt|H
29584|Himbergen|H
29585|Jelmstorf|H
29394|Lüder|H
29587|Natendorf|H
29588|Oetzen|H
29590|Rätzlingen|H
29591|Römstedt|H
29571|Rosche|H
29593|Schwienau|H
29594|Soltendieck|H
29597|Stoetze|H
29556|Suderburg|H
29554|Suderburg|P
29562|Suhlendorf|H
29525|Uelzen|H
29523|Uelzen|G
29599|Weste|H
29559|Wrestedt|H
29565|Wriedel|H
28832|Achim|H
28817|Achim|P
28818|Achim|P
28819|Achim|P
28820|Achim|P
28821|Achim|P
28822|Achim|P
28823|Achim|P
27337|Blender|H
27313|Dörverden|H
27309|Dörverden|P
27310|Dörverden|P
27321|Emtinghausen|H
27308|Kirchlinteln|H
27299|Langwedel|H
27295|Langwedel|P
27296|Langwedel|P
27298|Langwedel|G
28870|Ottersberg|H
28866|Ottersberg|P
28867|Ottersberg|P
28869|Ottersberg|G
28876|Oyten|H
28871|Oyten|P
28872|Oyten|P
28873|Oyten|P
27339|Riede|H
27283|Verden|H
27281|Verden|G
27261|Verden|P
27262|Verden|P
27263|Verden|P
27264|Verden|P
27265|Verden|P
27266|Verden|P
27267|Verden|P
27268|Verden|P
27280|Verden|G
27270|Verden|G
27279|Verden|G
27321|Thedinghausen|H
27319|Thedinghausen|P
27749|Delmenhorst|H
27751|Delmenhorst|N
27753|Delmenhorst|N
27755|Delmenhorst|N
27747|Delmenhorst|G
27731|Delmenhorst|P
27732|Delmenhorst|P
27733|Delmenhorst|P
27734|Delmenhorst|P
27735|Delmenhorst|P
27736|Delmenhorst|P
27737|Delmenhorst|P
27738|Delmenhorst|P
26721|Emden|H
26723|Emden|N
26725|Emden|N
26691|Emden|P
26692|Emden|P
26693|Emden|P
26694|Emden|P
26695|Emden|P
26696|Emden|P
26697|Emden|P
26698|Emden|P
26699|Emden|P
26700|Emden|P
26701|Emden|P
26702|Emden|P
26703|Emden|P
26704|Emden|P
26121|Oldenburg|H
26122|Oldenburg|N
26123|Oldenburg|N
26125|Oldenburg|N
26127|Oldenburg|N
26129|Oldenburg|N
26131|Oldenburg|N
26133|Oldenburg|N
26135|Oldenburg|N
26105|Oldenburg|G
26106|Oldenburg|G
26107|Oldenburg|G
26110|Oldenburg|G
26111|Oldenburg|G
26112|Oldenburg|G
26113|Oldenburg|G
26119|Oldenburg|G
26007|Oldenburg|P
26009|Oldenburg|P
26014|Oldenburg|P
26015|Oldenburg|P
26016|Oldenburg|P
26030|Oldenburg|P
26039|Oldenburg|P
26138|Oldenburg|P
26139|Oldenburg|P
26100|Oldenburg|G
26108|Oldenburg|G
26101|Oldenburg|G
26102|Oldenburg|G
26090|Oldenburg|G
26061|Oldenburg|P
26062|Oldenburg|P
26091|Oldenburg|G
26092|Oldenburg|G
26109|Oldenburg|G
26060|Oldenburg|G
26044|Oldenburg|P
26053|Oldenburg|P
26140|Oldenburg|P
26045|Oldenburg|P
26051|Oldenburg|P
26043|Oldenburg|P
26046|Oldenburg|P
26054|Oldenburg|P
26141|Oldenburg|P
26052|Oldenburg|P
26114|Oldenburg|G
26066|Oldenburg|G
49074|Osnabrück|H
49076|Osnabrück|N
49078|Osnabrück|N
49080|Osnabrück|N
49082|Osnabrück|N
49084|Osnabrück|N
49086|Osnabrück|N
49088|Osnabrück|N
49090|Osnabrück|N
49069|Osnabrück|G
49070|Osnabrück|G
49001|Osnabrück|P
49002|Osnabrück|P
49003|Osnabrück|P
49004|Osnabrück|P
49005|Osnabrück|P
49006|Osnabrück|P
49007|Osnabrück|P
49008|Osnabrück|P
49009|Osnabrück|P
49010|Osnabrück|P
49011|Osnabrück|P
49012|Osnabrück|P
49013|Osnabrück|P
49014|Osnabrück|P
49015|Osnabrück|P
49016|Osnabrück|P
49017|Osnabrück|P
49018|Osnabrück|P
49019|Osnabrück|P
49020|Osnabrück|P
49021|Osnabrück|P
49022|Osnabrück|P
49023|Osnabrück|P
49024|Osnabrück|P
49025|Osnabrück|P
49026|Osnabrück|P
49027|Osnabrück|P
49028|Osnabrück|P
49029|Osnabrück|P
49030|Osnabrück|P
49031|Osnabrück|P
49032|Osnabrück|P
49033|Osnabrück|P
49034|Osnabrück|P
49093|Osnabrück|P
49094|Osnabrück|P
49095|Osnabrück|P
49096|Osnabrück|P
49100|Osnabrück|G
49072|Osnabrück|G
49068|Osnabrück|G
49101|Osnabrück|G
49099|Osnabrück|G
26382|Wilhelmshaven|H
26384|Wilhelmshaven|N
26386|Wilhelmshaven|N
26388|Wilhelmshaven|N
26389|Wilhelmshaven|N
26379|Wilhelmshaven|G
26380|Wilhelmshaven|G
26351|Wilhelmshaven|P
26352|Wilhelmshaven|P
26354|Wilhelmshaven|P
26355|Wilhelmshaven|P
26357|Wilhelmshaven|P
26358|Wilhelmshaven|P
26359|Wilhelmshaven|P
26360|Wilhelmshaven|P
26361|Wilhelmshaven|P
26368|Wilhelmshaven|P
26369|Wilhelmshaven|P
26370|Wilhelmshaven|P
26362|Wilhelmshaven|P
26363|Wilhelmshaven|P
26365|Wilhelmshaven|P
26390|Wilhelmshaven|G
26391|Wilhelmshaven|G
26392|Wilhelmshaven|G
26356|Wilhelmshaven|P
26689|Apen|H
26684|Apen|P
26685|Apen|P
26160|Bad Zwischenahn|H
26158|Bad Zwischenahn|G
26146|Bad Zwischenahn|P
26147|Bad Zwischenahn|P
26148|Bad Zwischenahn|P
26149|Bad Zwischenahn|P
26150|Bad Zwischenahn|P
26151|Bad Zwischenahn|P
26188|Edewecht|H
26181|Edewecht|P
26182|Edewecht|P
26183|Edewecht|P
26180|Rastede|H
26178|Rastede|G
26170|Rastede|P
26171|Rastede|P
26172|Rastede|P
26173|Rastede|P
26177|Rastede|G
26655|Westerstede|H
26653|Westerstede|G
26641|Westerstede|P
26642|Westerstede|P
26643|Westerstede|P
26644|Westerstede|P
26645|Westerstede|P
26215|Wiefelstede|H
26210|Wiefelstede|P
26211|Wiefelstede|P
26603|Aurich|H
26605|Aurich|N
26607|Aurich|N
26581|Aurich|P
26582|Aurich|P
26583|Aurich|P
26584|Aurich|P
26585|Aurich|P
26586|Aurich|P
26587|Aurich|P
26588|Aurich|P
26589|Aurich|P
26590|Aurich|P
26579|Baltrum|H
26572|Baltrum|P
26573|Baltrum|P
26574|Baltrum|P
26524|Berumbur|H
26629|Großefehn|H
26532|Großheide|H
26524|Hage|H
26519|Hage|P
26520|Hage|P
26524|Hagermarsch|H
26524|Halbemond|H
26759|Hinte|H
26632|Ihlow|H
26571|Juist|H
26557|Juist|P
26558|Juist|P
26559|Juist|P
26560|Juist|P
26561|Juist|P
26562|Juist|P
26563|Juist|P
26564|Juist|P
26565|Juist|P
26736|Krummhörn|H
26730|Krummhörn|P
26731|Krummhörn|P
26733|Krummhörn|P
26529|Leezdorf|H
26524|Lütetsburg|H
26529|Marienhafe|H
26525|Marienhafe|P
26526|Marienhafe|P
26506|Norden|H
26491|Norden|P
26492|Norden|P
26493|Norden|P
26494|Norden|P
26495|Norden|P
26496|Norden|P
26501|Norden|P
26548|Norderney|H
26533|Norderney|P
26534|Norderney|P
26535|Norderney|P
26536|Norderney|P
26537|Norderney|P
26538|Norderney|P
26529|Osteel|H
26529|Rechtsupweg|H
26624|Südbrookmerland|H
26619|Südbrookmerland|P
26620|Südbrookmerland|P
26759|Klein Heikeland|H
26623|Südbrookmerland|G
26529|Upgant-Schott|H
26639|Wiesmoor|H
26633|Wiesmoor|P
26634|Wiesmoor|P
26635|Wiesmoor|P
26529|Wirdum|H
26553|Dornum|H
26549|Dornum|P
26550|Dornum|P
26427|Westerburer Polder|H
26571|Nordseeinsel Memmert|H
26676|Barßel|H
26671|Barßel|P
26672|Barßel|P
26219|Bösel|H
26216|Bösel|P
26217|Bösel|P
49692|Cappeln|H
49691|Cappeln|G
49661|Cloppenburg|H
49659|Cloppenburg|G
49641|Cloppenburg|P
49642|Cloppenburg|P
49643|Cloppenburg|P
49644|Cloppenburg|P
49645|Cloppenburg|P
49646|Cloppenburg|P
49647|Cloppenburg|P
49648|Cloppenburg|P
49649|Cloppenburg|P
49651|Cloppenburg|P
49685|Emstek|H
49685|Bühren|H
49685|Drantum|H
49685|Garthe|H
49685|Höltinghausen|H
49685|Halen|H
49685|Hoheging|H
49685|Schneiderkrug|H
49682|Emstek|P
49683|Emstek|P
49632|Essen|H
49627|Essen|P
49628|Essen|P
49629|Essen|P
26169|Friesoythe|H
26161|Friesoythe|P
26162|Friesoythe|P
26163|Friesoythe|P
26164|Friesoythe|P
49681|Garrel|H
49674|Garrel|P
49675|Garrel|P
49676|Garrel|P
49688|Lastrup|H
49699|Lindern|H
49697|Lindern|P
49624|Löningen|H
49618|Löningen|P
49619|Löningen|P
49620|Löningen|P
49696|Molbergen|H
49695|Molbergen|G
49693|Molbergen|P
26683|Saterland|H
26677|Saterland|P
26678|Saterland|P
49832|Andervenne|H
49844|Bawinkel|H
49832|Beesten|H
26897|Bockhorst|H
26904|Börger|H
26897|Breddenberg|H
26906|Dersum|H
26892|Dörpen|H
26888|Dörpen|P
26889|Dörpen|P
49770|Dohren|H
48488|Emsbüren|H
48486|Emsbüren|P
26897|Esterwegen|H
26893|Esterwegen|P
26894|Esterwegen|P
49832|Freren|H
49829|Freren|P
49830|Freren|P
49762|Fresenburg|H
49744|Geeste|H
49741|Geeste|P
49838|Gersten|H
49777|Groß Berßen|H
49838|Handrup|H
49733|Haren|H
49723|Haren|P
49724|Haren|P
49725|Haren|P
49730|Haren|P
49740|Haselünne|H
49734|Haselünne|P
49735|Haselünne|P
49736|Haselünne|P
26892|Heede|H
49770|Herzlake|H
26897|Hilkenbrook|H
49751|Hüven|H
49777|Klein Berßen|H
26892|Kluse|H
49774|Lähden|H
49772|Lähden|P
49757|Lahn|H
49838|Langen|H
49762|Lathen|H
49758|Lathen|P
49759|Lathen|P
26892|Lehe|H
49838|Lengerich|H
49836|Lengerich|P
49808|Lingen|H
49809|Lingen|N
49811|Lingen|N
49803|Lingen|G
49781|Lingen|P
49782|Lingen|P
49783|Lingen|P
49784|Lingen|P
49785|Lingen|P
49786|Lingen|P
49787|Lingen|P
49788|Lingen|P
49789|Lingen|P
49790|Lingen|P
49791|Lingen|P
49812|Lingen|G
49794|Lingen|P
49801|Lingen|G
26901|Lorup|H
26900|Lorup|P
48480|Lünne|H
49716|Meppen|H
49701|Meppen|P
49702|Meppen|P
49703|Meppen|P
49704|Meppen|P
49705|Meppen|P
49706|Meppen|P
49707|Meppen|P
49832|Messingen|H
26909|Neubörger|H
26909|Neulehe|H
49779|Niederlangen|H
49779|Oberlangen|H
26871|Papenburg|H
26871|Aschendorf|H
26869|Papenburg|G
26851|Papenburg|P
26852|Papenburg|P
26853|Papenburg|P
26854|Papenburg|P
26855|Papenburg|P
26856|Papenburg|P
26857|Papenburg|P
26858|Papenburg|P
26862|Papenburg|P
26863|Papenburg|P
26882|Aschendorf|P
26883|Aschendorf|P
26884|Aschendorf|P
26901|Rastdorf|H
49762|Renkenberge|H
26899|Rhede|H
26898|Rhede|P
48499|Salzbergen|H
48497|Salzbergen|P
48480|Schapen|H
49751|Sögel|H
49745|Sögel|P
49746|Sögel|P
49747|Sögel|P
49751|Spahnharrenstätte|H
48480|Spelle|H
48478|Spelle|P
49777|Stavern|H
26903|Surwold|H
49762|Sustrum|H
49832|Thuine|H
49767|Twist|H
49763|Twist|P
49764|Twist|P
49757|Vrees|H
26907|Walchum|H
49757|Werlte|H
49753|Werlte|P
49754|Werlte|P
49755|Werlte|P
49751|Werpeloh|H
49838|Wettrup|H
26892|Wippingen|H
26441|Jever|H
26435|Jever|P
26436|Jever|P
26437|Jever|P
26452|Sande|H
26447|Sande|P
26448|Sande|P
26449|Sande|P
26419|Schortens|H
26410|Schortens|P
26411|Schortens|P
26412|Schortens|P
26414|Schortens|P
26417|Schortens|G
26416|Schortens|G
26434|Wangerland|H
26441|Groß Hauskreuz|H
26486|Wangerooge|H
26476|Wangerooge|P
26477|Wangerooge|P
26478|Wangerooge|P
26479|Wangerooge|P
26480|Wangerooge|P
26481|Wangerooge|P
26345|Bockhorn|H
26341|Bockhorn|P
26342|Bockhorn|P
26316|Varel|H
26301|Varel|P
26302|Varel|P
26303|Varel|P
26304|Varel|P
26305|Varel|P
26306|Varel|P
26307|Varel|P
26340|Zetel|H
26329|Zetel|P
26330|Zetel|P
26331|Zetel|P
48455|Bad Bentheim|H
48442|Bad Bentheim|P
48443|Bad Bentheim|P
48444|Bad Bentheim|P
48445|Bad Bentheim|P
48448|Bad Bentheim|P
48449|Bad Bentheim|P
49824|Emlichheim|H
49820|Emlichheim|P
49821|Emlichheim|P
48465|Engden|H
49828|Esche|H
49828|Georgsdorf|H
49843|Getelo|H
49843|Gölenkamp|H
49843|Halle|H
49846|Hoogstede|H
48465|Isterberg|H
49847|Itterbeck|H
49824|Laar|H
49828|Lage|H
49828|Neuenhaus|H
49825|Neuenhaus|P
49826|Neuenhaus|P
48527|Nordhorn|H
48529|Nordhorn|N
48531|Nordhorn|N
48522|Nordhorn|G
48501|Nordhorn|P
48502|Nordhorn|P
48503|Nordhorn|P
48504|Nordhorn|P
48505|Nordhorn|P
48506|Nordhorn|P
48507|Nordhorn|P
48508|Nordhorn|P
48509|Nordhorn|P
48510|Nordhorn|P
48511|Nordhorn|P
48512|Nordhorn|P
48513|Nordhorn|P
48514|Nordhorn|P
48525|Nordhorn|G
48465|Ohne|H
49828|Osterwald|H
48465|Quendorf|H
49824|Ringe|H
48465|Samern|H
48465|Schüttorf|H
48456|Schüttorf|P
48457|Schüttorf|P
48458|Schüttorf|P
48459|Schüttorf|P
49843|Uelsen|H
49839|Uelsen|P
49840|Uelsen|P
49847|Wielen|H
49835|Wietmarschen|H
49833|Wietmarschen|P
49849|Wilsum|H
26757|Borkum|H
26737|Borkum|P
26738|Borkum|P
26739|Borkum|P
26740|Borkum|P
26741|Borkum|P
26742|Borkum|P
26743|Borkum|P
26744|Borkum|P
26745|Borkum|P
26746|Borkum|P
26747|Borkum|P
26748|Borkum|P
26749|Borkum|P
26835|Brinkum|H
26847|Detern|H
26849|Filsum|H
26835|Firrel|H
26835|Hesel|H
26832|Hesel|P
26833|Hesel|P
26835|Holtland|H
26844|Jemgum|H
26843|Jemgum|P
26789|Leer|H
26787|Leer|G
26761|Leer|P
26762|Leer|P
26763|Leer|P
26764|Leer|P
26765|Leer|P
26766|Leer|P
26767|Leer|P
26768|Leer|P
26769|Leer|P
26770|Leer|P
26771|Leer|P
26772|Leer|P
26786|Leer|G
26802|Moormerland|H
26793|Moormerland|P
26794|Moormerland|P
26835|Neukamperfehn|H
26845|Nortmoor|H
26842|Ostrhauderfehn|H
26817|Rhauderfehn|H
26835|Schwerinsdorf|H
26670|Uplengen|H
26664|Uplengen|P
26665|Uplengen|P
26826|Weener|H
26818|Weener|P
26819|Weener|P
26820|Weener|P
26821|Weener|P
26810|Westoverledingen|H
26806|Westoverledingen|P
26808|Westoverledingen|P
26831|Bunde|H
26827|Bunde|P
26828|Bunde|P
27243|Beckeln|H
27243|Colnrade|H
27801|Dötlingen|H
27799|Dötlingen|P
27243|Dünsen|H
27777|Ganderkesee|H
27766|Ganderkesee|P
27767|Ganderkesee|P
27768|Ganderkesee|P
27770|Ganderkesee|P
27771|Ganderkesee|P
27243|Groß Ippener|H
26197|Großenkneten|H
27243|Harpstedt|H
27240|Harpstedt|P
27241|Harpstedt|P
26209|Hatten|H
27798|Hude|H
27794|Hude|P
27795|Hude|P
27243|Kirchseelte|H
27243|Prinzhöfte|H
26203|Wardenburg|H
26198|Wardenburg|P
26199|Wardenburg|P
27793|Wildeshausen|H
27778|Wildeshausen|P
27779|Wildeshausen|P
27780|Wildeshausen|P
27781|Wildeshausen|P
27782|Wildeshausen|P
27783|Wildeshausen|P
27784|Wildeshausen|P
27243|Winkelsett|H
49594|Alfhausen|H
49577|Ankum|H
49572|Ankum|P
49573|Ankum|P
49574|Ankum|P
49152|Bad Essen|H
49148|Bad Essen|P
49186|Bad Iburg|H
49180|Bad Iburg|P
49181|Bad Iburg|P
49182|Bad Iburg|P
49196|Bad Laer|H
49192|Bad Laer|P
49193|Bad Laer|P
49195|Bad Laer|G
49214|Bad Rothenfelde|H
49206|Bad Rothenfelde|P
49207|Bad Rothenfelde|P
49208|Bad Rothenfelde|P
49209|Bad Rothenfelde|P
49213|Bad Rothenfelde|G
49635|Badbergen|H
49633|Badbergen|P
49191|Belm|H
49187|Belm|P
49188|Belm|P
49626|Berge|H
49593|Bersenbrück|H
49587|Bersenbrück|P
49588|Bersenbrück|P
49589|Bersenbrück|P
49626|Bippen|H
49143|Bissendorf|H
49135|Bissendorf|P
49136|Bissendorf|P
49163|Bohmte|H
49153|Bohmte|P
49154|Bohmte|P
49155|Bohmte|P
49159|Bohmte|P
49565|Bramsche|H
49562|Bramsche|G
49551|Bramsche|P
49552|Bramsche|P
49553|Bramsche|P
49554|Bramsche|P
49557|Bramsche|P
49201|Dissen|H
49197|Dissen|P
49198|Dissen|P
49577|Eggermühlen|H
49584|Fürstenau|H
49578|Fürstenau|P
49579|Fürstenau|P
49580|Fürstenau|P
49596|Gehrde|H
49124|Georgsmarienhütte|H
49170|Hagen|H
49205|Hasbergen|H
49202|Hasbergen|P
49203|Hasbergen|P
49176|Hilter|H
49171|Hilter|P
49172|Hilter|P
49577|Kettenkamp|H
49324|Melle|H
49326|Melle|N
49328|Melle|N
49310|Melle|P
49311|Melle|P
49313|Melle|P
49315|Melle|P
49316|Melle|P
49637|Menslage|H
49586|Merzen|H
49586|Neuenkirchen|H
49585|Neuenkirchen|P
49638|Nortrup|H
49639|Nortrup|P
49179|Ostercappeln|H
49610|Quakenbrück|H
49609|Quakenbrück|G
49601|Quakenbrück|P
49602|Quakenbrück|P
49603|Quakenbrück|P
49604|Quakenbrück|P
49605|Quakenbrück|P
49597|Rieste|H
49599|Voltlage|H
49134|Wallenhorst|H
49125|Wallenhorst|P
49126|Wallenhorst|P
49127|Wallenhorst|P
49128|Wallenhorst|P
49129|Wallenhorst|P
49219|Glandorf|H
49456|Bakum|H
49454|Bakum|P
49401|Damme|H
49394|Damme|P
49395|Damme|P
49396|Damme|P
49413|Dinklage|H
49407|Dinklage|P
49408|Dinklage|P
49409|Dinklage|P
49410|Dinklage|P
49424|Goldenstedt|H
49420|Goldenstedt|P
49421|Goldenstedt|P
49451|Holdorf|H
49449|Holdorf|P
49393|Lohne|H
49378|Lohne|P
49379|Lohne|P
49380|Lohne|P
49381|Lohne|P
49382|Lohne|P
49383|Lohne|P
49384|Lohne|P
49434|Neuenkirchen-Vörden|H
49439|Steinfeld|H
49435|Steinfeld|P
49436|Steinfeld|P
49377|Vechta|H
49375|Vechta|G
49360|Vechta|P
49361|Vechta|P
49362|Vechta|P
49363|Vechta|P
49364|Vechta|P
49365|Vechta|P
49374|Vechta|G
49429|Visbek|H
49425|Visbek|P
49426|Visbek|P
27804|Berne|H
27802|Berne|P
26919|Brake|H
26911|Brake|P
26912|Brake|P
26913|Brake|P
26914|Brake|P
26969|Butjadingen|H
26963|Butjadingen|P
26931|Elsfleth|H
26925|Elsfleth|P
26926|Elsfleth|P
26930|Elsfleth|G
26349|Jade|H
26346|Jade|P
27809|Lemwerder|H
26954|Nordenham|H
26939|Ovelgönne|H
26935|Stadland|H
26936|Stadland|N
26937|Stadland|N
26487|Blomberg|H
26427|Dunum|H
26427|Esens|H
26420|Esens|P
26421|Esens|P
26422|Esens|P
26423|Esens|P
26556|Eversmeer|H
26446|Friedeburg|H
26409|Knyphauserwald|H
26442|Friedeburg|P
26443|Friedeburg|P
26427|Holtgast|H
26465|Langeoog|H
26453|Langeoog|P
26454|Langeoog|P
26455|Langeoog|P
26456|Langeoog|P
26457|Langeoog|P
26458|Langeoog|P
26427|Moorweg|H
26556|Nenndorf|H
26427|Neuharlingersiel|H
26425|Neuharlingersiel|G
26487|Neuschoo|H
26489|Ochtersum|H
26556|Schweindorf|H
26474|Spiekeroog|H
26466|Spiekeroog|P
26467|Spiekeroog|P
26468|Spiekeroog|P
26469|Spiekeroog|P
26427|Stedesdorf|H
26556|Utarp|H
26427|Werdum|H
26556|Westerholt|H
26409|Wittmund|H
26409|Pfahlhaus|H
26398|Wittmund|P
26399|Wittmund|P
26400|Wittmund|P
26401|Wittmund|P
28195|Bremen|H
28197|Bremen|N
28199|Bremen|N
28201|Bremen|N
28203|Bremen|N
28205|Bremen|N
28207|Bremen|N
28209|Bremen|N
28211|Bremen|N
28213|Bremen|N
28215|Bremen|N
28217|Bremen|N
28219|Bremen|N
28237|Bremen|N
28239|Bremen|N
28259|Bremen|N
28277|Bremen|N
28279|Bremen|N
28307|Bremen|N
28309|Bremen|N
28325|Bremen|N
28327|Bremen|N
28329|Bremen|N
28355|Bremen|N
28357|Bremen|N
28359|Bremen|N
28717|Bremen|N
28719|Bremen|N
28755|Bremen|N
28757|Bremen|N
28759|Bremen|N
28777|Bremen|N
28779|Bremen|N
28181|Bremen|G
28182|Bremen|G
28183|Bremen|G
28184|Bremen|G
28185|Bremen|G
28187|Bremen|G
28189|Bremen|G
28190|Bremen|G
28275|Bremen|G
28305|Bremen|G
28323|Bremen|G
28353|Bremen|G
28751|Bremen|G
28001|Bremen|P
28002|Bremen|P
28003|Bremen|P
28004|Bremen|P
28006|Bremen|P
28007|Bremen|P
28008|Bremen|P
28009|Bremen|P
28010|Bremen|P
28011|Bremen|P
28012|Bremen|P
28013|Bremen|P
28014|Bremen|P
28015|Bremen|P
28016|Bremen|P
28017|Bremen|P
28018|Bremen|P
28019|Bremen|P
28020|Bremen|P
28021|Bremen|P
28022|Bremen|P
28023|Bremen|P
28024|Bremen|P
28025|Bremen|P
28026|Bremen|P
28027|Bremen|P
28028|Bremen|P
28029|Bremen|P
28030|Bremen|P
28031|Bremen|P
28032|Bremen|P
28033|Bremen|P
28034|Bremen|P
28035|Bremen|P
28036|Bremen|P
28037|Bremen|P
28038|Bremen|P
28039|Bremen|P
28040|Bremen|P
28041|Bremen|P
28042|Bremen|P
28043|Bremen|P
28044|Bremen|P
28045|Bremen|P
28046|Bremen|P
28047|Bremen|P
28048|Bremen|P
28049|Bremen|P
28050|Bremen|P
28051|Bremen|P
28052|Bremen|P
28053|Bremen|P
28054|Bremen|P
28055|Bremen|P
28056|Bremen|P
28057|Bremen|P
28058|Bremen|P
28059|Bremen|P
28060|Bremen|P
28061|Bremen|P
28062|Bremen|P
28063|Bremen|P
28064|Bremen|P
28065|Bremen|P
28066|Bremen|P
28067|Bremen|P
28068|Bremen|P
28069|Bremen|P
28070|Bremen|P
28071|Bremen|P
28072|Bremen|P
28073|Bremen|P
28074|Bremen|P
28075|Bremen|P
28076|Bremen|P
28077|Bremen|P
28078|Bremen|P
28079|Bremen|P
28080|Bremen|P
28088|Bremen|P
28089|Bremen|P
28091|Bremen|P
28092|Bremen|P
28093|Bremen|P
28094|Bremen|P
28095|Bremen|P
28096|Bremen|P
28221|Bremen|P
28222|Bremen|P
28223|Bremen|P
28224|Bremen|P
28241|Bremen|P
28242|Bremen|P
28243|Bremen|P
28244|Bremen|P
28261|Bremen|P
28262|Bremen|P
28263|Bremen|P
28264|Bremen|P
28281|Bremen|P
28282|Bremen|P
28283|Bremen|P
28284|Bremen|P
28285|Bremen|P
28286|Bremen|P
28287|Bremen|P
28288|Bremen|P
28289|Bremen|P
28295|Bremen|P
28296|Bremen|P
28297|Bremen|P
28311|Bremen|P
28312|Bremen|P
28313|Bremen|P
28314|Bremen|P
28315|Bremen|P
28331|Bremen|P
28332|Bremen|P
28333|Bremen|P
28334|Bremen|P
28335|Bremen|P
28336|Bremen|P
28339|Bremen|P
28701|Bremen|P
28702|Bremen|P
28703|Bremen|P
28721|Bremen|P
28722|Bremen|P
28723|Bremen|P
28724|Bremen|P
28725|Bremen|P
28726|Bremen|P
28727|Bremen|P
28728|Bremen|P
28729|Bremen|P
28730|Bremen|P
28761|Bremen|P
28762|Bremen|P
28763|Bremen|P
28764|Bremen|P
28765|Bremen|P
28361|Bremen|P
28733|Bremen|P
28734|Bremen|P
28735|Bremen|P
28179|Bremen|G
28188|Bremen|G
28178|Bremen|G
28362|Bremen|P
28365|Bremen|G
28375|Bremen|G
28200|Bremen|G
28366|Bremen|G
28163|Bremen|G
28174|Bremen|G
28177|Bremen|G
28700|Bremen|G
28390|Bremen|G
28180|Bremen|G
28186|Bremen|G
28400|Bremen|G
28100|Bremen|G
28192|Bremen|G
28363|Bremen|G
28376|Bremen|G
28111|Bremen|G
28101|Bremen|G
28102|Bremen|G
28103|Bremen|G
28788|Bremen|G
28104|Bremen|G
28105|Bremen|G
28106|Bremen|G
28107|Bremen|G
28108|Bremen|G
28169|Bremen|G
27568|Bremerhaven|H
27570|Bremerhaven|N
27572|Bremerhaven|N
27574|Bremerhaven|N
27576|Bremerhaven|N
27578|Bremerhaven|N
27580|Bremerhaven|N
27512|Bremerhaven|P
27501|Bremerhaven|P
27502|Bremerhaven|P
27503|Bremerhaven|P
27504|Bremerhaven|P
27505|Bremerhaven|P
27506|Bremerhaven|P
27507|Bremerhaven|P
27508|Bremerhaven|P
27509|Bremerhaven|P
27510|Bremerhaven|P
27511|Bremerhaven|P
27515|Bremerhaven|P
27516|Bremerhaven|P
27517|Bremerhaven|P
27518|Bremerhaven|P
27519|Bremerhaven|P
27522|Bremerhaven|P
27523|Bremerhaven|P
27524|Bremerhaven|P
27525|Bremerhaven|P
27526|Bremerhaven|P
27528|Bremerhaven|P
27531|Bremerhaven|P
27532|Bremerhaven|P
27533|Bremerhaven|P
27534|Bremerhaven|P
27537|Bremerhaven|P
27538|Bremerhaven|P
27539|Bremerhaven|P
27540|Bremerhaven|P
27541|Bremerhaven|P
27554|Bremerhaven|G
40210|Düsseldorf|H
40211|Düsseldorf|N
40212|Düsseldorf|N
40213|Düsseldorf|N
40215|Düsseldorf|N
40217|Düsseldorf|N
40219|Düsseldorf|N
40221|Düsseldorf|N
40223|Düsseldorf|N
40225|Düsseldorf|N
40227|Düsseldorf|N
40229|Düsseldorf|N
40231|Düsseldorf|N
40233|Düsseldorf|N
40235|Düsseldorf|N
40237|Düsseldorf|N
40239|Düsseldorf|N
40468|Düsseldorf|N
40470|Düsseldorf|N
40472|Düsseldorf|N
40474|Düsseldorf|N
40476|Düsseldorf|N
40477|Düsseldorf|N
40479|Düsseldorf|N
40489|Düsseldorf|N
40545|Düsseldorf|N
40547|Düsseldorf|N
40549|Düsseldorf|N
40589|Düsseldorf|N
40591|Düsseldorf|N
40593|Düsseldorf|N
40595|Düsseldorf|N
40597|Düsseldorf|N
40599|Düsseldorf|N
40625|Düsseldorf|N
40627|Düsseldorf|N
40629|Düsseldorf|N
40189|Düsseldorf|G
40190|Düsseldorf|G
40191|Düsseldorf|G
40192|Düsseldorf|G
40193|Düsseldorf|G
40194|Düsseldorf|G
40195|Düsseldorf|G
40196|Düsseldorf|G
40197|Düsseldorf|G
40198|Düsseldorf|G
40200|Düsseldorf|G
40205|Düsseldorf|G
40207|Düsseldorf|G
40464|Düsseldorf|G
40467|Düsseldorf|G
40001|Düsseldorf|P
40002|Düsseldorf|P
40003|Düsseldorf|P
40004|Düsseldorf|P
40005|Düsseldorf|P
40006|Düsseldorf|P
40007|Düsseldorf|P
40008|Düsseldorf|P
40009|Düsseldorf|P
40010|Düsseldorf|P
40011|Düsseldorf|P
40012|Düsseldorf|P
40013|Düsseldorf|P
40014|Düsseldorf|P
40015|Düsseldorf|P
40016|Düsseldorf|P
40017|Düsseldorf|P
40018|Düsseldorf|P
40019|Düsseldorf|P
40020|Düsseldorf|P
40021|Düsseldorf|P
40022|Düsseldorf|P
40023|Düsseldorf|P
40024|Düsseldorf|P
40025|Düsseldorf|P
40026|Düsseldorf|P
40027|Düsseldorf|P
40028|Düsseldorf|P
40029|Düsseldorf|P
40030|Düsseldorf|P
40031|Düsseldorf|P
40032|Düsseldorf|P
40033|Düsseldorf|P
40034|Düsseldorf|P
40035|Düsseldorf|P
40036|Düsseldorf|P
40037|Düsseldorf|P
40038|Düsseldorf|P
40039|Düsseldorf|P
40040|Düsseldorf|P
40041|Düsseldorf|P
40042|Düsseldorf|P
40043|Düsseldorf|P
40044|Düsseldorf|P
40045|Düsseldorf|P
40046|Düsseldorf|P
40047|Düsseldorf|P
40071|Düsseldorf|P
40072|Düsseldorf|P
40073|Düsseldorf|P
40074|Düsseldorf|P
40075|Düsseldorf|P
40078|Düsseldorf|P
40079|Düsseldorf|P
40080|Düsseldorf|P
40081|Düsseldorf|P
40082|Düsseldorf|P
40083|Düsseldorf|P
40084|Düsseldorf|P
40087|Düsseldorf|P
40088|Düsseldorf|P
40090|Düsseldorf|P
40091|Düsseldorf|P
40093|Düsseldorf|P
40094|Düsseldorf|P
40095|Düsseldorf|P
40096|Düsseldorf|P
40097|Düsseldorf|P
40099|Düsseldorf|P
40100|Düsseldorf|P
40101|Düsseldorf|P
40102|Düsseldorf|P
40103|Düsseldorf|P
40104|Düsseldorf|P
40105|Düsseldorf|P
40401|Düsseldorf|P
40402|Düsseldorf|P
40403|Düsseldorf|P
40404|Düsseldorf|P
40405|Düsseldorf|P
40406|Düsseldorf|P
40407|Düsseldorf|P
40408|Düsseldorf|P
40409|Düsseldorf|P
40410|Düsseldorf|P
40416|Düsseldorf|P
40417|Düsseldorf|P
40418|Düsseldorf|P
40419|Düsseldorf|P
40420|Düsseldorf|P
40421|Düsseldorf|P
40422|Düsseldorf|P
40423|Düsseldorf|P
40424|Düsseldorf|P
40425|Düsseldorf|P
40426|Düsseldorf|P
40427|Düsseldorf|P
40434|Düsseldorf|P
40435|Düsseldorf|P
40436|Düsseldorf|P
40437|Düsseldorf|P
40440|Düsseldorf|P
40441|Düsseldorf|P
40443|Düsseldorf|P
40444|Düsseldorf|P
40481|Düsseldorf|P
40501|Düsseldorf|P
40502|Düsseldorf|P
40503|Düsseldorf|P
40504|Düsseldorf|P
40505|Düsseldorf|P
40506|Düsseldorf|P
40507|Düsseldorf|P
40508|Düsseldorf|P
40509|Düsseldorf|P
40510|Düsseldorf|P
40511|Düsseldorf|P
40512|Düsseldorf|P
40513|Düsseldorf|P
40524|Düsseldorf|P
40525|Düsseldorf|P
40526|Düsseldorf|P
40528|Düsseldorf|P
40529|Düsseldorf|P
40530|Düsseldorf|P
40551|Düsseldorf|P
40552|Düsseldorf|P
40553|Düsseldorf|P
40554|Düsseldorf|P
40555|Düsseldorf|P
40556|Düsseldorf|P
40557|Düsseldorf|P
40558|Düsseldorf|P
40559|Düsseldorf|P
40564|Düsseldorf|P
40565|Düsseldorf|P
40566|Düsseldorf|P
40568|Düsseldorf|P
40569|Düsseldorf|P
40570|Düsseldorf|P
40571|Düsseldorf|P
40576|Düsseldorf|P
40601|Düsseldorf|P
40602|Düsseldorf|P
40603|Düsseldorf|P
40604|Düsseldorf|P
40605|Düsseldorf|P
40608|Düsseldorf|P
40610|Düsseldorf|P
40721|Düsseldorf|N
40242|Düsseldorf|P
40250|Düsseldorf|G
40089|Düsseldorf|P
40482|Düsseldorf|P
40110|Düsseldorf|P
40111|Düsseldorf|P
40112|Düsseldorf|P
40428|Düsseldorf|P
40438|Düsseldorf|P
40092|Düsseldorf|P
40541|Düsseldorf|G
40560|Düsseldorf|P
40202|Düsseldorf|G
40300|Düsseldorf|G
40203|Düsseldorf|G
40400|Düsseldorf|G
40188|Düsseldorf|G
40252|Düsseldorf|G
40185|Düsseldorf|G
40204|Düsseldorf|G
40180|Düsseldorf|G
40181|Düsseldorf|G
40182|Düsseldorf|G
40183|Düsseldorf|G
40542|Düsseldorf|G
40184|Düsseldorf|G
40201|Düsseldorf|G
40466|Düsseldorf|G
40543|Düsseldorf|G
40186|Düsseldorf|G
40187|Düsseldorf|G
40540|Düsseldorf|G
40302|Düsseldorf|G
40208|Düsseldorf|G
40463|Düsseldorf|G
40340|Düsseldorf|G
40255|Düsseldorf|G
40206|Düsseldorf|G
40253|Düsseldorf|G
47051|Duisburg|H
47053|Duisburg|N
47055|Duisburg|N
47057|Duisburg|N
47058|Duisburg|N
47059|Duisburg|N
47119|Duisburg|N
47137|Duisburg|N
47138|Duisburg|N
47139|Duisburg|N
47166|Duisburg|N
47167|Duisburg|N
47169|Duisburg|N
47178|Duisburg|N
47179|Duisburg|N
47198|Duisburg|N
47199|Duisburg|N
47226|Duisburg|N
47228|Duisburg|N
47229|Duisburg|N
47239|Duisburg|N
47249|Duisburg|N
47259|Duisburg|N
47269|Duisburg|N
47279|Duisburg|N
47048|Duisburg|G
47049|Duisburg|G
47118|Duisburg|G
47161|Duisburg|G
47163|Duisburg|G
47001|Duisburg|P
47002|Duisburg|P
47003|Duisburg|P
47004|Duisburg|P
47005|Duisburg|P
47006|Duisburg|P
47007|Duisburg|P
47008|Duisburg|P
47009|Duisburg|P
47010|Duisburg|P
47011|Duisburg|P
47012|Duisburg|P
47013|Duisburg|P
47014|Duisburg|P
47015|Duisburg|P
47023|Duisburg|P
47024|Duisburg|P
47025|Duisburg|P
47026|Duisburg|P
47027|Duisburg|P
47028|Duisburg|P
47029|Duisburg|P
47032|Duisburg|P
47101|Duisburg|P
47102|Duisburg|P
47103|Duisburg|P
47104|Duisburg|P
47105|Duisburg|P
47106|Duisburg|P
47107|Duisburg|P
47108|Duisburg|P
47121|Duisburg|P
47122|Duisburg|P
47123|Duisburg|P
47124|Duisburg|P
47125|Duisburg|P
47126|Duisburg|P
47127|Duisburg|P
47130|Duisburg|P
47131|Duisburg|P
47141|Duisburg|P
47142|Duisburg|P
47143|Duisburg|P
47144|Duisburg|P
47145|Duisburg|P
47148|Duisburg|P
47151|Duisburg|P
47152|Duisburg|P
47171|Duisburg|P
47172|Duisburg|P
47173|Duisburg|P
47181|Duisburg|P
47182|Duisburg|P
47183|Duisburg|P
47184|Duisburg|P
47187|Duisburg|P
47188|Duisburg|P
47231|Duisburg|P
47232|Duisburg|P
47233|Duisburg|P
47241|Duisburg|P
47251|Duisburg|P
47252|Duisburg|P
47261|Duisburg|P
47262|Duisburg|P
47298|Duisburg|P
47299|Duisburg|G
47047|Duisburg|G
47146|Duisburg|P
47254|Duisburg|P
47100|Duisburg|G
47303|Duisburg|G
47050|Duisburg|G
47044|Duisburg|G
47305|Duisburg|G
47300|Duisburg|G
47304|Duisburg|G
47310|Duisburg|G
47043|Duisburg|G
47045|Duisburg|G
47306|Duisburg|G
45127|Essen|H
45128|Essen|N
45130|Essen|N
45131|Essen|N
45133|Essen|N
45134|Essen|N
45136|Essen|N
45138|Essen|N
45139|Essen|N
45141|Essen|N
45143|Essen|N
45144|Essen|N
45145|Essen|N
45147|Essen|N
45149|Essen|N
45219|Essen|N
45239|Essen|N
45257|Essen|N
45259|Essen|N
45276|Essen|N
45277|Essen|N
45279|Essen|N
45289|Essen|N
45307|Essen|N
45309|Essen|N
45326|Essen|N
45327|Essen|N
45329|Essen|N
45355|Essen|N
45356|Essen|N
45357|Essen|N
45359|Essen|N
45116|Essen|G
45117|Essen|G
45121|Essen|G
45122|Essen|G
45123|Essen|G
45125|Essen|G
45001|Essen|P
45002|Essen|P
45003|Essen|P
45004|Essen|P
45005|Essen|P
45006|Essen|P
45007|Essen|P
45008|Essen|P
45009|Essen|P
45010|Essen|P
45011|Essen|P
45012|Essen|P
45013|Essen|P
45014|Essen|P
45015|Essen|P
45016|Essen|P
45017|Essen|P
45018|Essen|P
45019|Essen|P
45020|Essen|P
45021|Essen|P
45022|Essen|P
45023|Essen|P
45024|Essen|P
45025|Essen|P
45026|Essen|P
45027|Essen|P
45028|Essen|P
45029|Essen|P
45030|Essen|P
45031|Essen|P
45032|Essen|P
45033|Essen|P
45034|Essen|P
45035|Essen|P
45036|Essen|P
45037|Essen|P
45038|Essen|P
45039|Essen|P
45040|Essen|P
45041|Essen|P
45042|Essen|P
45043|Essen|P
45069|Essen|P
45070|Essen|P
45071|Essen|P
45073|Essen|P
45074|Essen|P
45201|Essen|P
45202|Essen|P
45203|Essen|P
45204|Essen|P
45205|Essen|P
45206|Essen|P
45221|Essen|P
45222|Essen|P
45223|Essen|P
45224|Essen|P
45225|Essen|P
45241|Essen|P
45242|Essen|P
45243|Essen|P
45245|Essen|P
45246|Essen|P
45261|Essen|P
45262|Essen|P
45263|Essen|P
45264|Essen|P
45265|Essen|P
45266|Essen|P
45281|Essen|P
45282|Essen|P
45291|Essen|P
45292|Essen|P
45293|Essen|P
45294|Essen|P
45297|Essen|P
45311|Essen|P
45312|Essen|P
45313|Essen|P
45314|Essen|P
45318|Essen|P
45331|Essen|P
45332|Essen|P
45333|Essen|P
45334|Essen|P
45335|Essen|P
45336|Essen|P
45341|Essen|P
45342|Essen|P
45343|Essen|P
45076|Essen|P
45361|Essen|P
45362|Essen|P
45363|Essen|P
45364|Essen|P
45120|Essen|G
45315|Essen|P
45055|Essen|P
45056|Essen|P
45057|Essen|P
45100|Essen|G
45124|Essen|G
45113|Essen|G
45115|Essen|G
45114|Essen|G
45195|Essen|G
45196|Essen|G
45197|Essen|G
45365|Essen|G
45126|Essen|G
45099|Essen|G
45064|Essen|G
45098|Essen|G
45097|Essen|G
45063|Essen|G
45061|Essen|G
45062|Essen|G
45095|Essen|G
45093|Essen|G
45092|Essen|G
45060|Essen|G
45058|Essen|G
45096|Essen|G
45112|Essen|G
45111|Essen|G
45091|Essen|G
45101|Essen|G
45102|Essen|G
45109|Essen|G
47798|Krefeld|H
47799|Krefeld|N
47800|Krefeld|N
47802|Krefeld|N
47803|Krefeld|N
47804|Krefeld|N
47805|Krefeld|N
47807|Krefeld|N
47809|Krefeld|N
47829|Krefeld|N
47839|Krefeld|N
47795|Krefeld|G
47701|Krefeld|P
47702|Krefeld|P
47703|Krefeld|P
47704|Krefeld|P
47705|Krefeld|P
47706|Krefeld|P
47707|Krefeld|P
47708|Krefeld|P
47709|Krefeld|P
47710|Krefeld|P
47711|Krefeld|P
47712|Krefeld|P
47713|Krefeld|P
47714|Krefeld|P
47715|Krefeld|P
47716|Krefeld|P
47717|Krefeld|P
47718|Krefeld|P
47719|Krefeld|P
47720|Krefeld|P
47721|Krefeld|P
47722|Krefeld|P
47723|Krefeld|P
47724|Krefeld|P
47747|Krefeld|P
47748|Krefeld|P
47749|Krefeld|P
47750|Krefeld|P
47753|Krefeld|P
47754|Krefeld|P
47755|Krefeld|P
47756|Krefeld|P
47757|Krefeld|P
47758|Krefeld|P
47759|Krefeld|P
47811|Krefeld|P
47812|Krefeld|P
47813|Krefeld|P
47814|Krefeld|P
47815|Krefeld|P
47831|Krefeld|P
47832|Krefeld|P
47833|Krefeld|P
47761|Krefeld|P
47762|Krefeld|P
47792|Krefeld|G
47821|Krefeld|P
47790|Krefeld|G
47789|Krefeld|G
47791|Krefeld|G
47796|Krefeld|G
47308|Krefeld|G
47788|Krefeld|G
41061|Mönchengladbach|H
41063|Mönchengladbach|N
41065|Mönchengladbach|N
41066|Mönchengladbach|N
41068|Mönchengladbach|N
41069|Mönchengladbach|N
41169|Mönchengladbach|N
41179|Mönchengladbach|N
41189|Mönchengladbach|N
41199|Mönchengladbach|N
41236|Mönchengladbach|N
41238|Mönchengladbach|N
41239|Mönchengladbach|N
41050|Mönchengladbach|G
41052|Mönchengladbach|G
41001|Mönchengladbach|P
41002|Mönchengladbach|P
41003|Mönchengladbach|P
41004|Mönchengladbach|P
41005|Mönchengladbach|P
41006|Mönchengladbach|P
41007|Mönchengladbach|P
41008|Mönchengladbach|P
41009|Mönchengladbach|P
41010|Mönchengladbach|P
41011|Mönchengladbach|P
41012|Mönchengladbach|P
41013|Mönchengladbach|P
41014|Mönchengladbach|P
41015|Mönchengladbach|P
41016|Mönchengladbach|P
41017|Mönchengladbach|P
41018|Mönchengladbach|P
41019|Mönchengladbach|P
41020|Mönchengladbach|P
41021|Mönchengladbach|P
41161|Mönchengladbach|P
41162|Mönchengladbach|P
41171|Mönchengladbach|P
41172|Mönchengladbach|P
41181|Mönchengladbach|P
41182|Mönchengladbach|P
41191|Mönchengladbach|P
41192|Mönchengladbach|P
41193|Mönchengladbach|P
41194|Mönchengladbach|P
41201|Mönchengladbach|P
41202|Mönchengladbach|P
41203|Mönchengladbach|P
41204|Mönchengladbach|P
41205|Mönchengladbach|P
41206|Mönchengladbach|P
41207|Mönchengladbach|P
41208|Mönchengladbach|P
41209|Mönchengladbach|P
41210|Mönchengladbach|P
41211|Mönchengladbach|P
41212|Mönchengladbach|P
41213|Mönchengladbach|P
41214|Mönchengladbach|P
41222|Mönchengladbach|P
41241|Mönchengladbach|P
41260|Mönchengladbach|G
41183|Mönchengladbach|P
41215|Mönchengladbach|P
41100|Mönchengladbach|G
41261|Mönchengladbach|G
41259|Mönchengladbach|G
41220|Mönchengladbach|G
41054|Mönchengladbach|G
41200|Mönchengladbach|G
41049|Mönchengladbach|G
41047|Mönchengladbach|G
45468|Mülheim|H
45470|Mülheim|N
45472|Mülheim|N
45473|Mülheim|N
45475|Mülheim|N
45476|Mülheim|N
45478|Mülheim|N
45479|Mülheim|N
45481|Mülheim|N
45466|Mülheim|G
45401|Mülheim|P
45402|Mülheim|P
45403|Mülheim|P
45404|Mülheim|P
45405|Mülheim|P
45406|Mülheim|P
45407|Mülheim|P
45408|Mülheim|P
45409|Mülheim|P
45410|Mülheim|P
45411|Mülheim|P
45412|Mülheim|P
45413|Mülheim|P
45414|Mülheim|P
45415|Mülheim|P
45416|Mülheim|P
45417|Mülheim|P
45418|Mülheim|P
45419|Mülheim|P
45420|Mülheim|P
45421|Mülheim|P
45422|Mülheim|P
45434|Mülheim|P
45435|Mülheim|P
45437|Mülheim|P
45438|Mülheim|P
45439|Mülheim|P
45441|Mülheim|P
45442|Mülheim|P
45443|Mülheim|P
45445|Mülheim|P
45446|Mülheim|P
45465|Mülheim|G
46045|Oberhausen|H
46047|Oberhausen|N
46049|Oberhausen|N
46117|Oberhausen|N
46119|Oberhausen|N
46145|Oberhausen|N
46147|Oberhausen|N
46149|Oberhausen|N
46042|Oberhausen|G
46142|Oberhausen|G
46030|Oberhausen|P
46101|Oberhausen|P
46102|Oberhausen|P
46103|Oberhausen|P
46104|Oberhausen|P
46121|Oberhausen|P
46122|Oberhausen|P
46123|Oberhausen|P
46124|Oberhausen|P
46125|Oberhausen|P
46131|Oberhausen|P
46132|Oberhausen|P
46133|Oberhausen|P
46126|Oberhausen|P
46040|Oberhausen|G
46020|Oberhausen|G
42853|Remscheid|H
42855|Remscheid|N
42857|Remscheid|N
42859|Remscheid|N
42897|Remscheid|N
42899|Remscheid|N
42849|Remscheid|G
42850|Remscheid|G
42895|Remscheid|G
42801|Remscheid|P
42802|Remscheid|P
42803|Remscheid|P
42804|Remscheid|P
42805|Remscheid|P
42806|Remscheid|P
42807|Remscheid|P
42808|Remscheid|P
42809|Remscheid|P
42810|Remscheid|P
42822|Remscheid|P
42823|Remscheid|P
42824|Remscheid|P
42825|Remscheid|P
42826|Remscheid|P
42828|Remscheid|P
42830|Remscheid|P
42831|Remscheid|P
42861|Remscheid|P
42862|Remscheid|P
42863|Remscheid|P
42864|Remscheid|P
42865|Remscheid|P
42866|Remscheid|P
42867|Remscheid|P
42871|Remscheid|P
42872|Remscheid|P
42873|Remscheid|P
42874|Remscheid|P
42875|Remscheid|P
42876|Remscheid|P
42835|Remscheid|P
42651|Solingen|H
42653|Solingen|N
42655|Solingen|N
42657|Solingen|N
42659|Solingen|N
42697|Solingen|N
42699|Solingen|N
42719|Solingen|N
42646|Solingen|G
42648|Solingen|G
42601|Solingen|P
42602|Solingen|P
42603|Solingen|P
42604|Solingen|P
42605|Solingen|P
42606|Solingen|P
42607|Solingen|P
42608|Solingen|P
42609|Solingen|P
42610|Solingen|P
42611|Solingen|P
42612|Solingen|P
42613|Solingen|P
42621|Solingen|P
42623|Solingen|P
42624|Solingen|P
42626|Solingen|P
42627|Solingen|P
42629|Solingen|P
42630|Solingen|P
42631|Solingen|P
42661|Solingen|P
42662|Solingen|P
42663|Solingen|P
42664|Solingen|P
42665|Solingen|P
42666|Solingen|P
42667|Solingen|P
42668|Solingen|P
42669|Solingen|P
42670|Solingen|P
42676|Solingen|P
42677|Solingen|P
42701|Solingen|P
42702|Solingen|P
42703|Solingen|P
42704|Solingen|P
42705|Solingen|P
42708|Solingen|P
42717|Solingen|G
42716|Solingen|G
42649|Solingen|G
42645|Solingen|G
42715|Solingen|G
42103|Wuppertal|H
42105|Wuppertal|N
42107|Wuppertal|N
42109|Wuppertal|N
42111|Wuppertal|N
42113|Wuppertal|N
42115|Wuppertal|N
42117|Wuppertal|N
42119|Wuppertal|N
42275|Wuppertal|N
42277|Wuppertal|N
42279|Wuppertal|N
42281|Wuppertal|N
42283|Wuppertal|N
42285|Wuppertal|N
42287|Wuppertal|N
42289|Wuppertal|N
42327|Wuppertal|N
42329|Wuppertal|N
42349|Wuppertal|N
42369|Wuppertal|N
42389|Wuppertal|N
42399|Wuppertal|N
42094|Wuppertal|G
42095|Wuppertal|G
42096|Wuppertal|G
42097|Wuppertal|G
42098|Wuppertal|G
42101|Wuppertal|G
42269|Wuppertal|G
42270|Wuppertal|G
42271|Wuppertal|G
42387|Wuppertal|G
42001|Wuppertal|P
42002|Wuppertal|P
42003|Wuppertal|P
42004|Wuppertal|P
42005|Wuppertal|P
42006|Wuppertal|P
42007|Wuppertal|P
42008|Wuppertal|P
42009|Wuppertal|P
42010|Wuppertal|P
42011|Wuppertal|P
42012|Wuppertal|P
42013|Wuppertal|P
42014|Wuppertal|P
42015|Wuppertal|P
42016|Wuppertal|P
42017|Wuppertal|P
42018|Wuppertal|P
42028|Wuppertal|P
42029|Wuppertal|P
42030|Wuppertal|P
42031|Wuppertal|P
42032|Wuppertal|P
42033|Wuppertal|P
42034|Wuppertal|P
42035|Wuppertal|P
42036|Wuppertal|P
42037|Wuppertal|P
42038|Wuppertal|P
42039|Wuppertal|P
42040|Wuppertal|P
42041|Wuppertal|P
42042|Wuppertal|P
42043|Wuppertal|P
42044|Wuppertal|P
42045|Wuppertal|P
42046|Wuppertal|P
42047|Wuppertal|P
42048|Wuppertal|P
42049|Wuppertal|P
42050|Wuppertal|P
42051|Wuppertal|P
42052|Wuppertal|P
42060|Wuppertal|P
42201|Wuppertal|P
42202|Wuppertal|P
42203|Wuppertal|P
42204|Wuppertal|P
42205|Wuppertal|P
42206|Wuppertal|P
42207|Wuppertal|P
42208|Wuppertal|P
42209|Wuppertal|P
42210|Wuppertal|P
42211|Wuppertal|P
42212|Wuppertal|P
42213|Wuppertal|P
42214|Wuppertal|P
42215|Wuppertal|P
42216|Wuppertal|P
42217|Wuppertal|P
42218|Wuppertal|P
42219|Wuppertal|P
42220|Wuppertal|P
42231|Wuppertal|P
42232|Wuppertal|P
42233|Wuppertal|P
42234|Wuppertal|P
42237|Wuppertal|P
42238|Wuppertal|P
42239|Wuppertal|P
42240|Wuppertal|P
42301|Wuppertal|P
42302|Wuppertal|P
42303|Wuppertal|P
42304|Wuppertal|P
42305|Wuppertal|P
42306|Wuppertal|P
42310|Wuppertal|P
42311|Wuppertal|P
42331|Wuppertal|P
42332|Wuppertal|P
42333|Wuppertal|P
42334|Wuppertal|P
42335|Wuppertal|P
42339|Wuppertal|P
42340|Wuppertal|P
42342|Wuppertal|P
42351|Wuppertal|P
42352|Wuppertal|P
42353|Wuppertal|P
42354|Wuppertal|P
42355|Wuppertal|P
42356|Wuppertal|P
42357|Wuppertal|P
42371|Wuppertal|P
42372|Wuppertal|P
42373|Wuppertal|P
42374|Wuppertal|P
42401|Wuppertal|P
42402|Wuppertal|P
42409|Wuppertal|G
42243|Wuppertal|P
42245|Wuppertal|P
42272|Wuppertal|G
42400|Wuppertal|G
42093|Wuppertal|G
42300|Wuppertal|G
42268|Wuppertal|G
42267|Wuppertal|G
42099|Wuppertal|G
42230|Wuppertal|G
42120|Wuppertal|G
42266|Wuppertal|G
42337|Wuppertal|G
42273|Wuppertal|G
42347|Wuppertal|G
42260|Wuppertal|G
42100|Wuppertal|G
42343|Wuppertal|G
47551|Bedburg-Hau|H
47547|Bedburg-Hau|P
47548|Bedburg-Hau|P
46446|Emmerich|H
46421|Emmerich|P
46422|Emmerich|P
46423|Emmerich|P
46424|Emmerich|P
46425|Emmerich|P
46426|Emmerich|P
46427|Emmerich|P
46428|Emmerich|P
46429|Emmerich|P
46430|Emmerich|P
46444|Emmerich|G
47608|Geldern|H
47591|Geldern|P
47592|Geldern|P
47593|Geldern|P
47594|Geldern|P
47595|Geldern|P
47598|Geldern|P
47599|Geldern|P
47601|Geldern|P
47606|Geldern|G
47574|Goch|H
47568|Goch|P
47661|Issum|H
47653|Issum|P
47654|Issum|P
47546|Kalkar|H
47647|Kerken|H
47642|Kerken|P
47643|Kerken|P
47623|Kevelaer|H
47624|Kevelaer|N
47625|Kevelaer|N
47626|Kevelaer|N
47627|Kevelaer|N
47612|Kevelaer|P
47613|Kevelaer|P
47614|Kevelaer|P
47533|Kleve|H
47511|Kleve|P
47512|Kleve|P
47513|Kleve|P
47514|Kleve|P
47515|Kleve|P
47516|Kleve|P
47517|Kleve|P
47518|Kleve|P
47519|Kleve|P
47526|Kleve|G
47559|Kranenburg|H
46459|Rees|H
46450|Rees|P
46451|Rees|P
46452|Rees|P
47509|Rheurdt|H
47507|Rheurdt|P
47638|Straelen|H
47628|Straelen|P
47629|Straelen|P
47630|Straelen|P
47632|Straelen|P
47589|Uedem|H
47587|Uedem|P
47669|Wachtendonk|H
47666|Wachtendonk|P
47667|Wachtendonk|P
47652|Weeze|H
47648|Weeze|P
47649|Weeze|P
40699|Erkrath|H
40671|Erkrath|P
40672|Erkrath|P
40673|Erkrath|P
40675|Erkrath|P
40677|Erkrath|P
40678|Erkrath|P
40679|Erkrath|P
40681|Erkrath|P
40682|Erkrath|P
40683|Erkrath|P
40684|Erkrath|P
40687|Erkrath|P
40688|Erkrath|P
42781|Haan|H
42755|Haan|P
42756|Haan|P
42757|Haan|P
42758|Haan|P
42759|Haan|P
42760|Haan|P
42761|Haan|P
42765|Haan|P
42766|Haan|P
42769|Haan|P
42770|Haan|P
42404|Haan|P
42767|Haan|P
42579|Heiligenhaus|H
42566|Heiligenhaus|P
42567|Heiligenhaus|P
42568|Heiligenhaus|P
42569|Heiligenhaus|P
42570|Heiligenhaus|P
42571|Heiligenhaus|P
42572|Heiligenhaus|P
42573|Heiligenhaus|P
42574|Heiligenhaus|P
42577|Heiligenhaus|G
40721|Hilden|H
40723|Hilden|N
40724|Hilden|N
40701|Hilden|P
40702|Hilden|P
40703|Hilden|P
40704|Hilden|P
40705|Hilden|P
40706|Hilden|P
40707|Hilden|P
40708|Hilden|P
40709|Hilden|P
40710|Hilden|P
40711|Hilden|P
40718|Hilden|G
40764|Langenfeld|H
40736|Langenfeld|P
40737|Langenfeld|P
40738|Langenfeld|P
40739|Langenfeld|P
40740|Langenfeld|P
40741|Langenfeld|P
40745|Langenfeld|P
40746|Langenfeld|P
40748|Langenfeld|P
40750|Langenfeld|P
40244|Langenfeld|P
40742|Langenfeld|P
40251|Langenfeld|G
40256|Langenfeld|G
40260|Langenfeld|G
40822|Mettmann|H
40801|Mettmann|P
40802|Mettmann|P
40803|Mettmann|P
40804|Mettmann|P
40805|Mettmann|P
40806|Mettmann|P
40810|Mettmann|P
40811|Mettmann|P
40807|Mettmann|P
40808|Mettmann|P
40815|Mettmann|G
40816|Mettmann|G
40789|Monheim|H
40786|Monheim|G
40765|Monheim|P
40766|Monheim|P
40767|Monheim|P
40768|Monheim|P
40769|Monheim|P
40770|Monheim|P
40771|Monheim|P
40775|Monheim|P
40776|Monheim|P
40777|Monheim|P
40772|Monheim|P
40878|Ratingen|H
40880|Ratingen|N
40882|Ratingen|N
40883|Ratingen|N
40885|Ratingen|N
40831|Ratingen|P
40832|Ratingen|P
40833|Ratingen|P
40834|Ratingen|P
40835|Ratingen|P
40836|Ratingen|P
40837|Ratingen|P
40838|Ratingen|P
40843|Ratingen|P
40844|Ratingen|P
40845|Ratingen|P
40847|Ratingen|P
40848|Ratingen|P
40849|Ratingen|P
40851|Ratingen|P
40852|Ratingen|P
40853|Ratingen|P
40854|Ratingen|P
40855|Ratingen|P
40859|Ratingen|P
40860|Ratingen|P
40862|Ratingen|P
40863|Ratingen|P
40875|Ratingen|G
40472|Ratingen|N
40839|Ratingen|P
40874|Ratingen|G
42549|Velbert|H
42551|Velbert|N
42553|Velbert|N
42555|Velbert|N
42547|Velbert|G
42501|Velbert|P
42502|Velbert|P
42503|Velbert|P
42504|Velbert|P
42505|Velbert|P
42506|Velbert|P
42507|Velbert|P
42508|Velbert|P
42509|Velbert|P
42510|Velbert|P
42511|Velbert|P
42512|Velbert|P
42513|Velbert|P
42520|Velbert|P
42521|Velbert|P
42522|Velbert|P
42523|Velbert|P
42526|Velbert|P
42527|Velbert|P
42529|Velbert|P
42530|Velbert|P
42531|Velbert|P
42514|Velbert|P
42515|Velbert|P
42489|Wülfrath|H
42478|Wülfrath|P
42479|Wülfrath|P
42480|Wülfrath|P
42481|Wülfrath|P
42482|Wülfrath|P
41539|Dormagen|H
41540|Dormagen|N
41541|Dormagen|N
41542|Dormagen|N
41538|Dormagen|G
41518|Dormagen|P
41519|Dormagen|P
41520|Dormagen|P
41521|Dormagen|P
41522|Dormagen|P
41523|Dormagen|P
41524|Dormagen|P
41527|Dormagen|P
41528|Dormagen|P
41529|Dormagen|P
41530|Dormagen|P
41531|Dormagen|P
41536|Dormagen|P
41515|Grevenbroich|H
41516|Grevenbroich|N
41517|Grevenbroich|N
41513|Grevenbroich|G
41485|Grevenbroich|P
41486|Grevenbroich|P
41487|Grevenbroich|P
41488|Grevenbroich|P
41489|Grevenbroich|P
41490|Grevenbroich|P
41494|Grevenbroich|P
41495|Grevenbroich|P
41499|Grevenbroich|P
41500|Grevenbroich|P
41501|Grevenbroich|P
41502|Grevenbroich|P
41496|Grevenbroich|P
41363|Jüchen|H
41353|Jüchen|P
41354|Jüchen|P
41356|Jüchen|P
41357|Jüchen|P
41358|Jüchen|P
41564|Kaarst|H
41561|Kaarst|G
41543|Kaarst|P
41544|Kaarst|P
41545|Kaarst|P
41546|Kaarst|P
41547|Kaarst|P
41548|Kaarst|P
41552|Kaarst|P
41553|Kaarst|P
41554|Kaarst|P
41352|Korschenbroich|H
41335|Korschenbroich|P
41336|Korschenbroich|P
41337|Korschenbroich|P
41339|Korschenbroich|P
41340|Korschenbroich|P
41342|Korschenbroich|P
41343|Korschenbroich|P
41344|Korschenbroich|P
40667|Meerbusch|H
40668|Meerbusch|N
40670|Meerbusch|N
40636|Meerbusch|P
40637|Meerbusch|P
40638|Meerbusch|P
40639|Meerbusch|P
40640|Meerbusch|P
40641|Meerbusch|P
40642|Meerbusch|P
40644|Meerbusch|P
40645|Meerbusch|P
40646|Meerbusch|P
40647|Meerbusch|P
40650|Meerbusch|P
40651|Meerbusch|P
40652|Meerbusch|P
40654|Meerbusch|P
40655|Meerbusch|P
41460|Neuss|H
41462|Neuss|N
41464|Neuss|N
41466|Neuss|N
41468|Neuss|N
41469|Neuss|N
41470|Neuss|N
41472|Neuss|N
41453|Neuss|G
41456|Neuss|G
41457|Neuss|G
41401|Neuss|P
41402|Neuss|P
41403|Neuss|P
41404|Neuss|P
41405|Neuss|P
41406|Neuss|P
41407|Neuss|P
41408|Neuss|P
41409|Neuss|P
41410|Neuss|P
41411|Neuss|P
41412|Neuss|P
41413|Neuss|P
41414|Neuss|P
41415|Neuss|P
41416|Neuss|P
41428|Neuss|P
41429|Neuss|P
41430|Neuss|P
41431|Neuss|P
41434|Neuss|P
41435|Neuss|P
41436|Neuss|P
41432|Neuss|P
41450|Neuss|G
41452|Neuss|G
41454|Neuss|G
41425|Neuss|G
41455|Neuss|G
41424|Neuss|G
41569|Rommerskirchen|H
41565|Rommerskirchen|P
41566|Rommerskirchen|P
41379|Brüggen|H
41373|Brüggen|P
41374|Brüggen|P
41376|Brüggen|P
47929|Grefrath|H
47919|Grefrath|P
47920|Grefrath|P
47906|Kempen|H
47904|Kempen|G
47878|Kempen|P
47879|Kempen|P
47880|Kempen|P
47881|Kempen|P
47882|Kempen|P
47883|Kempen|P
47884|Kempen|P
47885|Kempen|P
47886|Kempen|P
47887|Kempen|P
47893|Kempen|P
47894|Kempen|P
47896|Kempen|P
41334|Nettetal|H
41301|Nettetal|P
41302|Nettetal|P
41303|Nettetal|P
41304|Nettetal|P
41307|Nettetal|P
41308|Nettetal|P
41309|Nettetal|P
41310|Nettetal|P
41311|Nettetal|P
41312|Nettetal|P
41316|Nettetal|P
41317|Nettetal|P
41372|Niederkrüchten|H
41367|Niederkrüchten|P
41368|Niederkrüchten|P
41366|Schwalmtal|H
41364|Schwalmtal|P
47918|Tönisvorst|H
47907|Tönisvorst|P
47908|Tönisvorst|P
47909|Tönisvorst|P
47910|Tönisvorst|P
47913|Tönisvorst|P
41747|Viersen|H
41748|Viersen|N
41749|Viersen|N
41751|Viersen|N
41701|Viersen|P
41702|Viersen|P
41703|Viersen|P
41704|Viersen|P
41705|Viersen|P
41706|Viersen|P
41707|Viersen|P
41708|Viersen|P
41709|Viersen|P
41710|Viersen|P
41711|Viersen|P
41712|Viersen|P
41719|Viersen|P
41720|Viersen|P
41721|Viersen|P
41722|Viersen|P
41725|Viersen|P
41726|Viersen|P
41727|Viersen|P
41728|Viersen|P
41729|Viersen|P
41730|Viersen|P
41731|Viersen|P
41713|Viersen|P
47877|Willich|H
47859|Willich|P
47860|Willich|P
47861|Willich|P
47862|Willich|P
47863|Willich|P
47865|Willich|P
47866|Willich|P
47867|Willich|P
47875|Willich|G
47870|Willich|P
47871|Willich|P
47872|Willich|P
46519|Alpen|H
46515|Alpen|P
46516|Alpen|P
46535|Dinslaken|H
46537|Dinslaken|N
46539|Dinslaken|N
46521|Dinslaken|P
46522|Dinslaken|P
46523|Dinslaken|P
46524|Dinslaken|P
46525|Dinslaken|P
46526|Dinslaken|P
46527|Dinslaken|P
46499|Hamminkeln|H
46492|Hamminkeln|P
46493|Hamminkeln|P
46495|Hamminkeln|P
46569|Hünxe|H
46563|Hünxe|P
46564|Hünxe|P
47475|Kamp-Lintfort|H
47456|Kamp-Lintfort|P
47457|Kamp-Lintfort|P
47458|Kamp-Lintfort|P
47459|Kamp-Lintfort|P
47460|Kamp-Lintfort|P
47461|Kamp-Lintfort|P
47462|Kamp-Lintfort|P
47463|Kamp-Lintfort|P
47464|Kamp-Lintfort|P
47441|Moers|H
47443|Moers|N
47445|Moers|N
47447|Moers|N
47439|Moers|G
47401|Moers|P
47402|Moers|P
47403|Moers|P
47404|Moers|P
47405|Moers|P
47406|Moers|P
47407|Moers|P
47408|Moers|P
47409|Moers|P
47410|Moers|P
47411|Moers|P
47412|Moers|P
47413|Moers|P
47414|Moers|P
47422|Moers|P
47423|Moers|P
47426|Moers|P
47427|Moers|P
47506|Neukirchen-Vluyn|H
47504|Neukirchen-Vluyn|G
47496|Neukirchen-Vluyn|P
47497|Neukirchen-Vluyn|P
47498|Neukirchen-Vluyn|P
47500|Neukirchen-Vluyn|P
47501|Neukirchen-Vluyn|P
47495|Rheinberg|H
47493|Rheinberg|G
47476|Rheinberg|P
47477|Rheinberg|P
47478|Rheinberg|P
47479|Rheinberg|P
46514|Schermbeck|H
46510|Schermbeck|P
46511|Schermbeck|P
47665|Sonsbeck|H
47662|Sonsbeck|P
47663|Sonsbeck|P
46562|Voerde|H
46549|Voerde|P
46550|Voerde|P
46551|Voerde|P
46552|Voerde|P
46553|Voerde|P
46554|Voerde|P
46555|Voerde|P
46483|Wesel|H
46485|Wesel|N
46487|Wesel|N
46461|Wesel|P
46462|Wesel|P
46463|Wesel|P
46464|Wesel|P
46465|Wesel|P
46466|Wesel|P
46467|Wesel|P
46468|Wesel|P
46469|Wesel|P
46470|Wesel|P
46471|Wesel|P
46472|Wesel|P
46482|Wesel|G
46480|Wesel|G
46509|Xanten|H
46500|Xanten|P
46501|Xanten|P
46502|Xanten|P
52062|Aachen|H
52064|Aachen|N
52066|Aachen|N
52068|Aachen|N
52070|Aachen|N
52072|Aachen|N
52074|Aachen|N
52076|Aachen|N
52078|Aachen|N
52080|Aachen|N
52049|Aachen|G
52050|Aachen|G
52053|Aachen|G
52054|Aachen|G
52055|Aachen|G
52056|Aachen|G
52057|Aachen|G
52058|Aachen|G
52059|Aachen|G
52060|Aachen|G
52001|Aachen|P
52002|Aachen|P
52003|Aachen|P
52004|Aachen|P
52005|Aachen|P
52006|Aachen|P
52007|Aachen|P
52008|Aachen|P
52009|Aachen|P
52010|Aachen|P
52011|Aachen|P
52012|Aachen|P
52013|Aachen|P
52014|Aachen|P
52015|Aachen|P
52016|Aachen|P
52017|Aachen|P
52018|Aachen|P
52019|Aachen|P
52020|Aachen|P
52021|Aachen|P
52022|Aachen|P
52034|Aachen|P
52035|Aachen|P
52036|Aachen|P
52037|Aachen|P
52085|Aachen|P
52086|Aachen|P
52087|Aachen|P
52088|Aachen|P
52089|Aachen|P
52046|Aachen|G
52023|Aachen|P
52024|Aachen|P
52025|Aachen|P
52026|Aachen|P
52100|Aachen|G
52099|Aachen|G
52045|Aachen|G
52081|Aachen|G
52098|Aachen|G
52101|Aachen|G
52084|Aachen|G
52028|Aachen|G
53111|Bonn|H
53113|Bonn|N
53115|Bonn|N
53117|Bonn|N
53119|Bonn|N
53121|Bonn|N
53123|Bonn|N
53125|Bonn|N
53127|Bonn|N
53129|Bonn|N
53173|Bonn|N
53175|Bonn|N
53177|Bonn|N
53179|Bonn|N
53225|Bonn|N
53227|Bonn|N
53229|Bonn|N
53096|Bonn|G
53099|Bonn|G
53100|Bonn|G
53102|Bonn|G
53103|Bonn|G
53104|Bonn|G
53105|Bonn|G
53106|Bonn|G
53107|Bonn|G
53108|Bonn|G
53170|Bonn|G
53221|Bonn|G
53222|Bonn|G
53001|Bonn|P
53002|Bonn|P
53003|Bonn|P
53004|Bonn|P
53005|Bonn|P
53006|Bonn|P
53007|Bonn|P
53008|Bonn|P
53009|Bonn|P
53010|Bonn|P
53011|Bonn|P
53012|Bonn|P
53013|Bonn|P
53014|Bonn|P
53015|Bonn|P
53016|Bonn|P
53017|Bonn|P
53018|Bonn|P
53019|Bonn|P
53020|Bonn|P
53021|Bonn|P
53022|Bonn|P
53027|Bonn|P
53028|Bonn|P
53029|Bonn|P
53037|Bonn|P
53040|Bonn|P
53041|Bonn|P
53043|Bonn|P
53044|Bonn|P
53045|Bonn|P
53046|Bonn|P
53047|Bonn|P
53048|Bonn|P
53056|Bonn|P
53057|Bonn|P
53058|Bonn|P
53060|Bonn|P
53061|Bonn|P
53131|Bonn|P
53132|Bonn|P
53133|Bonn|P
53134|Bonn|P
53135|Bonn|P
53136|Bonn|P
53137|Bonn|P
53138|Bonn|P
53139|Bonn|P
53140|Bonn|P
53141|Bonn|P
53142|Bonn|P
53143|Bonn|P
53144|Bonn|P
53145|Bonn|P
53153|Bonn|P
53154|Bonn|P
53156|Bonn|P
53157|Bonn|P
53181|Bonn|P
53182|Bonn|P
53183|Bonn|P
53184|Bonn|P
53185|Bonn|P
53186|Bonn|P
53187|Bonn|P
53188|Bonn|P
53189|Bonn|P
53190|Bonn|P
53191|Bonn|P
53192|Bonn|P
53193|Bonn|P
53194|Bonn|P
53195|Bonn|P
53196|Bonn|P
53201|Bonn|P
53203|Bonn|P
53204|Bonn|P
53205|Bonn|P
53206|Bonn|P
53063|Bonn|P
53064|Bonn|P
53244|Bonn|P
53253|Bonn|G
53070|Bonn|P
53071|Bonn|P
53072|Bonn|P
53073|Bonn|P
53074|Bonn|P
53075|Bonn|P
53076|Bonn|P
53095|Bonn|G
53254|Bonn|G
53250|Bonn|G
53200|Bonn|G
53110|Bonn|G
53168|Bonn|G
53109|Bonn|G
53287|Bonn|G
53289|Bonn|G
53094|Bonn|G
53160|Bonn|G
53300|Bonn|G
53251|Bonn|G
53260|Bonn|G
53171|Bonn|G
53247|Bonn|G
53169|Bonn|G
53255|Bonn|G
53262|Bonn|G
53223|Bonn|G
53246|Bonn|G
53248|Bonn|G
53838|Bonn|G
53252|Bonn|G
53240|Bonn|G
53245|Bonn|G
53241|Bonn|G
53243|Bonn|G
53280|Bonn|G
50667|Köln|H
50668|Köln|N
50670|Köln|N
50672|Köln|N
50674|Köln|N
50676|Köln|N
50677|Köln|N
50678|Köln|N
50679|Köln|N
50733|Köln|N
50735|Köln|N
50737|Köln|N
50739|Köln|N
50765|Köln|N
50767|Köln|N
50769|Köln|N
50823|Köln|N
50825|Köln|N
50827|Köln|N
50829|Köln|N
50858|Köln|N
50859|Köln|N
50931|Köln|N
50933|Köln|N
50935|Köln|N
50937|Köln|N
50939|Köln|N
50968|Köln|N
50969|Köln|N
50996|Köln|N
50997|Köln|N
50999|Köln|N
51061|Köln|N
51063|Köln|N
51065|Köln|N
51067|Köln|N
51069|Köln|N
51103|Köln|N
51105|Köln|N
51107|Köln|N
51109|Köln|N
51143|Köln|N
51145|Köln|N
51147|Köln|N
51149|Köln|N
50570|Köln|G
50587|Köln|G
50590|Köln|G
50591|Köln|G
50592|Köln|G
50593|Köln|G
50594|Köln|G
50595|Köln|G
50600|Köln|G
50603|Köln|G
50605|Köln|G
50606|Köln|G
50607|Köln|G
50656|Köln|G
50658|Köln|G
50662|Köln|G
50663|Köln|G
50664|Köln|G
50725|Köln|G
50726|Köln|G
50727|Köln|G
50728|Köln|G
50729|Köln|G
50730|Köln|G
50819|Köln|G
50820|Köln|G
50855|Köln|G
50922|Köln|G
50923|Köln|G
50924|Köln|G
50925|Köln|G
50926|Köln|G
50927|Köln|G
50928|Köln|G
50962|Köln|G
50963|Köln|G
50964|Köln|G
50965|Köln|G
51057|Köln|G
51058|Köln|G
51101|Köln|G
51139|Köln|G
51140|Köln|G
50441|Köln|P
50442|Köln|P
50443|Köln|P
50444|Köln|P
50445|Köln|P
50446|Köln|P
50447|Köln|P
50448|Köln|P
50449|Köln|P
50450|Köln|P
50451|Köln|P
50452|Köln|P
50453|Köln|P
50454|Köln|P
50455|Köln|P
50456|Köln|P
50457|Köln|P
50458|Köln|P
50459|Köln|P
50460|Köln|P
50461|Köln|P
50462|Köln|P
50463|Köln|P
50464|Köln|P
50465|Köln|P
50466|Köln|P
50467|Köln|P
50468|Köln|P
50469|Köln|P
50470|Köln|P
50471|Köln|P
50472|Köln|P
50473|Köln|P
50474|Köln|P
50475|Köln|P
50476|Köln|P
50477|Köln|P
50478|Köln|P
50479|Köln|P
50480|Köln|P
50481|Köln|P
50495|Köln|P
50498|Köln|P
50499|Köln|P
50500|Köln|P
50501|Köln|P
50508|Köln|P
50509|Köln|P
50510|Köln|P
50511|Köln|P
50514|Köln|P
50515|Köln|P
50517|Köln|P
50518|Köln|P
50519|Köln|P
50520|Köln|P
50527|Köln|P
50528|Köln|P
50529|Köln|P
50530|Köln|P
50531|Köln|P
50532|Köln|P
50533|Köln|P
50534|Köln|P
50535|Köln|P
50681|Köln|P
50682|Köln|P
50683|Köln|P
50684|Köln|P
50685|Köln|P
50686|Köln|P
50687|Köln|P
50688|Köln|P
50689|Köln|P
50694|Köln|P
50695|Köln|P
50696|Köln|P
50704|Köln|P
50705|Köln|P
50706|Köln|P
50753|Köln|P
50754|Köln|P
50756|Köln|P
50771|Köln|P
50772|Köln|P
50773|Köln|P
50774|Köln|P
50775|Köln|P
50776|Köln|P
50777|Köln|P
50778|Köln|P
50779|Köln|P
50780|Köln|P
50781|Köln|P
50782|Köln|P
50783|Köln|P
50784|Köln|P
50792|Köln|P
50793|Köln|P
50795|Köln|P
50796|Köln|P
50797|Köln|P
50798|Köln|P
50831|Köln|P
50832|Köln|P
50833|Köln|P
50834|Köln|P
50835|Köln|P
50836|Köln|P
50840|Köln|P
50841|Köln|P
50861|Köln|P
50862|Köln|P
50863|Köln|P
50864|Köln|P
50865|Köln|P
50866|Köln|P
50867|Köln|P
50868|Köln|P
50869|Köln|P
50870|Köln|P
50876|Köln|P
50877|Köln|P
50878|Köln|P
50879|Köln|P
50880|Köln|P
50881|Köln|P
50882|Köln|P
50883|Köln|P
50884|Köln|P
50885|Köln|P
50886|Köln|P
50887|Köln|P
50888|Köln|P
50895|Köln|P
50896|Köln|P
50897|Köln|P
50898|Köln|P
50899|Köln|P
50900|Köln|P
50941|Köln|P
50942|Köln|P
50943|Köln|P
50944|Köln|P
50945|Köln|P
50946|Köln|P
50971|Köln|P
50972|Köln|P
50973|Köln|P
50974|Köln|P
50975|Köln|P
50976|Köln|P
50977|Köln|P
50978|Köln|P
50979|Köln|P
50980|Köln|P
50981|Köln|P
50982|Köln|P
51001|Köln|P
51002|Köln|P
51003|Köln|P
51004|Köln|P
51005|Köln|P
51006|Köln|P
51007|Köln|P
51008|Köln|P
51009|Köln|P
51010|Köln|P
51011|Köln|P
51022|Köln|P
51023|Köln|P
51024|Köln|P
51026|Köln|P
51027|Köln|P
51028|Köln|P
51029|Köln|P
51030|Köln|P
51033|Köln|P
51071|Köln|P
51072|Köln|P
51073|Köln|P
51074|Köln|P
51075|Köln|P
51076|Köln|P
51077|Köln|P
51078|Köln|P
51086|Köln|P
51087|Köln|P
51089|Köln|P
51090|Köln|P
51111|Köln|P
51112|Köln|P
51113|Köln|P
51114|Köln|P
51115|Köln|P
51116|Köln|P
51117|Köln|P
51118|Köln|P
51123|Köln|P
51124|Köln|P
51126|Köln|P
51127|Köln|P
51129|Köln|P
51130|Köln|P
50586|Köln|G
50757|Köln|P
51151|Köln|P
51170|Köln|G
50401|Köln|P
50402|Köln|P
50403|Köln|P
50419|Köln|G
51169|Köln|G
51152|Köln|P
51153|Köln|P
51154|Köln|P
50415|Köln|G
50418|Köln|G
50420|Köln|G
50724|Köln|G
50496|Köln|P
50497|Köln|P
51171|Köln|G
51172|Köln|G
51173|Köln|G
50986|Köln|P
50987|Köln|P
51174|Köln|G
51222|Köln|G
51175|Köln|G
50947|Köln|P
50966|Köln|G
51155|Köln|P
51467|Köln|N
50417|Köln|G
50760|Köln|G
50400|Köln|G
50512|Köln|P
50513|Köln|P
51400|Köln|G
50413|Köln|G
51177|Köln|G
50585|Köln|G
50414|Köln|G
50583|Köln|G
50589|Köln|G
50421|Köln|G
50422|Köln|G
50582|Köln|G
50588|Köln|G
51178|Köln|G
51180|Köln|G
50919|Köln|G
50579|Köln|G
50580|Köln|G
50581|Köln|G
50577|Köln|G
50602|Köln|G
50604|Köln|G
51059|Köln|G
50416|Köln|G
50576|Köln|G
51141|Köln|G
50425|Köln|G
50574|Köln|G
50575|Köln|G
50961|Köln|G
50818|Köln|G
50569|Köln|G
51181|Köln|G
50960|Köln|G
50423|Köln|G
50424|Köln|G
50426|Köln|G
50412|Köln|G
51221|Köln|G
50411|Köln|G
50601|Köln|G
51194|Köln|G
50427|Köln|G
50951|Köln|P
50950|Köln|P
51082|Köln|G
50428|Köln|G
50399|Köln|G
50598|Köln|G
50661|Köln|G
50521|Köln|P
51191|Köln|G
51371|Leverkusen|H
51373|Leverkusen|N
51375|Leverkusen|N
51377|Leverkusen|N
51379|Leverkusen|N
51381|Leverkusen|N
51367|Leverkusen|G
51368|Leverkusen|G
51301|Leverkusen|P
51302|Leverkusen|P
51303|Leverkusen|P
51304|Leverkusen|P
51305|Leverkusen|P
51306|Leverkusen|P
51307|Leverkusen|P
51308|Leverkusen|P
51309|Leverkusen|P
51310|Leverkusen|P
51311|Leverkusen|P
51312|Leverkusen|P
51313|Leverkusen|P
51314|Leverkusen|P
51322|Leverkusen|P
51323|Leverkusen|P
51324|Leverkusen|P
51326|Leverkusen|P
51327|Leverkusen|P
51330|Leverkusen|P
51331|Leverkusen|P
51332|Leverkusen|P
51333|Leverkusen|P
51334|Leverkusen|P
51335|Leverkusen|P
51336|Leverkusen|P
51337|Leverkusen|P
51338|Leverkusen|P
51343|Leverkusen|P
51344|Leverkusen|P
51346|Leverkusen|P
51347|Leverkusen|P
51349|Leverkusen|P
51321|Leverkusen|P
51369|Leverkusen|G
51366|Leverkusen|G
51370|Leverkusen|G
51365|Leverkusen|G
51355|Leverkusen|G
52090|Aachen|G
52047|Aachen|G
52048|Aachen|G
52097|Aachen|G
52051|Aachen|G
52091|Aachen|G
52477|Alsdorf|H
52475|Alsdorf|G
52461|Alsdorf|P
52462|Alsdorf|P
52463|Alsdorf|P
52464|Alsdorf|P
52468|Alsdorf|P
52469|Alsdorf|P
52499|Baesweiler|H
52490|Baesweiler|P
52491|Baesweiler|P
52492|Baesweiler|P
52493|Baesweiler|P
52249|Eschweiler|H
52231|Eschweiler|P
52232|Eschweiler|P
52233|Eschweiler|P
52234|Eschweiler|P
52235|Eschweiler|P
52238|Eschweiler|P
52239|Eschweiler|P
52240|Eschweiler|P
52241|Eschweiler|P
52134|Herzogenrath|H
52111|Herzogenrath|P
52112|Herzogenrath|P
52113|Herzogenrath|P
52114|Herzogenrath|P
52118|Herzogenrath|P
52119|Herzogenrath|P
52120|Herzogenrath|P
52121|Herzogenrath|P
52125|Herzogenrath|P
52126|Herzogenrath|P
52115|Herzogenrath|G
52156|Monschau|H
52159|Roetgen|H
52157|Roetgen|P
52152|Simmerath|H
52147|Simmerath|P
52148|Simmerath|P
52222|Stolberg|H
52223|Stolberg|N
52224|Stolberg|N
52220|Stolberg|G
52210|Stolberg|P
52211|Stolberg|P
52146|Würselen|H
52135|Würselen|P
52136|Würselen|P
52137|Würselen|P
52138|Würselen|P
52139|Würselen|P
52457|Aldenhoven|H
52446|Aldenhoven|P
52447|Aldenhoven|P
52448|Aldenhoven|P
52449|Aldenhoven|P
52349|Düren|H
52351|Düren|N
52353|Düren|N
52355|Düren|N
52348|Düren|G
52301|Düren|P
52302|Düren|P
52303|Düren|P
52304|Düren|P
52305|Düren|P
52306|Düren|P
52307|Düren|P
52308|Düren|P
52309|Düren|P
52310|Düren|P
52311|Düren|P
52312|Düren|P
52313|Düren|P
52314|Düren|P
52315|Düren|P
52316|Düren|P
52317|Düren|P
52318|Düren|P
52319|Düren|P
52320|Düren|P
52321|Düren|P
52322|Düren|P
52330|Düren|P
52332|Düren|P
52323|Düren|P
52324|Düren|P
52325|Düren|P
52329|Düren|P
52396|Heimbach|H
52393|Hürtgenwald|H
52459|Inden|H
52458|Inden|P
52428|Jülich|H
52425|Jülich|G
52401|Jülich|P
52402|Jülich|P
52403|Jülich|P
52404|Jülich|P
52405|Jülich|P
52406|Jülich|P
52407|Jülich|P
52408|Jülich|P
52409|Jülich|P
52410|Jülich|P
52411|Jülich|P
52412|Jülich|P
52426|Jülich|G
52413|Jülich|P
52372|Kreuzau|H
52368|Kreuzau|P
52369|Kreuzau|P
52370|Kreuzau|P
52379|Langerwehe|H
52373|Langerwehe|P
52374|Langerwehe|P
52375|Langerwehe|P
52441|Linnich|H
52437|Linnich|P
52438|Linnich|P
52399|Merzenich|H
52397|Merzenich|P
52385|Nideggen|H
52382|Niederzier|H
52388|Nörvenich|H
52386|Nörvenich|P
52445|Titz|H
52391|Vettweiß|H
50181|Bedburg|H
50172|Bedburg|P
50173|Bedburg|P
50174|Bedburg|P
50175|Bedburg|P
50176|Bedburg|P
50126|Bergheim|H
50127|Bergheim|N
50129|Bergheim|N
50101|Bergheim|P
50102|Bergheim|P
50103|Bergheim|P
50104|Bergheim|P
50105|Bergheim|P
50106|Bergheim|P
50110|Bergheim|P
50111|Bergheim|P
50112|Bergheim|P
50113|Bergheim|P
50116|Bergheim|P
50107|Bergheim|P
50321|Brühl|H
50319|Brühl|G
50301|Brühl|P
50302|Brühl|P
50303|Brühl|P
50304|Brühl|P
50305|Brühl|P
50306|Brühl|P
50307|Brühl|P
50308|Brühl|P
50309|Brühl|P
50318|Brühl|G
50189|Elsdorf|H
50182|Elsdorf|P
50183|Elsdorf|P
50184|Elsdorf|P
50185|Elsdorf|P
50123|Elsdorf|G
50124|Elsdorf|G
50374|Erftstadt|H
50355|Erftstadt|P
50356|Erftstadt|P
50357|Erftstadt|P
50358|Erftstadt|P
50359|Erftstadt|P
50362|Erftstadt|P
50363|Erftstadt|P
50364|Erftstadt|P
50360|Erftstadt|P
50226|Frechen|H
50201|Frechen|P
50202|Frechen|P
50203|Frechen|P
50204|Frechen|P
50205|Frechen|P
50206|Frechen|P
50207|Frechen|P
50208|Frechen|P
50209|Frechen|P
50210|Frechen|P
50216|Frechen|P
50217|Frechen|P
50404|Frechen|P
50405|Frechen|P
50354|Hürth|H
50351|Hürth|G
50328|Hürth|P
50329|Hürth|P
50330|Hürth|P
50331|Hürth|P
50332|Hürth|P
50333|Hürth|P
50337|Hürth|P
50338|Hürth|P
50342|Hürth|P
50344|Hürth|P
50345|Hürth|P
50169|Kerpen|H
50170|Kerpen|N
50171|Kerpen|N
50140|Kerpen|P
50141|Kerpen|P
50142|Kerpen|P
50143|Kerpen|P
50146|Kerpen|P
50147|Kerpen|P
50148|Kerpen|P
50155|Kerpen|P
50156|Kerpen|P
50157|Kerpen|P
50149|Kerpen|P
50259|Pulheim|H
50239|Pulheim|P
50240|Pulheim|P
50241|Pulheim|P
50242|Pulheim|P
50250|Pulheim|P
50389|Wesseling|H
50387|Wesseling|G
50375|Wesseling|P
50376|Wesseling|P
50377|Wesseling|P
50378|Wesseling|P
50379|Wesseling|P
50380|Wesseling|P
53902|Bad Münstereifel|H
53895|Bad Münstereifel|P
53896|Bad Münstereifel|P
53897|Bad Münstereifel|P
53945|Blankenheim|H
53941|Blankenheim|P
53942|Blankenheim|P
53949|Dahlem|H
53879|Euskirchen|H
53881|Euskirchen|N
53877|Euskirchen|G
53861|Euskirchen|P
53862|Euskirchen|P
53863|Euskirchen|P
53864|Euskirchen|P
53865|Euskirchen|P
53866|Euskirchen|P
53871|Euskirchen|P
53874|Euskirchen|P
53875|Euskirchen|P
53878|Euskirchen|G
53940|Hellenthal|H
53938|Hellenthal|P
53925|Kall|H
53894|Mechernich|H
53886|Mechernich|P
53887|Mechernich|P
53888|Mechernich|P
53889|Mechernich|P
53885|Mechernich|G
53884|Mechernich|G
53947|Nettersheim|H
53946|Nettersheim|P
53937|Schleiden|H
53932|Schleiden|P
53933|Schleiden|P
53919|Weilerswist|H
53914|Weilerswist|P
53915|Weilerswist|P
53916|Weilerswist|P
53909|Zülpich|H
53903|Zülpich|P
53904|Zülpich|P
53905|Zülpich|P
41812|Erkelenz|H
41801|Erkelenz|P
41802|Erkelenz|P
41803|Erkelenz|P
41804|Erkelenz|P
41805|Erkelenz|P
41806|Erkelenz|P
52538|Gangelt|H
52532|Gangelt|P
52533|Gangelt|P
52535|Gangelt|G
52537|Gangelt|G
52511|Geilenkirchen|H
52509|Geilenkirchen|G
52501|Geilenkirchen|P
52502|Geilenkirchen|P
52503|Geilenkirchen|P
52504|Geilenkirchen|P
52525|Heinsberg|H
52523|Heinsberg|G
52515|Heinsberg|P
52516|Heinsberg|P
52517|Heinsberg|P
52518|Heinsberg|P
52519|Heinsberg|P
52520|Heinsberg|P
41836|Hückelhoven|H
41823|Hückelhoven|P
41824|Hückelhoven|P
41825|Hückelhoven|P
41828|Hückelhoven|P
41829|Hückelhoven|P
41833|Hückelhoven|G
52538|Selfkant|H
52539|Selfkant|P
52531|Übach-Palenberg|H
52526|Übach-Palenberg|P
52527|Übach-Palenberg|P
52525|Waldfeucht|H
41849|Wassenberg|H
41844|Wegberg|H
41837|Wegberg|P
41838|Wegberg|P
41839|Wegberg|P
41840|Wegberg|P
51702|Bergneustadt|H
51689|Bergneustadt|P
51690|Bergneustadt|P
51691|Bergneustadt|P
51692|Bergneustadt|P
51693|Bergneustadt|P
51694|Bergneustadt|P
51700|Bergneustadt|G
51766|Engelskirchen|H
51751|Engelskirchen|P
51752|Engelskirchen|P
51753|Engelskirchen|P
51754|Engelskirchen|P
51758|Engelskirchen|P
51759|Engelskirchen|P
51777|Engelskirchen|G
51643|Gummersbach|H
51645|Gummersbach|N
51647|Gummersbach|N
51641|Gummersbach|G
51601|Gummersbach|P
51602|Gummersbach|P
51603|Gummersbach|P
51604|Gummersbach|P
51605|Gummersbach|P
51606|Gummersbach|P
51607|Gummersbach|P
51608|Gummersbach|P
51609|Gummersbach|P
51616|Gummersbach|P
51617|Gummersbach|P
51618|Gummersbach|P
51619|Gummersbach|P
51623|Gummersbach|P
51627|Gummersbach|P
51628|Gummersbach|P
51629|Gummersbach|P
42499|Hückeswagen|H
42490|Hückeswagen|P
42491|Hückeswagen|P
42492|Hückeswagen|P
42493|Hückeswagen|P
51789|Lindlar|H
51779|Lindlar|P
51780|Lindlar|P
51781|Lindlar|P
51784|Lindlar|P
51709|Marienheide|H
51597|Morsbach|H
51589|Morsbach|P
51590|Morsbach|P
51591|Morsbach|P
51592|Morsbach|P
51588|Nümbrecht|H
51581|Nümbrecht|P
51582|Nümbrecht|P
51583|Nümbrecht|P
42477|Radevormwald|H
42460|Radevormwald|P
42461|Radevormwald|P
42462|Radevormwald|P
42463|Radevormwald|P
42464|Radevormwald|P
42465|Radevormwald|P
42471|Radevormwald|P
51580|Reichshof|H
51573|Reichshof|P
51574|Reichshof|P
51578|Reichshof|G
51545|Waldbröl|H
51531|Waldbröl|P
51532|Waldbröl|P
51533|Waldbröl|P
51534|Waldbröl|P
51535|Waldbröl|P
51536|Waldbröl|P
51537|Waldbröl|P
51538|Waldbröl|P
51674|Wiehl|H
51655|Wiehl|P
51656|Wiehl|P
51657|Wiehl|P
51658|Wiehl|P
51662|Wiehl|P
51663|Wiehl|P
51665|Wiehl|P
51666|Wiehl|P
51688|Wipperfürth|H
51675|Wipperfürth|P
51676|Wipperfürth|P
51677|Wipperfürth|P
51678|Wipperfürth|P
51679|Wipperfürth|P
51427|Bergisch Gladbach|H
51429|Bergisch Gladbach|N
51465|Bergisch Gladbach|N
51467|Bergisch Gladbach|N
51469|Bergisch Gladbach|N
51425|Bergisch Gladbach|G
51462|Bergisch Gladbach|G
51401|Bergisch Gladbach|P
51402|Bergisch Gladbach|P
51403|Bergisch Gladbach|P
51404|Bergisch Gladbach|P
51405|Bergisch Gladbach|P
51406|Bergisch Gladbach|P
51407|Bergisch Gladbach|P
51411|Bergisch Gladbach|P
51412|Bergisch Gladbach|P
51413|Bergisch Gladbach|P
51414|Bergisch Gladbach|P
51415|Bergisch Gladbach|P
51431|Bergisch Gladbach|P
51432|Bergisch Gladbach|P
51433|Bergisch Gladbach|P
51434|Bergisch Gladbach|P
51435|Bergisch Gladbach|P
51436|Bergisch Gladbach|P
51437|Bergisch Gladbach|P
51438|Bergisch Gladbach|P
51439|Bergisch Gladbach|P
51440|Bergisch Gladbach|P
51441|Bergisch Gladbach|P
51442|Bergisch Gladbach|P
51448|Bergisch Gladbach|P
51449|Bergisch Gladbach|P
51424|Bergisch Gladbach|G
51463|Bergisch Gladbach|G
51399|Burscheid|H
51387|Burscheid|P
51388|Burscheid|P
51389|Burscheid|P
51390|Burscheid|P
51393|Burscheid|P
51394|Burscheid|P
51515|Kürten|H
51504|Kürten|P
51505|Kürten|P
51506|Kürten|P
51507|Kürten|P
51508|Kürten|P
51509|Kürten|P
42799|Leichlingen|H
42782|Leichlingen|P
42783|Leichlingen|P
42784|Leichlingen|P
42785|Leichlingen|P
42786|Leichlingen|P
42787|Leichlingen|P
42791|Leichlingen|P
51519|Odenthal|H
51516|Odenthal|P
51517|Odenthal|P
51491|Overath|H
51481|Overath|P
51482|Overath|P
51483|Overath|P
51484|Overath|P
51489|Overath|G
51503|Rösrath|H
51492|Rösrath|P
51493|Rösrath|P
51494|Rösrath|P
51495|Rösrath|P
51496|Rösrath|P
51497|Rösrath|P
51498|Rösrath|P
51499|Rösrath|P
42929|Wermelskirchen|H
42926|Wermelskirchen|G
42904|Wermelskirchen|P
42905|Wermelskirchen|P
42906|Wermelskirchen|P
42907|Wermelskirchen|P
42908|Wermelskirchen|P
42909|Wermelskirchen|P
42913|Wermelskirchen|P
42914|Wermelskirchen|P
42918|Wermelskirchen|P
53347|Alfter|H
53344|Alfter|P
53604|Bad Honnef|H
53602|Bad Honnef|G
53581|Bad Honnef|P
53582|Bad Honnef|P
53583|Bad Honnef|P
53584|Bad Honnef|P
53585|Bad Honnef|P
53586|Bad Honnef|P
53587|Bad Honnef|P
53588|Bad Honnef|P
53593|Bad Honnef|P
53594|Bad Honnef|P
53595|Bad Honnef|P
53332|Bornheim|H
53330|Bornheim|G
53308|Bornheim|P
53309|Bornheim|P
53310|Bornheim|P
53314|Bornheim|P
53315|Bornheim|P
53316|Bornheim|P
53319|Bornheim|P
53320|Bornheim|P
53322|Bornheim|P
53323|Bornheim|P
53783|Eitorf|H
53774|Eitorf|P
53775|Eitorf|P
53776|Eitorf|P
53777|Eitorf|P
53773|Hennef|H
53758|Hennef|P
53759|Hennef|P
53760|Hennef|P
53761|Hennef|P
53762|Hennef|P
53763|Hennef|P
53767|Hennef|P
53639|Königswinter|H
53637|Königswinter|G
53621|Königswinter|P
53622|Königswinter|P
53626|Königswinter|P
53627|Königswinter|P
53628|Königswinter|P
53640|Königswinter|G
53797|Lohmar|H
53784|Lohmar|P
53785|Lohmar|P
53786|Lohmar|P
53787|Lohmar|P
53340|Meckenheim|H
53338|Meckenheim|G
53333|Meckenheim|P
53334|Meckenheim|P
53335|Meckenheim|P
53804|Much|H
53798|Much|P
53799|Much|P
53800|Much|P
53819|Neunkirchen-Seelscheid|H
53810|Neunkirchen-Seelscheid|P
53811|Neunkirchen-Seelscheid|P
53813|Neunkirchen-Seelscheid|P
53814|Neunkirchen-Seelscheid|P
53859|Niederkassel|H
53852|Niederkassel|P
53853|Niederkassel|P
53359|Rheinbach|H
53357|Rheinbach|G
53348|Rheinbach|P
53349|Rheinbach|P
53350|Rheinbach|P
53351|Rheinbach|P
53809|Ruppichteroth|H
53805|Ruppichteroth|P
53806|Ruppichteroth|P
53757|Sankt Augustin|H
53754|Sankt Augustin|G
53729|Sankt Augustin|P
53730|Sankt Augustin|P
53731|Sankt Augustin|P
53732|Sankt Augustin|P
53733|Sankt Augustin|P
53734|Sankt Augustin|P
53735|Sankt Augustin|P
53739|Sankt Augustin|P
53740|Sankt Augustin|P
53741|Sankt Augustin|P
53743|Sankt Augustin|P
53744|Sankt Augustin|P
53721|Siegburg|H
53718|Siegburg|G
53719|Siegburg|G
53701|Siegburg|P
53702|Siegburg|P
53703|Siegburg|P
53704|Siegburg|P
53705|Siegburg|P
53706|Siegburg|P
53707|Siegburg|P
53708|Siegburg|P
53709|Siegburg|P
53710|Siegburg|P
53717|Siegburg|G
53913|Swisttal|H
53910|Swisttal|P
53911|Swisttal|P
53840|Troisdorf|H
53842|Troisdorf|N
53844|Troisdorf|N
53839|Troisdorf|G
53821|Troisdorf|P
53822|Troisdorf|P
53823|Troisdorf|P
53824|Troisdorf|P
53825|Troisdorf|P
53826|Troisdorf|P
53827|Troisdorf|P
53828|Troisdorf|P
53831|Troisdorf|P
53832|Troisdorf|P
53829|Troisdorf|P
53249|Troisdorf|G
53284|Troisdorf|G
53343|Wachtberg|H
51570|Windeck|H
51556|Windeck|P
51557|Windeck|P
51561|Windeck|P
46236|Bottrop|H
46238|Bottrop|N
46240|Bottrop|N
46242|Bottrop|N
46244|Bottrop|N
46201|Bottrop|P
46202|Bottrop|P
46203|Bottrop|P
46204|Bottrop|P
46205|Bottrop|P
46206|Bottrop|P
46207|Bottrop|P
46208|Bottrop|P
46209|Bottrop|P
46210|Bottrop|P
46211|Bottrop|P
46212|Bottrop|P
46213|Bottrop|P
46214|Bottrop|P
46215|Bottrop|P
46216|Bottrop|P
46217|Bottrop|P
46223|Bottrop|P
46224|Bottrop|P
46225|Bottrop|P
45879|Gelsenkirchen|H
45881|Gelsenkirchen|N
45883|Gelsenkirchen|N
45884|Gelsenkirchen|N
45886|Gelsenkirchen|N
45888|Gelsenkirchen|N
45889|Gelsenkirchen|N
45891|Gelsenkirchen|N
45892|Gelsenkirchen|N
45894|Gelsenkirchen|N
45896|Gelsenkirchen|N
45897|Gelsenkirchen|N
45897|Gelsenkirchen|N
45899|Gelsenkirchen|N
45899|Gelsenkirchen|N
45801|Gelsenkirchen|G
45875|Gelsenkirchen|G
45876|Gelsenkirchen|G
45877|Gelsenkirchen|G
45802|Gelsenkirchen|P
45803|Gelsenkirchen|P
45804|Gelsenkirchen|P
45805|Gelsenkirchen|P
45806|Gelsenkirchen|P
45807|Gelsenkirchen|P
45808|Gelsenkirchen|P
45809|Gelsenkirchen|P
45810|Gelsenkirchen|P
45811|Gelsenkirchen|P
45812|Gelsenkirchen|P
45813|Gelsenkirchen|P
45814|Gelsenkirchen|P
45815|Gelsenkirchen|P
45816|Gelsenkirchen|P
45817|Gelsenkirchen|P
45818|Gelsenkirchen|P
45819|Gelsenkirchen|P
45820|Gelsenkirchen|P
45821|Gelsenkirchen|P
45822|Gelsenkirchen|P
45823|Gelsenkirchen|P
45824|Gelsenkirchen|P
45825|Gelsenkirchen|P
45826|Gelsenkirchen|P
45827|Gelsenkirchen|P
45828|Gelsenkirchen|P
45829|Gelsenkirchen|P
45830|Gelsenkirchen|P
45836|Gelsenkirchen|P
45837|Gelsenkirchen|P
45838|Gelsenkirchen|P
45839|Gelsenkirchen|P
45840|Gelsenkirchen|P
45841|Gelsenkirchen|P
45842|Gelsenkirchen|P
45843|Gelsenkirchen|P
45844|Gelsenkirchen|P
45845|Gelsenkirchen|P
45852|Gelsenkirchen|P
45853|Gelsenkirchen|P
45854|Gelsenkirchen|P
45862|Gelsenkirchen|P
45863|Gelsenkirchen|P
45835|Gelsenkirchen|G
45833|Gelsenkirchen|G
45873|Gelsenkirchen|G
48143|Münster|H
48145|Münster|N
48147|Münster|N
48149|Münster|N
48151|Münster|N
48153|Münster|N
48155|Münster|N
48157|Münster|N
48159|Münster|N
48161|Münster|N
48163|Münster|N
48165|Münster|N
48167|Münster|N
48124|Münster|G
48125|Münster|G
48126|Münster|G
48127|Münster|G
48128|Münster|G
48129|Münster|G
48130|Münster|G
48131|Münster|G
48133|Münster|G
48134|Münster|G
48135|Münster|G
48136|Münster|G
48001|Münster|P
48002|Münster|P
48003|Münster|P
48004|Münster|P
48005|Münster|P
48006|Münster|P
48007|Münster|P
48008|Münster|P
48009|Münster|P
48010|Münster|P
48011|Münster|P
48012|Münster|P
48013|Münster|P
48014|Münster|P
48015|Münster|P
48016|Münster|P
48017|Münster|P
48018|Münster|P
48019|Münster|P
48020|Münster|P
48021|Münster|P
48022|Münster|P
48023|Münster|P
48024|Münster|P
48025|Münster|P
48026|Münster|P
48027|Münster|P
48028|Münster|P
48029|Münster|P
48030|Münster|P
48031|Münster|P
48032|Münster|P
48033|Münster|P
48034|Münster|P
48035|Münster|P
48036|Münster|P
48037|Münster|P
48038|Münster|P
48039|Münster|P
48040|Münster|P
48041|Münster|P
48042|Münster|P
48043|Münster|P
48044|Münster|P
48045|Münster|P
48046|Münster|P
48047|Münster|P
48068|Münster|P
48072|Münster|P
48073|Münster|P
48078|Münster|P
48079|Münster|P
48080|Münster|P
48081|Münster|P
48082|Münster|P
48087|Münster|P
48084|Münster|G
48119|Münster|G
48092|Münster|P
48093|Münster|P
48094|Münster|P
48095|Münster|P
48096|Münster|P
48097|Münster|P
48098|Münster|P
48099|Münster|P
48100|Münster|P
48101|Münster|P
48102|Münster|P
48103|Münster|P
48200|Münster|G
48123|Münster|G
48122|Münster|G
48121|Münster|G
48137|Münster|G
48138|Münster|G
48141|Münster|G
48112|Münster|G
48139|Münster|G
48171|Münster|G
48108|Münster|G
48120|Münster|G
48683|Ahaus|H
48681|Ahaus|G
48661|Ahaus|P
48662|Ahaus|P
48663|Ahaus|P
48664|Ahaus|P
48665|Ahaus|P
48666|Ahaus|P
48669|Ahaus|P
48670|Ahaus|P
48674|Ahaus|P
48676|Ahaus|P
46395|Bocholt|H
46397|Bocholt|N
46399|Bocholt|N
46393|Bocholt|G
46366|Bocholt|P
46325|Borken|H
46322|Borken|G
46302|Borken|P
46308|Borken|P
48712|Gescher|H
48704|Gescher|P
48705|Gescher|P
48706|Gescher|P
48707|Gescher|P
48599|Gronau|H
48596|Gronau|G
48572|Gronau|P
48573|Gronau|P
48574|Gronau|P
48575|Gronau|P
48576|Gronau|P
48577|Gronau|P
48578|Gronau|P
48579|Gronau|P
48580|Gronau|P
48581|Gronau|P
48585|Gronau|P
48586|Gronau|P
48587|Gronau|P
48619|Heek|H
48613|Heek|P
48614|Heek|P
46359|Heiden|H
46355|Heiden|P
46356|Heiden|P
46419|Isselburg|H
48739|Legden|H
48735|Legden|P
48736|Legden|P
46348|Raesfeld|H
46343|Raesfeld|P
46344|Raesfeld|P
48734|Reken|H
48732|Reken|P
46414|Rhede|H
46406|Rhede|P
46407|Rhede|P
48624|Schöppingen|H
48703|Stadtlohn|H
48702|Stadtlohn|G
48692|Stadtlohn|P
48693|Stadtlohn|P
48694|Stadtlohn|P
48695|Stadtlohn|P
48696|Stadtlohn|P
46354|Südlohn|H
46350|Südlohn|P
46342|Velen|H
46334|Velen|P
46337|Velen|P
46338|Velen|P
48691|Vreden|H
48684|Vreden|P
48685|Vreden|P
48686|Vreden|P
59387|Ascheberg|H
59380|Ascheberg|P
59381|Ascheberg|P
59385|Ascheberg|G
48727|Billerbeck|H
48721|Billerbeck|P
48722|Billerbeck|P
48723|Billerbeck|P
48653|Coesfeld|H
48651|Coesfeld|G
48631|Coesfeld|P
48632|Coesfeld|P
48633|Coesfeld|P
48634|Coesfeld|P
48635|Coesfeld|P
48636|Coesfeld|P
48637|Coesfeld|P
48638|Coesfeld|P
48639|Coesfeld|P
48644|Coesfeld|P
48645|Coesfeld|P
48649|Coesfeld|G
48249|Dülmen|H
48232|Dülmen|P
48233|Dülmen|P
48234|Dülmen|P
48235|Dülmen|P
48236|Dülmen|P
48237|Dülmen|P
48329|Havixbeck|H
48325|Havixbeck|P
48326|Havixbeck|P
59348|Lüdinghausen|H
59331|Lüdinghausen|P
59332|Lüdinghausen|P
59333|Lüdinghausen|P
59334|Lüdinghausen|P
59335|Lüdinghausen|P
59336|Lüdinghausen|P
59394|Nordkirchen|H
48301|Nottuln|H
48292|Nottuln|P
48293|Nottuln|P
48294|Nottuln|P
48295|Nottuln|P
48296|Nottuln|P
59399|Olfen|H
59395|Olfen|P
59396|Olfen|P
48720|Rosendahl|H
48713|Rosendahl|P
48714|Rosendahl|P
48716|Rosendahl|P
48308|Senden|H
48302|Senden|P
48303|Senden|P
44575|Castrop-Rauxel|H
44577|Castrop-Rauxel|N
44579|Castrop-Rauxel|N
44581|Castrop-Rauxel|N
44573|Castrop-Rauxel|G
44541|Castrop-Rauxel|P
44542|Castrop-Rauxel|P
44543|Castrop-Rauxel|P
44544|Castrop-Rauxel|P
44545|Castrop-Rauxel|P
44546|Castrop-Rauxel|P
44547|Castrop-Rauxel|P
44548|Castrop-Rauxel|P
44549|Castrop-Rauxel|P
44550|Castrop-Rauxel|P
44551|Castrop-Rauxel|P
44560|Castrop-Rauxel|P
44561|Castrop-Rauxel|P
44563|Castrop-Rauxel|P
45711|Datteln|H
45702|Datteln|P
45703|Datteln|P
45704|Datteln|P
45705|Datteln|P
46282|Dorsten|H
46284|Dorsten|N
46286|Dorsten|N
46251|Dorsten|P
46252|Dorsten|P
46253|Dorsten|P
46254|Dorsten|P
46255|Dorsten|P
46256|Dorsten|P
46257|Dorsten|P
46266|Dorsten|P
46268|Dorsten|P
46269|Dorsten|P
46270|Dorsten|P
45964|Gladbeck|H
45966|Gladbeck|N
45968|Gladbeck|N
45951|Gladbeck|P
45952|Gladbeck|P
45953|Gladbeck|P
45954|Gladbeck|P
45955|Gladbeck|P
45956|Gladbeck|P
45957|Gladbeck|P
45721|Haltern am See|H
45712|Haltern am See|P
45713|Haltern am See|P
45714|Haltern am See|P
45715|Haltern am See|P
45717|Haltern am See|P
45718|Haltern am See|P
45699|Herten|H
45701|Herten|N
45697|Herten|G
45669|Herten|P
45670|Herten|P
45671|Herten|P
45672|Herten|P
45673|Herten|P
45674|Herten|P
45675|Herten|P
45676|Herten|P
45677|Herten|P
45678|Herten|P
45679|Herten|P
45768|Marl|H
45770|Marl|N
45772|Marl|N
45764|Marl|G
45765|Marl|G
45741|Marl|P
45742|Marl|P
45743|Marl|P
45744|Marl|P
45745|Marl|P
45746|Marl|P
45747|Marl|P
45748|Marl|P
45749|Marl|P
45750|Marl|P
45751|Marl|P
45752|Marl|P
45753|Marl|P
45757|Marl|P
45760|Marl|P
45739|Oer-Erkenschwick|H
45732|Oer-Erkenschwick|P
45733|Oer-Erkenschwick|P
45734|Oer-Erkenschwick|P
45657|Recklinghausen|H
45659|Recklinghausen|N
45661|Recklinghausen|N
45663|Recklinghausen|N
45665|Recklinghausen|N
45655|Recklinghausen|G
45601|Recklinghausen|P
45602|Recklinghausen|P
45603|Recklinghausen|P
45604|Recklinghausen|P
45605|Recklinghausen|P
45606|Recklinghausen|P
45607|Recklinghausen|P
45608|Recklinghausen|P
45609|Recklinghausen|P
45610|Recklinghausen|P
45611|Recklinghausen|P
45612|Recklinghausen|P
45613|Recklinghausen|P
45614|Recklinghausen|P
45615|Recklinghausen|P
45616|Recklinghausen|P
45617|Recklinghausen|P
45618|Recklinghausen|P
45619|Recklinghausen|P
45620|Recklinghausen|P
45631|Recklinghausen|P
45632|Recklinghausen|P
45633|Recklinghausen|P
45634|Recklinghausen|P
45635|Recklinghausen|P
45636|Recklinghausen|P
45640|Recklinghausen|P
45630|Recklinghausen|G
45731|Waltrop|H
45722|Waltrop|P
45723|Waltrop|P
45724|Waltrop|P
45725|Waltrop|P
45729|Waltrop|G
48341|Altenberge|H
48282|Emsdetten|H
48268|Greven|H
48250|Greven|P
48251|Greven|P
48252|Greven|P
48253|Greven|P
48254|Greven|P
48255|Greven|P
48256|Greven|P
48257|Greven|P
48263|Greven|P
48172|Greven|G
48140|Greven|G
48266|Greven|G
48269|Greven|P
48270|Greven|P
48271|Greven|P
48272|Greven|P
48273|Greven|P
48477|Hörstel|H
48466|Hörstel|P
48467|Hörstel|P
48469|Hörstel|P
48496|Hopsten|H
48494|Hopsten|P
48612|Horstmar|H
49477|Ibbenbüren|H
49479|Ibbenbüren|N
49475|Ibbenbüren|G
49461|Ibbenbüren|P
49462|Ibbenbüren|P
49463|Ibbenbüren|P
49464|Ibbenbüren|P
49465|Ibbenbüren|P
49466|Ibbenbüren|P
49470|Ibbenbüren|P
49549|Ladbergen|H
49546|Ladbergen|P
49547|Ladbergen|P
48366|Laer|H
48362|Laer|P
48363|Laer|P
49525|Lengerich|H
49523|Lengerich|G
49536|Lienen|H
49504|Lotte|H
49498|Lotte|P
49499|Lotte|P
49501|Lotte|P
48629|Metelen|H
48625|Metelen|P
48626|Metelen|P
49497|Mettingen|H
48485|Neuenkirchen|H
48481|Neuenkirchen|P
48482|Neuenkirchen|P
48483|Neuenkirchen|P
48356|Nordwalde|H
48607|Ochtrup|H
48600|Ochtrup|P
48601|Ochtrup|P
48602|Ochtrup|P
48606|Ochtrup|G
48605|Ochtrup|G
49509|Recke|H
48429|Rheine|H
48431|Rheine|N
48432|Rheine|N
48427|Rheine|G
48401|Rheine|P
48403|Rheine|P
48407|Rheine|P
48410|Rheine|P
48411|Rheine|P
48419|Rheine|P
48416|Rheine|G
48369|Saerbeck|H
48565|Steinfurt|H
48563|Steinfurt|G
48541|Steinfurt|P
48542|Steinfurt|P
48543|Steinfurt|P
48544|Steinfurt|P
48545|Steinfurt|P
48546|Steinfurt|P
48550|Steinfurt|P
48551|Steinfurt|P
48552|Steinfurt|P
48553|Steinfurt|P
48554|Steinfurt|P
49545|Tecklenburg|H
49541|Tecklenburg|G
49492|Westerkappeln|H
49486|Westerkappeln|P
49487|Westerkappeln|P
48493|Wettringen|H
48489|Wettringen|P
48490|Wettringen|P
48491|Wettringen|P
59227|Ahlen|H
59229|Ahlen|N
59225|Ahlen|G
59201|Ahlen|P
59202|Ahlen|P
59203|Ahlen|P
59204|Ahlen|P
59205|Ahlen|P
59206|Ahlen|P
59207|Ahlen|P
59208|Ahlen|P
59209|Ahlen|P
59210|Ahlen|P
59211|Ahlen|P
59212|Ahlen|P
59213|Ahlen|P
59218|Ahlen|P
59215|Ahlen|G
59269|Beckum|H
59267|Beckum|G
59241|Beckum|P
59242|Beckum|P
59243|Beckum|P
59244|Beckum|P
59245|Beckum|P
59246|Beckum|P
59247|Beckum|P
59248|Beckum|P
59249|Beckum|P
59254|Beckum|P
59255|Beckum|P
59256|Beckum|P
59257|Beckum|P
59258|Beckum|P
48361|Beelen|H
48317|Drensteinfurt|H
59320|Ennigerloh|H
59303|Ennigerloh|P
59306|Ennigerloh|P
48351|Everswinkel|H
48347|Everswinkel|P
48348|Everswinkel|P
48349|Everswinkel|P
59302|Oelde|H
59299|Oelde|G
59280|Oelde|P
59281|Oelde|P
59282|Oelde|P
59283|Oelde|P
59284|Oelde|P
59285|Oelde|P
59286|Oelde|P
48346|Ostbevern|H
48342|Ostbevern|P
48343|Ostbevern|P
48336|Sassenberg|H
48324|Sendenhorst|H
48318|Sendenhorst|P
48319|Sendenhorst|P
48291|Telgte|H
59329|Wadersloh|H
59321|Wadersloh|P
59322|Wadersloh|P
48231|Warendorf|H
48203|Warendorf|P
48204|Warendorf|P
48205|Warendorf|P
48206|Warendorf|P
48207|Warendorf|P
48208|Warendorf|P
48209|Warendorf|P
48210|Warendorf|P
48211|Warendorf|P
48212|Warendorf|P
48213|Warendorf|P
48229|Warendorf|G
48330|Warendorf|P
48331|Warendorf|P
33602|Bielefeld|H
33604|Bielefeld|N
33605|Bielefeld|N
33607|Bielefeld|N
33609|Bielefeld|N
33611|Bielefeld|N
33613|Bielefeld|N
33615|Bielefeld|N
33617|Bielefeld|N
33619|Bielefeld|N
33647|Bielefeld|N
33649|Bielefeld|N
33659|Bielefeld|N
33689|Bielefeld|N
33699|Bielefeld|N
33719|Bielefeld|N
33729|Bielefeld|N
33739|Bielefeld|N
33594|Bielefeld|G
33595|Bielefeld|G
33596|Bielefeld|G
33597|Bielefeld|G
33598|Bielefeld|G
33600|Bielefeld|G
33645|Bielefeld|G
33687|Bielefeld|G
33501|Bielefeld|P
33502|Bielefeld|P
33503|Bielefeld|P
33504|Bielefeld|P
33505|Bielefeld|P
33506|Bielefeld|P
33507|Bielefeld|P
33508|Bielefeld|P
33509|Bielefeld|P
33510|Bielefeld|P
33511|Bielefeld|P
33512|Bielefeld|P
33513|Bielefeld|P
33514|Bielefeld|P
33515|Bielefeld|P
33516|Bielefeld|P
33517|Bielefeld|P
33518|Bielefeld|P
33519|Bielefeld|P
33520|Bielefeld|P
33521|Bielefeld|P
33522|Bielefeld|P
33523|Bielefeld|P
33524|Bielefeld|P
33525|Bielefeld|P
33526|Bielefeld|P
33527|Bielefeld|P
33528|Bielefeld|P
33529|Bielefeld|P
33530|Bielefeld|P
33531|Bielefeld|P
33532|Bielefeld|P
33544|Bielefeld|P
33545|Bielefeld|P
33546|Bielefeld|P
33548|Bielefeld|P
33549|Bielefeld|P
33621|Bielefeld|P
33622|Bielefeld|P
33623|Bielefeld|P
33624|Bielefeld|P
33625|Bielefeld|P
33626|Bielefeld|P
33627|Bielefeld|P
33628|Bielefeld|P
33629|Bielefeld|P
33630|Bielefeld|P
33651|Bielefeld|P
33652|Bielefeld|P
33653|Bielefeld|P
33703|Bielefeld|P
33731|Bielefeld|P
33732|Bielefeld|P
33733|Bielefeld|P
33547|Bielefeld|G
33640|Bielefeld|P
33697|Bielefeld|P
33634|Bielefeld|P
33583|Bielefeld|G
33584|Bielefeld|G
33591|Bielefeld|G
33644|Bielefeld|G
33575|Bielefeld|G
33829|Borgholzhausen|H
33825|Borgholzhausen|P
33826|Borgholzhausen|P
33330|Gütersloh|H
33332|Gütersloh|N
33334|Gütersloh|N
33335|Gütersloh|N
33325|Gütersloh|G
33326|Gütersloh|G
33241|Gütersloh|P
33242|Gütersloh|P
33243|Gütersloh|P
33244|Gütersloh|P
33245|Gütersloh|P
33246|Gütersloh|P
33247|Gütersloh|P
33248|Gütersloh|P
33249|Gütersloh|P
33250|Gütersloh|P
33251|Gütersloh|P
33252|Gütersloh|P
33253|Gütersloh|P
33254|Gütersloh|P
33255|Gütersloh|P
33256|Gütersloh|P
33257|Gütersloh|P
33258|Gütersloh|P
33259|Gütersloh|P
33260|Gütersloh|P
33261|Gütersloh|P
33262|Gütersloh|P
33263|Gütersloh|P
33275|Gütersloh|P
33276|Gütersloh|P
33278|Gütersloh|P
33279|Gütersloh|P
33281|Gütersloh|P
33282|Gütersloh|P
33324|Gütersloh|G
33306|Gütersloh|P
33307|Gütersloh|P
33310|Gütersloh|P
33311|Gütersloh|P
33312|Gütersloh|P
33333|Gütersloh|H
33315|Gütersloh|G
33297|Gütersloh|G
33790|Halle|H
33788|Halle|G
33776|Halle|P
33777|Halle|P
33778|Halle|P
33779|Halle|P
33780|Halle|P
33781|Halle|P
33428|Harsewinkel|H
33428|Marienfeld|H
33426|Harsewinkel|G
33416|Harsewinkel|P
33417|Harsewinkel|P
33418|Harsewinkel|P
33419|Harsewinkel|P
33422|Harsewinkel|P
33429|Marienfeld|P
33430|Marienfeld|P
33420|Harsewinkel|P
33442|Herzebrock-Clarholz|H
33441|Herzebrock-Clarholz|G
33433|Herzebrock-Clarholz|P
33434|Herzebrock-Clarholz|P
33435|Herzebrock-Clarholz|P
33436|Herzebrock-Clarholz|P
33449|Langenberg|H
33443|Langenberg|P
33444|Langenberg|P
33378|Rheda-Wiedenbrück|H
33372|Rheda-Wiedenbrück|G
33373|Rheda-Wiedenbrück|G
33374|Rheda-Wiedenbrück|G
33375|Rheda-Wiedenbrück|G
33339|Rheda-Wiedenbrück|P
33340|Rheda-Wiedenbrück|P
33341|Rheda-Wiedenbrück|P
33342|Rheda-Wiedenbrück|P
33343|Rheda-Wiedenbrück|P
33344|Rheda-Wiedenbrück|P
33345|Rheda-Wiedenbrück|P
33346|Rheda-Wiedenbrück|P
33347|Rheda-Wiedenbrück|P
33348|Rheda-Wiedenbrück|P
33349|Rheda-Wiedenbrück|P
33350|Rheda-Wiedenbrück|P
33351|Rheda-Wiedenbrück|P
33352|Rheda-Wiedenbrück|P
33353|Rheda-Wiedenbrück|P
33354|Rheda-Wiedenbrück|P
33355|Rheda-Wiedenbrück|P
33356|Rheda-Wiedenbrück|P
33357|Rheda-Wiedenbrück|P
33397|Rietberg|H
33393|Rietberg|G
33394|Rietberg|G
33395|Rietberg|G
33379|Rietberg|P
33380|Rietberg|P
33381|Rietberg|P
33383|Rietberg|P
33384|Rietberg|P
33386|Rietberg|P
33758|Schloß Holte-Stukenbrock|H
33756|Schloß Holte-Stukenbrock|G
33748|Schloß Holte-Stukenbrock|P
33749|Schloß Holte-Stukenbrock|P
33750|Schloß Holte-Stukenbrock|P
33751|Schloß Holte-Stukenbrock|P
33803|Steinhagen|H
33801|Steinhagen|G
33791|Steinhagen|P
33792|Steinhagen|P
33793|Steinhagen|P
33794|Steinhagen|P
33415|Verl|H
33411|Verl|G
33412|Verl|G
33398|Verl|P
33399|Verl|P
33400|Verl|P
33403|Verl|P
33404|Verl|P
33413|Verl|G
33414|Verl|G
33405|Verl|G
33401|Verl|G
33409|Verl|G
33775|Versmold|H
33769|Versmold|G
33759|Versmold|P
33760|Versmold|P
33761|Versmold|P
33762|Versmold|P
33763|Versmold|P
33824|Werther|H
33819|Werther|P
33820|Werther|P
32257|Bünde|H
32255|Bünde|G
32211|Bünde|P
32212|Bünde|P
32213|Bünde|P
32214|Bünde|P
32215|Bünde|P
32216|Bünde|P
32217|Bünde|P
32218|Bünde|P
32219|Bünde|P
32220|Bünde|P
32221|Bünde|P
32222|Bünde|P
32223|Bünde|P
32224|Bünde|P
32225|Bünde|P
32226|Bünde|P
32227|Bünde|P
32228|Bünde|P
32229|Bünde|P
32230|Bünde|P
32231|Bünde|P
32232|Bünde|P
32130|Enger|H
32121|Enger|P
32122|Enger|P
32123|Enger|P
32124|Enger|P
32049|Herford|H
32051|Herford|N
32052|Herford|N
32044|Herford|G
32045|Herford|G
32046|Herford|G
32001|Herford|P
32002|Herford|P
32003|Herford|P
32004|Herford|P
32005|Herford|P
32006|Herford|P
32007|Herford|P
32008|Herford|P
32009|Herford|P
32010|Herford|P
32011|Herford|P
32012|Herford|P
32013|Herford|P
32014|Herford|P
32015|Herford|P
32016|Herford|P
32017|Herford|P
32018|Herford|P
32019|Herford|P
32020|Herford|P
32021|Herford|P
32054|Herford|P
32055|Herford|P
32061|Herford|G
32033|Herford|P
32058|Herford|G
32100|Herford|G
32060|Herford|G
32042|Herford|G
32120|Hiddenhausen|H
32109|Hiddenhausen|P
32110|Hiddenhausen|P
32111|Hiddenhausen|P
32112|Hiddenhausen|P
32113|Hiddenhausen|P
32278|Kirchlengern|H
32268|Kirchlengern|P
32269|Kirchlengern|P
32270|Kirchlengern|P
32271|Kirchlengern|P
32274|Kirchlengern|P
32584|Löhne|H
32582|Löhne|G
32554|Löhne|P
32555|Löhne|P
32556|Löhne|P
32557|Löhne|P
32558|Löhne|P
32564|Löhne|P
32565|Löhne|P
32566|Löhne|P
32567|Löhne|P
32568|Löhne|P
32289|Rödinghausen|H
32279|Rödinghausen|P
32280|Rödinghausen|P
32281|Rödinghausen|P
32283|Rödinghausen|P
32285|Rödinghausen|P
32139|Spenge|H
32131|Spenge|P
32132|Spenge|P
32133|Spenge|P
32134|Spenge|P
32602|Vlotho|H
32585|Vlotho|P
32586|Vlotho|P
32587|Vlotho|P
32588|Vlotho|P
32589|Vlotho|P
32590|Vlotho|P
32591|Vlotho|P
33014|Bad Driburg|H
33001|Bad Driburg|P
33002|Bad Driburg|P
33003|Bad Driburg|P
33004|Bad Driburg|P
33005|Bad Driburg|P
33006|Bad Driburg|P
37688|Beverungen|H
37675|Beverungen|P
37676|Beverungen|P
37677|Beverungen|P
37678|Beverungen|P
34434|Borgentreich|H
34432|Borgentreich|P
33034|Brakel|H
33026|Brakel|P
33027|Brakel|P
33028|Brakel|P
33029|Brakel|P
33030|Brakel|P
37671|Höxter|H
37669|Höxter|G
37651|Höxter|P
37652|Höxter|P
37653|Höxter|P
37654|Höxter|P
37655|Höxter|P
37656|Höxter|P
37696|Marienmünster|H
37692|Marienmünster|P
33039|Nieheim|H
33035|Nieheim|P
33036|Nieheim|P
32839|Steinheim|H
32833|Steinheim|P
32834|Steinheim|P
32835|Steinheim|P
34414|Warburg|H
34401|Warburg|P
34402|Warburg|P
34403|Warburg|P
34404|Warburg|P
34405|Warburg|P
34408|Warburg|P
34439|Willebadessen|H
34435|Willebadessen|P
34437|Willebadessen|P
32832|Augustdorf|H
32826|Augustdorf|P
32827|Augustdorf|P
32828|Augustdorf|P
32105|Bad Salzuflen|H
32107|Bad Salzuflen|N
32108|Bad Salzuflen|N
32102|Bad Salzuflen|G
32063|Bad Salzuflen|P
32064|Bad Salzuflen|P
32065|Bad Salzuflen|P
32066|Bad Salzuflen|P
32067|Bad Salzuflen|P
32068|Bad Salzuflen|P
32069|Bad Salzuflen|P
32070|Bad Salzuflen|P
32075|Bad Salzuflen|P
32076|Bad Salzuflen|P
32077|Bad Salzuflen|P
32078|Bad Salzuflen|P
32079|Bad Salzuflen|P
32080|Bad Salzuflen|P
32071|Bad Salzuflen|P
32683|Barntrup|H
32677|Barntrup|P
32678|Barntrup|P
32679|Barntrup|P
32825|Blomberg|H
32817|Blomberg|P
32818|Blomberg|P
32819|Blomberg|P
32820|Blomberg|P
32823|Blomberg|G
32756|Detmold|H
32758|Detmold|N
32760|Detmold|N
32754|Detmold|G
32701|Detmold|P
32702|Detmold|P
32703|Detmold|P
32704|Detmold|P
32705|Detmold|P
32706|Detmold|P
32707|Detmold|P
32708|Detmold|P
32709|Detmold|P
32710|Detmold|P
32711|Detmold|P
32712|Detmold|P
32713|Detmold|P
32714|Detmold|P
32715|Detmold|P
32716|Detmold|P
32717|Detmold|P
32718|Detmold|P
32719|Detmold|P
32720|Detmold|P
32721|Detmold|P
32729|Detmold|P
32730|Detmold|P
32732|Detmold|P
32734|Detmold|P
32738|Detmold|P
32739|Detmold|P
32752|Detmold|G
32753|Detmold|G
32746|Detmold|G
32750|Detmold|G
32747|Detmold|G
32745|Detmold|G
32694|Dörentrup|H
32690|Dörentrup|P
32691|Dörentrup|P
32699|Extertal|H
32695|Extertal|P
32696|Extertal|P
32805|Horn-Bad Meinberg|H
32792|Horn-Bad Meinberg|P
32793|Horn-Bad Meinberg|P
32794|Horn-Bad Meinberg|P
32689|Kalletal|H
32791|Lage|H
32657|Lemgo|H
32655|Lemgo|G
32631|Lemgo|P
32632|Lemgo|P
32633|Lemgo|P
32634|Lemgo|P
32635|Lemgo|P
32636|Lemgo|P
32637|Lemgo|P
32638|Lemgo|P
32646|Lemgo|P
32647|Lemgo|P
33818|Leopoldshöhe|H
33814|Leopoldshöhe|P
33815|Leopoldshöhe|P
33816|Leopoldshöhe|P
32676|Lügde|H
33813|Oerlinghausen|H
33804|Oerlinghausen|P
33805|Oerlinghausen|P
33806|Oerlinghausen|P
33807|Oerlinghausen|P
32816|Schieder-Schwalenberg|H
32806|Schieder-Schwalenberg|P
32807|Schieder-Schwalenberg|P
32808|Schieder-Schwalenberg|P
33189|Schlangen|H
33185|Schlangen|P
33186|Schlangen|P
32545|Bad Oeynhausen|H
32547|Bad Oeynhausen|N
32549|Bad Oeynhausen|N
32543|Bad Oeynhausen|G
32501|Bad Oeynhausen|P
32502|Bad Oeynhausen|P
32503|Bad Oeynhausen|P
32504|Bad Oeynhausen|P
32505|Bad Oeynhausen|P
32506|Bad Oeynhausen|P
32507|Bad Oeynhausen|P
32508|Bad Oeynhausen|P
32509|Bad Oeynhausen|P
32510|Bad Oeynhausen|P
32511|Bad Oeynhausen|P
32512|Bad Oeynhausen|P
32513|Bad Oeynhausen|P
32521|Bad Oeynhausen|P
32522|Bad Oeynhausen|P
32524|Bad Oeynhausen|P
32525|Bad Oeynhausen|P
32529|Bad Oeynhausen|P
32339|Espelkamp|H
32337|Espelkamp|G
32325|Espelkamp|P
32326|Espelkamp|P
32327|Espelkamp|P
32328|Espelkamp|P
32329|Espelkamp|P
32332|Espelkamp|P
32479|Hille|H
32470|Hille|P
32471|Hille|P
32473|Hille|P
32609|Hüllhorst|H
32603|Hüllhorst|P
32604|Hüllhorst|P
32606|Hüllhorst|P
32312|Lübbecke|H
32310|Lübbecke|G
32291|Lübbecke|P
32292|Lübbecke|P
32293|Lübbecke|P
32294|Lübbecke|P
32295|Lübbecke|P
32300|Lübbecke|P
32423|Minden|H
32425|Minden|N
32427|Minden|N
32429|Minden|N
32419|Minden|G
32420|Minden|G
32421|Minden|G
32371|Minden|P
32372|Minden|P
32373|Minden|P
32374|Minden|P
32375|Minden|P
32376|Minden|P
32377|Minden|P
32378|Minden|P
32379|Minden|P
32380|Minden|P
32381|Minden|P
32382|Minden|P
32383|Minden|P
32384|Minden|P
32385|Minden|P
32386|Minden|P
32387|Minden|P
32388|Minden|P
32389|Minden|P
32390|Minden|P
32399|Minden|P
32400|Minden|P
32402|Minden|P
32404|Minden|P
32391|Minden|P
32392|Minden|P
32393|Minden|P
32405|Minden|P
32469|Petershagen|H
32458|Petershagen|P
32459|Petershagen|P
32457|Porta Westfalica|H
32455|Porta Westfalica|G
32437|Porta Westfalica|P
32438|Porta Westfalica|P
32439|Porta Westfalica|P
32440|Porta Westfalica|P
32443|Porta Westfalica|P
32447|Porta Westfalica|P
32449|Porta Westfalica|P
32361|Preußisch Oldendorf|H
32352|Preußisch Oldendorf|P
32353|Preußisch Oldendorf|P
32369|Rahden|H
32362|Rahden|P
32363|Rahden|P
32364|Rahden|P
32351|Stemwede|H
32340|Stemwede|P
32342|Stemwede|P
32346|Stemwede|P
33184|Altenbeken|H
33182|Altenbeken|P
33175|Bad Lippspringe|H
33166|Bad Lippspringe|P
33167|Bad Lippspringe|P
33168|Bad Lippspringe|P
33169|Bad Lippspringe|P
33170|Bad Lippspringe|P
33178|Borchen|H
33176|Borchen|P
33142|Büren|H
33130|Büren|P
33131|Büren|P
33132|Büren|P
33133|Büren|P
33129|Delbrück|H
33119|Delbrück|P
33120|Delbrück|P
33121|Delbrück|P
33122|Delbrück|P
33125|Delbrück|P
33161|Hövelhof|H
33155|Hövelhof|P
33156|Hövelhof|P
33157|Hövelhof|P
33165|Lichtenau|H
33098|Paderborn|H
33100|Paderborn|N
33102|Paderborn|N
33104|Paderborn|N
33106|Paderborn|N
33094|Paderborn|G
33095|Paderborn|G
33041|Paderborn|P
33042|Paderborn|P
33043|Paderborn|P
33044|Paderborn|P
33045|Paderborn|P
33046|Paderborn|P
33047|Paderborn|P
33048|Paderborn|P
33049|Paderborn|P
33050|Paderborn|P
33051|Paderborn|P
33052|Paderborn|P
33053|Paderborn|P
33054|Paderborn|P
33055|Paderborn|P
33056|Paderborn|P
33057|Paderborn|P
33058|Paderborn|P
33071|Paderborn|P
33072|Paderborn|P
33073|Paderborn|P
33075|Paderborn|P
33076|Paderborn|P
33078|Paderborn|P
33161|Paderborn|N
33087|Paderborn|P
33065|Paderborn|P
33066|Paderborn|P
33154|Paderborn|N
33096|Paderborn|G
33093|Paderborn|G
33154|Salzkotten|H
33143|Salzkotten|P
33144|Salzkotten|P
33145|Salzkotten|P
33146|Salzkotten|P
33181|Bad Wünnenberg|H
33179|Bad Wünnenberg|P
44787|Bochum|H
44789|Bochum|N
44791|Bochum|N
44793|Bochum|N
44795|Bochum|N
44797|Bochum|N
44799|Bochum|N
44801|Bochum|N
44803|Bochum|N
44805|Bochum|N
44807|Bochum|N
44809|Bochum|N
44866|Bochum|N
44867|Bochum|N
44869|Bochum|N
44879|Bochum|N
44892|Bochum|N
44894|Bochum|N
44776|Bochum|G
44777|Bochum|G
44778|Bochum|G
44779|Bochum|G
44780|Bochum|G
44781|Bochum|G
44782|Bochum|G
44701|Bochum|P
44702|Bochum|P
44703|Bochum|P
44704|Bochum|P
44705|Bochum|P
44706|Bochum|P
44707|Bochum|P
44708|Bochum|P
44709|Bochum|P
44710|Bochum|P
44711|Bochum|P
44712|Bochum|P
44713|Bochum|P
44714|Bochum|P
44715|Bochum|P
44716|Bochum|P
44717|Bochum|P
44718|Bochum|P
44719|Bochum|P
44720|Bochum|P
44721|Bochum|P
44722|Bochum|P
44723|Bochum|P
44724|Bochum|P
44725|Bochum|P
44726|Bochum|P
44727|Bochum|P
44728|Bochum|P
44735|Bochum|P
44736|Bochum|P
44737|Bochum|P
44746|Bochum|P
44841|Bochum|P
44842|Bochum|P
44843|Bochum|P
44844|Bochum|P
44845|Bochum|P
44849|Bochum|P
44850|Bochum|P
44871|Bochum|P
44872|Bochum|P
44873|Bochum|P
44747|Bochum|P
44846|Bochum|P
44847|Bochum|P
44848|Bochum|P
44863|Bochum|G
44750|Bochum|P
44775|Bochum|G
44773|Bochum|G
44772|Bochum|G
44784|Bochum|G
44771|Bochum|G
44785|Bochum|G
44774|Bochum|G
44770|Bochum|G
44135|Dortmund|H
44137|Dortmund|N
44139|Dortmund|N
44141|Dortmund|N
44143|Dortmund|N
44145|Dortmund|N
44147|Dortmund|N
44149|Dortmund|N
44225|Dortmund|N
44227|Dortmund|N
44229|Dortmund|N
44263|Dortmund|N
44265|Dortmund|N
44267|Dortmund|N
44269|Dortmund|N
44287|Dortmund|N
44289|Dortmund|N
44309|Dortmund|N
44319|Dortmund|N
44328|Dortmund|N
44329|Dortmund|N
44339|Dortmund|N
44357|Dortmund|N
44359|Dortmund|N
44369|Dortmund|N
44379|Dortmund|N
44388|Dortmund|N
44115|Dortmund|G
44118|Dortmund|G
44119|Dortmund|G
44121|Dortmund|G
44122|Dortmund|G
44123|Dortmund|G
44124|Dortmund|G
44125|Dortmund|G
44126|Dortmund|G
44127|Dortmund|G
44128|Dortmund|G
44129|Dortmund|G
44131|Dortmund|G
44221|Dortmund|G
44222|Dortmund|G
44261|Dortmund|G
44285|Dortmund|G
44001|Dortmund|P
44002|Dortmund|P
44003|Dortmund|P
44004|Dortmund|P
44005|Dortmund|P
44006|Dortmund|P
44007|Dortmund|P
44008|Dortmund|P
44009|Dortmund|P
44010|Dortmund|P
44011|Dortmund|P
44012|Dortmund|P
44013|Dortmund|P
44014|Dortmund|P
44015|Dortmund|P
44016|Dortmund|P
44017|Dortmund|P
44018|Dortmund|P
44019|Dortmund|P
44020|Dortmund|P
44021|Dortmund|P
44022|Dortmund|P
44023|Dortmund|P
44024|Dortmund|P
44025|Dortmund|P
44026|Dortmund|P
44027|Dortmund|P
44028|Dortmund|P
44029|Dortmund|P
44030|Dortmund|P
44031|Dortmund|P
44032|Dortmund|P
44033|Dortmund|P
44034|Dortmund|P
44035|Dortmund|P
44036|Dortmund|P
44037|Dortmund|P
44038|Dortmund|P
44039|Dortmund|P
44040|Dortmund|P
44041|Dortmund|P
44042|Dortmund|P
44043|Dortmund|P
44044|Dortmund|P
44045|Dortmund|P
44046|Dortmund|P
44047|Dortmund|P
44057|Dortmund|P
44058|Dortmund|P
44060|Dortmund|P
44061|Dortmund|P
44062|Dortmund|P
44063|Dortmund|P
44064|Dortmund|P
44082|Dortmund|P
44201|Dortmund|P
44202|Dortmund|P
44203|Dortmund|P
44204|Dortmund|P
44205|Dortmund|P
44209|Dortmund|P
44210|Dortmund|P
44231|Dortmund|P
44232|Dortmund|P
44233|Dortmund|P
44234|Dortmund|P
44235|Dortmund|P
44236|Dortmund|P
44241|Dortmund|P
44242|Dortmund|P
44243|Dortmund|P
44271|Dortmund|P
44272|Dortmund|P
44273|Dortmund|P
44275|Dortmund|P
44291|Dortmund|P
44292|Dortmund|P
44293|Dortmund|P
44294|Dortmund|P
44311|Dortmund|P
44312|Dortmund|P
44313|Dortmund|P
44316|Dortmund|P
44331|Dortmund|P
44332|Dortmund|P
44333|Dortmund|P
44341|Dortmund|P
44342|Dortmund|P
44343|Dortmund|P
44344|Dortmund|P
44361|Dortmund|P
44362|Dortmund|P
44371|Dortmund|P
44372|Dortmund|P
44374|Dortmund|P
44381|Dortmund|P
44382|Dortmund|P
44383|Dortmund|P
44390|Dortmund|P
44391|Dortmund|P
44392|Dortmund|P
44405|Dortmund|G
44113|Dortmund|G
44274|Dortmund|P
44112|Dortmund|G
44280|Dortmund|G
44200|Dortmund|G
44281|Dortmund|G
44132|Dortmund|G
44133|Dortmund|G
44130|Dortmund|G
44401|Dortmund|G
44111|Dortmund|G
44110|Dortmund|G
44109|Dortmund|G
44120|Dortmund|G
44116|Dortmund|G
44117|Dortmund|G
44402|Dortmund|G
44403|Dortmund|G
44404|Dortmund|G
44406|Dortmund|G
44103|Dortmund|G
58089|Hagen|H
58091|Hagen|N
58093|Hagen|N
58095|Hagen|N
58097|Hagen|N
58099|Hagen|N
58119|Hagen|N
58135|Hagen|N
58081|Hagen|G
58082|Hagen|G
58083|Hagen|G
58084|Hagen|G
58085|Hagen|G
58086|Hagen|G
58117|Hagen|G
58133|Hagen|G
58001|Hagen|P
58002|Hagen|P
58003|Hagen|P
58004|Hagen|P
58005|Hagen|P
58006|Hagen|P
58007|Hagen|P
58008|Hagen|P
58009|Hagen|P
58010|Hagen|P
58011|Hagen|P
58012|Hagen|P
58013|Hagen|P
58014|Hagen|P
58015|Hagen|P
58016|Hagen|P
58017|Hagen|P
58018|Hagen|P
58019|Hagen|P
58020|Hagen|P
58021|Hagen|P
58022|Hagen|P
58023|Hagen|P
58024|Hagen|P
58025|Hagen|P
58026|Hagen|P
58027|Hagen|P
58028|Hagen|P
58029|Hagen|P
58030|Hagen|P
58031|Hagen|P
58032|Hagen|P
58033|Hagen|P
58034|Hagen|P
58035|Hagen|P
58036|Hagen|P
58037|Hagen|P
58038|Hagen|P
58039|Hagen|P
58040|Hagen|P
58041|Hagen|P
58042|Hagen|P
58065|Hagen|P
58066|Hagen|P
58101|Hagen|P
58102|Hagen|P
58103|Hagen|P
58104|Hagen|P
58113|Hagen|P
58121|Hagen|P
58122|Hagen|P
58123|Hagen|P
58124|Hagen|P
58125|Hagen|P
58126|Hagen|P
58137|Hagen|P
58138|Hagen|P
58139|Hagen|P
58140|Hagen|P
58147|Hagen|G
58105|Hagen|P
58100|Hagen|G
58080|Hagen|G
58079|Hagen|G
59063|Hamm|H
59065|Hamm|N
59067|Hamm|N
59069|Hamm|N
59071|Hamm|N
59073|Hamm|N
59075|Hamm|N
59077|Hamm|N
59061|Hamm|G
59001|Hamm|P
59002|Hamm|P
59003|Hamm|P
59004|Hamm|P
59005|Hamm|P
59006|Hamm|P
59007|Hamm|P
59008|Hamm|P
59009|Hamm|P
59010|Hamm|P
59011|Hamm|P
59012|Hamm|P
59013|Hamm|P
59014|Hamm|P
59015|Hamm|P
59016|Hamm|P
59017|Hamm|P
59018|Hamm|P
59028|Hamm|P
59029|Hamm|P
59030|Hamm|P
59031|Hamm|P
59032|Hamm|P
59033|Hamm|P
59034|Hamm|P
59037|Hamm|P
59038|Hamm|P
59039|Hamm|P
59041|Hamm|P
59042|Hamm|P
59043|Hamm|P
59090|Hamm|G
59056|Hamm|G
59057|Hamm|G
59060|Hamm|G
59100|Hamm|G
59062|Hamm|G
59059|Hamm|G
44623|Herne|H
44625|Herne|N
44627|Herne|N
44628|Herne|N
44629|Herne|N
44649|Herne|N
44651|Herne|N
44652|Herne|N
44653|Herne|N
44621|Herne|G
44647|Herne|G
44601|Herne|P
44602|Herne|P
44603|Herne|P
44604|Herne|P
44605|Herne|P
44606|Herne|P
44607|Herne|P
44608|Herne|P
44613|Herne|P
44638|Herne|P
44639|Herne|P
44641|Herne|P
58339|Breckerfeld|H
58333|Breckerfeld|P
58334|Breckerfeld|P
58335|Breckerfeld|P
58256|Ennepetal|H
58240|Ennepetal|P
58241|Ennepetal|P
58242|Ennepetal|P
58243|Ennepetal|P
58244|Ennepetal|P
58247|Ennepetal|P
58248|Ennepetal|P
58285|Gevelsberg|H
58283|Gevelsberg|G
58257|Gevelsberg|P
58258|Gevelsberg|P
58259|Gevelsberg|P
58260|Gevelsberg|P
58261|Gevelsberg|P
58262|Gevelsberg|P
58263|Gevelsberg|P
58264|Gevelsberg|P
58265|Gevelsberg|P
58266|Gevelsberg|P
58267|Gevelsberg|P
58272|Gevelsberg|P
58273|Gevelsberg|P
45525|Hattingen|H
45527|Hattingen|N
45529|Hattingen|N
45523|Hattingen|G
45501|Hattingen|P
45502|Hattingen|P
45503|Hattingen|P
45504|Hattingen|P
45505|Hattingen|P
45506|Hattingen|P
45513|Hattingen|P
45507|Hattingen|P
58313|Herdecke|H
58311|Herdecke|G
58301|Herdecke|P
58302|Herdecke|P
58303|Herdecke|P
58304|Herdecke|P
58305|Herdecke|P
58332|Schwelm|H
58314|Schwelm|P
58315|Schwelm|P
58316|Schwelm|P
58317|Schwelm|P
58318|Schwelm|P
58319|Schwelm|P
58320|Schwelm|P
58321|Schwelm|P
58330|Schwelm|G
45549|Sprockhövel|H
45536|Sprockhövel|P
45537|Sprockhövel|P
45538|Sprockhövel|P
45541|Sprockhövel|P
45542|Sprockhövel|P
45543|Sprockhövel|P
58300|Wetter|H
58298|Wetter|G
58286|Wetter|P
58287|Wetter|P
58293|Wetter|P
58294|Wetter|P
58295|Wetter|P
58292|Wetter|G
58452|Witten|H
58453|Witten|N
58454|Witten|N
58455|Witten|N
58456|Witten|N
58448|Witten|G
58449|Witten|G
58401|Witten|P
58402|Witten|P
58403|Witten|P
58404|Witten|P
58405|Witten|P
58406|Witten|P
58407|Witten|P
58408|Witten|P
58409|Witten|P
58410|Witten|P
58411|Witten|P
58412|Witten|P
58413|Witten|P
58414|Witten|P
58415|Witten|P
58422|Witten|P
58423|Witten|P
58424|Witten|P
58426|Witten|P
58430|Witten|P
58431|Witten|P
58432|Witten|P
59755|Arnsberg|H
59757|Arnsberg|N
59759|Arnsberg|N
59821|Arnsberg|N
59823|Arnsberg|N
59753|Arnsberg|G
59817|Arnsberg|G
59818|Arnsberg|G
59701|Arnsberg|P
59702|Arnsberg|P
59703|Arnsberg|P
59704|Arnsberg|P
59705|Arnsberg|P
59706|Arnsberg|P
59707|Arnsberg|P
59708|Arnsberg|P
59709|Arnsberg|P
59710|Arnsberg|P
59711|Arnsberg|P
59712|Arnsberg|P
59713|Arnsberg|P
59714|Arnsberg|P
59715|Arnsberg|P
59716|Arnsberg|P
59717|Arnsberg|P
59718|Arnsberg|P
59735|Arnsberg|P
59736|Arnsberg|P
59737|Arnsberg|P
59738|Arnsberg|P
59801|Arnsberg|P
59802|Arnsberg|P
59803|Arnsberg|P
59804|Arnsberg|P
59805|Arnsberg|P
59806|Arnsberg|P
59909|Bestwig|H
59901|Bestwig|P
59902|Bestwig|P
59903|Bestwig|P
59929|Brilon|H
59914|Brilon|P
59915|Brilon|P
59916|Brilon|P
59917|Brilon|P
59918|Brilon|P
59919|Brilon|P
59920|Brilon|P
59889|Eslohe|H
59883|Eslohe|P
59884|Eslohe|P
59969|Hallenberg|H
59965|Hallenberg|P
59966|Hallenberg|P
34431|Marsberg|H
34418|Marsberg|P
34419|Marsberg|P
34420|Marsberg|P
34421|Marsberg|P
59964|Medebach|H
59959|Medebach|P
59960|Medebach|P
59961|Medebach|P
59872|Meschede|H
59870|Meschede|G
59860|Meschede|P
59861|Meschede|P
59939|Olsberg|H
59930|Olsberg|P
59931|Olsberg|P
59932|Olsberg|P
59933|Olsberg|P
57392|Schmallenberg|H
57376|Schmallenberg|P
57377|Schmallenberg|P
57378|Schmallenberg|P
57379|Schmallenberg|P
57382|Schmallenberg|P
57383|Schmallenberg|P
59846|Sundern|H
59844|Sundern|G
59831|Sundern|P
59832|Sundern|P
59833|Sundern|P
59834|Sundern|P
59835|Sundern|P
59836|Sundern|P
59955|Winterberg|H
59941|Winterberg|P
59942|Winterberg|P
59943|Winterberg|P
59944|Winterberg|P
58762|Altena|H
58741|Altena|P
58742|Altena|P
58743|Altena|P
58744|Altena|P
58745|Altena|P
58746|Altena|P
58753|Altena|P
58754|Altena|P
58802|Balve|H
58795|Balve|P
58796|Balve|P
58797|Balve|P
58798|Balve|P
58553|Halver|H
58541|Halver|P
58542|Halver|P
58543|Halver|P
58544|Halver|P
58545|Halver|P
58675|Hemer|H
58651|Hemer|P
58652|Hemer|P
58653|Hemer|P
58654|Hemer|P
58655|Hemer|P
58656|Hemer|P
58657|Hemer|P
58662|Hemer|P
58663|Hemer|P
58664|Hemer|P
58665|Hemer|P
58849|Herscheid|H
58845|Herscheid|P
58846|Herscheid|P
58636|Iserlohn|H
58638|Iserlohn|N
58640|Iserlohn|N
58642|Iserlohn|N
58644|Iserlohn|N
58634|Iserlohn|G
58581|Iserlohn|P
58582|Iserlohn|P
58583|Iserlohn|P
58584|Iserlohn|P
58585|Iserlohn|P
58586|Iserlohn|P
58587|Iserlohn|P
58588|Iserlohn|P
58589|Iserlohn|P
58590|Iserlohn|P
58591|Iserlohn|P
58592|Iserlohn|P
58593|Iserlohn|P
58594|Iserlohn|P
58595|Iserlohn|P
58596|Iserlohn|P
58609|Iserlohn|P
58610|Iserlohn|P
58611|Iserlohn|P
58612|Iserlohn|P
58613|Iserlohn|P
58614|Iserlohn|P
58618|Iserlohn|P
58619|Iserlohn|P
58603|Iserlohn|G
58566|Kierspe|H
58554|Kierspe|P
58557|Kierspe|P
58555|Kierspe|P
58556|Kierspe|P
58507|Lüdenscheid|H
58509|Lüdenscheid|N
58511|Lüdenscheid|N
58513|Lüdenscheid|N
58515|Lüdenscheid|N
58505|Lüdenscheid|G
58461|Lüdenscheid|P
58462|Lüdenscheid|P
58463|Lüdenscheid|P
58464|Lüdenscheid|P
58465|Lüdenscheid|P
58466|Lüdenscheid|P
58467|Lüdenscheid|P
58468|Lüdenscheid|P
58469|Lüdenscheid|P
58470|Lüdenscheid|P
58471|Lüdenscheid|P
58472|Lüdenscheid|P
58473|Lüdenscheid|P
58474|Lüdenscheid|P
58475|Lüdenscheid|P
58476|Lüdenscheid|P
58477|Lüdenscheid|P
58478|Lüdenscheid|P
58479|Lüdenscheid|P
58480|Lüdenscheid|P
58486|Lüdenscheid|P
58487|Lüdenscheid|P
58489|Lüdenscheid|P
58540|Meinerzhagen|H
58527|Meinerzhagen|P
58528|Meinerzhagen|P
58529|Meinerzhagen|P
58530|Meinerzhagen|P
58531|Meinerzhagen|P
58706|Menden|H
58708|Menden|N
58710|Menden|N
58681|Menden|P
58682|Menden|P
58683|Menden|P
58684|Menden|P
58685|Menden|P
58686|Menden|P
58687|Menden|P
58688|Menden|P
58689|Menden|P
58694|Menden|P
58695|Menden|P
58696|Menden|P
58690|Menden|P
58691|Menden|P
58692|Menden|P
58769|Nachrodt-Wiblingwerde|H
58809|Neuenrade|H
58803|Neuenrade|P
58804|Neuenrade|P
58805|Neuenrade|P
58840|Plettenberg|H
58811|Plettenberg|P
58812|Plettenberg|P
58813|Plettenberg|P
58814|Plettenberg|P
58815|Plettenberg|P
58816|Plettenberg|P
58820|Plettenberg|P
58821|Plettenberg|P
58822|Plettenberg|P
58823|Plettenberg|P
58826|Plettenberg|P
58828|Plettenberg|P
58829|Plettenberg|P
58831|Plettenberg|P
58579|Schalksmühle|H
58567|Schalksmühle|P
58568|Schalksmühle|P
58569|Schalksmühle|P
58570|Schalksmühle|P
58571|Schalksmühle|P
58791|Werdohl|H
58771|Werdohl|P
58772|Werdohl|P
58773|Werdohl|P
58774|Werdohl|P
58775|Werdohl|P
58776|Werdohl|P
58777|Werdohl|P
58778|Werdohl|P
57439|Attendorn|H
57425|Attendorn|P
57426|Attendorn|P
57427|Attendorn|P
57428|Attendorn|P
57437|Attendorn|G
57489|Drolshagen|H
57483|Drolshagen|P
57484|Drolshagen|P
57485|Drolshagen|P
57413|Finnentrop|H
57401|Finnentrop|P
57402|Finnentrop|P
57403|Finnentrop|P
57399|Kirchhundem|H
57393|Kirchhundem|P
57394|Kirchhundem|P
57396|Kirchhundem|P
57368|Lennestadt|H
57347|Lennestadt|P
57348|Lennestadt|P
57349|Lennestadt|P
57350|Lennestadt|P
57353|Lennestadt|P
57356|Lennestadt|P
57358|Lennestadt|P
57462|Olpe|H
57441|Olpe|P
57442|Olpe|P
57443|Olpe|P
57444|Olpe|P
57445|Olpe|P
57446|Olpe|P
57447|Olpe|P
57448|Olpe|P
57449|Olpe|P
57450|Olpe|P
57482|Wenden|H
57473|Wenden|P
57474|Wenden|P
57477|Wenden|P
57319|Bad Berleburg|H
57301|Bad Berleburg|P
57302|Bad Berleburg|P
57303|Bad Berleburg|P
57304|Bad Berleburg|P
57305|Bad Berleburg|P
57306|Bad Berleburg|P
57307|Bad Berleburg|P
57299|Burbach|H
57291|Burbach|P
57292|Burbach|P
57293|Burbach|P
57339|Erndtebrück|H
57258|Freudenberg|H
57251|Freudenberg|P
57252|Freudenberg|P
57253|Freudenberg|P
57082|Freudenberg|P
57271|Hilchenbach|H
57223|Kreuztal|H
57202|Kreuztal|P
57203|Kreuztal|P
57204|Kreuztal|P
57205|Kreuztal|P
57206|Kreuztal|P
57207|Kreuztal|P
57211|Kreuztal|P
57215|Kreuztal|P
57334|Bad Laasphe|H
57323|Bad Laasphe|P
57324|Bad Laasphe|P
57325|Bad Laasphe|P
57326|Bad Laasphe|P
57250|Netphen|H
57235|Netphen|P
57236|Netphen|P
57237|Netphen|P
57238|Netphen|P
57241|Netphen|P
57242|Netphen|P
57244|Netphen|P
57290|Neunkirchen|H
57289|Neunkirchen|G
57272|Neunkirchen|P
57273|Neunkirchen|P
57274|Neunkirchen|P
57275|Neunkirchen|P
57276|Neunkirchen|P
57277|Neunkirchen|P
57278|Neunkirchen|P
57279|Neunkirchen|P
57072|Siegen|H
57074|Siegen|N
57076|Siegen|N
57078|Siegen|N
57080|Siegen|N
57068|Siegen|G
57069|Siegen|G
57001|Siegen|P
57002|Siegen|P
57003|Siegen|P
57004|Siegen|P
57005|Siegen|P
57006|Siegen|P
57007|Siegen|P
57008|Siegen|P
57009|Siegen|P
57010|Siegen|P
57011|Siegen|P
57012|Siegen|P
57013|Siegen|P
57014|Siegen|P
57015|Siegen|P
57016|Siegen|P
57022|Siegen|P
57023|Siegen|P
57025|Siegen|P
57026|Siegen|P
57027|Siegen|P
57028|Siegen|P
57029|Siegen|P
57030|Siegen|P
57031|Siegen|P
57032|Siegen|P
57037|Siegen|P
57038|Siegen|P
57039|Siegen|P
57040|Siegen|P
57041|Siegen|P
57044|Siegen|P
57045|Siegen|P
57046|Siegen|P
57081|Siegen|P
57100|Siegen|G
57110|Siegen|G
57070|Siegen|G
57234|Wilnsdorf|H
57225|Wilnsdorf|P
57226|Wilnsdorf|P
57228|Wilnsdorf|P
57229|Wilnsdorf|P
59609|Anröchte|H
59603|Anröchte|P
59604|Anröchte|P
59605|Anröchte|P
59505|Bad Sassendorf|H
59469|Ense|H
59463|Ense|P
59464|Ense|P
59465|Ense|P
59597|Erwitte|H
59591|Erwitte|P
59592|Erwitte|P
59594|Erwitte|P
59590|Geseke|H
59582|Geseke|P
59583|Geseke|P
59584|Geseke|P
59585|Geseke|P
59510|Lippetal|H
59506|Lippetal|P
59555|Lippstadt|H
59556|Lippstadt|N
59557|Lippstadt|N
59558|Lippstadt|N
59552|Lippstadt|G
59553|Lippstadt|G
59521|Lippstadt|P
59522|Lippstadt|P
59523|Lippstadt|P
59524|Lippstadt|P
59525|Lippstadt|P
59526|Lippstadt|P
59527|Lippstadt|P
59528|Lippstadt|P
59529|Lippstadt|P
59530|Lippstadt|P
59531|Lippstadt|P
59532|Lippstadt|P
59533|Lippstadt|P
59534|Lippstadt|P
59535|Lippstadt|P
59536|Lippstadt|P
59537|Lippstadt|P
59538|Lippstadt|P
59539|Lippstadt|P
59543|Lippstadt|P
59519|Möhnesee|H
59515|Möhnesee|P
59516|Möhnesee|P
59517|Möhnesee|P
59602|Rüthen|H
59598|Rüthen|P
59599|Rüthen|P
59600|Rüthen|P
59494|Soest|H
59491|Soest|G
59485|Soest|P
59490|Soest|G
59495|Soest|G
59581|Warstein|H
59578|Warstein|G
59562|Warstein|P
59563|Warstein|P
59564|Warstein|P
59514|Welver|H
59457|Werl|H
59455|Werl|G
59079|Werl|P
59089|Werl|G
58739|Wickede|H
58731|Wickede|P
58732|Wickede|P
58733|Wickede|P
58734|Wickede|P
59192|Bergkamen|H
59175|Bergkamen|P
59176|Bergkamen|P
59177|Bergkamen|P
59178|Bergkamen|P
59179|Bergkamen|P
59180|Bergkamen|P
59186|Bergkamen|P
59199|Bönen|H
59193|Bönen|P
59194|Bönen|P
59195|Bönen|P
58730|Fröndenberg|H
58717|Fröndenberg|P
58718|Fröndenberg|P
58719|Fröndenberg|P
58720|Fröndenberg|P
58721|Fröndenberg|P
59439|Holzwickede|H
59438|Holzwickede|G
59434|Holzwickede|P
59435|Holzwickede|P
59436|Holzwickede|P
59174|Kamen|H
59172|Kamen|G
59154|Kamen|P
59155|Kamen|P
59156|Kamen|P
59157|Kamen|P
59158|Kamen|P
59159|Kamen|P
59160|Kamen|P
59163|Kamen|P
59164|Kamen|P
44532|Lünen|H
44534|Lünen|N
44536|Lünen|N
44530|Lünen|G
44501|Lünen|P
44502|Lünen|P
44503|Lünen|P
44504|Lünen|P
44505|Lünen|P
44506|Lünen|P
44507|Lünen|P
44508|Lünen|P
44509|Lünen|P
44510|Lünen|P
44511|Lünen|P
44517|Lünen|P
44518|Lünen|P
44519|Lünen|P
44520|Lünen|P
58239|Schwerte|H
58237|Schwerte|G
58206|Schwerte|P
58207|Schwerte|P
58208|Schwerte|P
58209|Schwerte|P
58210|Schwerte|P
58211|Schwerte|P
58212|Schwerte|P
58213|Schwerte|P
58218|Schwerte|P
58219|Schwerte|P
58220|Schwerte|P
58222|Schwerte|P
58223|Schwerte|P
58224|Schwerte|P
59379|Selm|H
59373|Selm|P
59423|Unna|H
59425|Unna|N
59427|Unna|N
59401|Unna|P
59402|Unna|P
59403|Unna|P
59404|Unna|P
59405|Unna|P
59406|Unna|P
59407|Unna|P
59408|Unna|P
59409|Unna|P
59410|Unna|P
59411|Unna|P
59412|Unna|P
59414|Unna|P
59368|Werne|H
59366|Werne|G
59354|Werne|P
59355|Werne|P
59356|Werne|P
59357|Werne|P
59358|Werne|P
59359|Werne|P
59360|Werne|P
64283|Darmstadt|H
64285|Darmstadt|N
64287|Darmstadt|N
64289|Darmstadt|N
64291|Darmstadt|N
64293|Darmstadt|N
64295|Darmstadt|N
64297|Darmstadt|N
64271|Darmstadt|G
64272|Darmstadt|G
64273|Darmstadt|G
64275|Darmstadt|G
64276|Darmstadt|G
64277|Darmstadt|G
64278|Darmstadt|G
64201|Darmstadt|P
64202|Darmstadt|P
64203|Darmstadt|P
64204|Darmstadt|P
64205|Darmstadt|P
64206|Darmstadt|P
64207|Darmstadt|P
64208|Darmstadt|P
64209|Darmstadt|P
64210|Darmstadt|P
64211|Darmstadt|P
64212|Darmstadt|P
64213|Darmstadt|P
64214|Darmstadt|P
64215|Darmstadt|P
64216|Darmstadt|P
64217|Darmstadt|P
64218|Darmstadt|P
64219|Darmstadt|P
64220|Darmstadt|P
64221|Darmstadt|P
64222|Darmstadt|P
64223|Darmstadt|P
64224|Darmstadt|P
64225|Darmstadt|P
64226|Darmstadt|P
64227|Darmstadt|P
64228|Darmstadt|P
64229|Darmstadt|P
64230|Darmstadt|P
64238|Darmstadt|P
64239|Darmstadt|P
64241|Darmstadt|P
64242|Darmstadt|P
64243|Darmstadt|P
64245|Darmstadt|P
64281|Darmstadt|G
64300|Darmstadt|P
64301|Darmstadt|P
64305|Darmstadt|G
64307|Darmstadt|G
64298|Darmstadt|G
64100|Darmstadt|G
64308|Darmstadt|G
64280|Darmstadt|G
64279|Darmstadt|G
64304|Darmstadt|G
64306|Darmstadt|G
64270|Darmstadt|G
60311|Frankfurt|H
60313|Frankfurt|N
60314|Frankfurt|N
60316|Frankfurt|N
60318|Frankfurt|N
60320|Frankfurt|N
60322|Frankfurt|N
60323|Frankfurt|N
60325|Frankfurt|N
60326|Frankfurt|N
60327|Frankfurt|N
60329|Frankfurt|N
60385|Frankfurt|N
60386|Frankfurt|N
60388|Frankfurt|N
60389|Frankfurt|N
60431|Frankfurt|N
60433|Frankfurt|N
60435|Frankfurt|N
60437|Frankfurt|N
60439|Frankfurt|N
60486|Frankfurt|N
60487|Frankfurt|N
60488|Frankfurt|N
60489|Frankfurt|N
60528|Frankfurt|N
60529|Frankfurt|N
60549|Frankfurt - Flughafen|N
60594|Frankfurt|N
60596|Frankfurt|N
60598|Frankfurt|N
60599|Frankfurt|N
65929|Frankfurt|N
65931|Frankfurt|N
65933|Frankfurt|N
65934|Frankfurt|N
65936|Frankfurt|N
60222|Frankfurt|G
60252|Frankfurt|G
60254|Frankfurt|G
60255|Frankfurt|G
60256|Frankfurt|G
60257|Frankfurt|G
60259|Frankfurt|G
60261|Frankfurt|G
60262|Frankfurt|G
60263|Frankfurt|G
60264|Frankfurt|G
60265|Frankfurt|G
60267|Frankfurt|G
60274|Frankfurt|G
60275|Frankfurt|G
60276|Frankfurt|G
60277|Frankfurt|G
60278|Frankfurt|G
60284|Frankfurt|G
60285|Frankfurt|G
60286|Frankfurt|G
60288|Frankfurt|G
60295|Frankfurt|G
60296|Frankfurt|G
60297|Frankfurt|G
60298|Frankfurt|G
60300|Frankfurt|G
60301|Frankfurt|G
60302|Frankfurt|G
60304|Frankfurt|G
60305|Frankfurt|G
60307|Frankfurt|G
60308|Frankfurt|N
60380|Frankfurt|G
60382|Frankfurt|G
60423|Frankfurt|G
60424|Frankfurt|G
60426|Frankfurt|G
60428|Frankfurt|G
60484|Frankfurt|G
60519|Frankfurt|G
60523|Frankfurt|G
60525|Frankfurt|G
60546|Frankfurt|G
60547|Frankfurt|G
60589|Frankfurt|G
60590|Frankfurt|G
60591|Frankfurt|G
65925|Frankfurt|G
65926|Frankfurt|G
60001|Frankfurt|P
60002|Frankfurt|P
60003|Frankfurt|P
60004|Frankfurt|P
60005|Frankfurt|P
60006|Frankfurt|P
60007|Frankfurt|P
60008|Frankfurt|P
60009|Frankfurt|P
60010|Frankfurt|P
60011|Frankfurt|P
60012|Frankfurt|P
60013|Frankfurt|P
60014|Frankfurt|P
60015|Frankfurt|P
60016|Frankfurt|P
60017|Frankfurt|P
60018|Frankfurt|P
60019|Frankfurt|P
60020|Frankfurt|P
60021|Frankfurt|P
60022|Frankfurt|P
60023|Frankfurt|P
60024|Frankfurt|P
60036|Frankfurt|P
60037|Frankfurt|P
60038|Frankfurt|P
60039|Frankfurt|P
60040|Frankfurt|P
60041|Frankfurt|P
60042|Frankfurt|P
60043|Frankfurt|P
60044|Frankfurt|P
60045|Frankfurt|P
60046|Frankfurt|P
60047|Frankfurt|P
60048|Frankfurt|P
60049|Frankfurt|P
60050|Frankfurt|P
60051|Frankfurt|P
60052|Frankfurt|P
60053|Frankfurt|P
60054|Frankfurt|P
60055|Frankfurt|P
60061|Frankfurt|P
60062|Frankfurt|P
60063|Frankfurt|P
60064|Frankfurt|P
60065|Frankfurt|P
60066|Frankfurt|P
60067|Frankfurt|P
60068|Frankfurt|P
60069|Frankfurt|P
60070|Frankfurt|P
60071|Frankfurt|P
60075|Frankfurt|P
60076|Frankfurt|P
60077|Frankfurt|P
60078|Frankfurt|P
60079|Frankfurt|P
60082|Frankfurt|P
60083|Frankfurt|P
60084|Frankfurt|P
60085|Frankfurt|P
60088|Frankfurt|P
60089|Frankfurt|P
60090|Frankfurt|P
60091|Frankfurt|P
60331|Frankfurt|P
60332|Frankfurt|P
60333|Frankfurt|P
60334|Frankfurt|P
60335|Frankfurt|P
60336|Frankfurt|P
60337|Frankfurt|P
60338|Frankfurt|P
60343|Frankfurt|P
60344|Frankfurt|P
60345|Frankfurt|P
60346|Frankfurt|P
60347|Frankfurt|P
60348|Frankfurt|P
60350|Frankfurt|P
60351|Frankfurt|P
60352|Frankfurt|P
60353|Frankfurt|P
60391|Frankfurt|P
60392|Frankfurt|P
60393|Frankfurt|P
60394|Frankfurt|P
60395|Frankfurt|P
60396|Frankfurt|P
60400|Frankfurt|P
60401|Frankfurt|P
60402|Frankfurt|P
60403|Frankfurt|P
60404|Frankfurt|P
60406|Frankfurt|P
60407|Frankfurt|P
60441|Frankfurt|P
60442|Frankfurt|P
60443|Frankfurt|P
60444|Frankfurt|P
60445|Frankfurt|P
60446|Frankfurt|P
60447|Frankfurt|P
60456|Frankfurt|P
60457|Frankfurt|P
60459|Frankfurt|P
60460|Frankfurt|P
60461|Frankfurt|P
60491|Frankfurt|P
60492|Frankfurt|P
60493|Frankfurt|P
60494|Frankfurt|P
60495|Frankfurt|P
60496|Frankfurt|P
60497|Frankfurt|P
60498|Frankfurt|P
60503|Frankfurt|P
60504|Frankfurt|P
60505|Frankfurt|P
60507|Frankfurt|P
60508|Frankfurt|P
60531|Frankfurt|P
60532|Frankfurt|P
60533|Frankfurt|P
60534|Frankfurt|P
60551|Frankfurt|P
60552|Frankfurt|P
60553|Frankfurt|P
60554|Frankfurt|P
60555|Frankfurt|P
60556|Frankfurt|P
60557|Frankfurt|P
60558|Frankfurt|P
60559|Frankfurt|P
60560|Frankfurt|P
60561|Frankfurt|P
60562|Frankfurt|P
60570|Frankfurt|P
65901|Frankfurt|P
65902|Frankfurt|P
65903|Frankfurt|P
65904|Frankfurt|P
65905|Frankfurt|P
65906|Frankfurt|P
65907|Frankfurt|P
65908|Frankfurt|P
65913|Frankfurt|P
65914|Frankfurt|P
65915|Frankfurt|P
65916|Frankfurt|P
65917|Frankfurt|P
60291|Frankfurt|G
60544|Frankfurt|G
60605|Frankfurt|P
60606|Frankfurt|P
60608|Frankfurt|G
60610|Frankfurt|G
60607|Frankfurt|G
60101|Frankfurt|P
60102|Frankfurt|P
60103|Frankfurt|P
60567|Frankfurt|P
60568|Frankfurt|P
60611|Frankfurt|G
60609|Frankfurt|G
60612|Frankfurt|G
60613|Frankfurt|G
60614|Frankfurt|G
60482|Frankfurt|G
60620|Frankfurt|G
60621|Frankfurt|G
60622|Frankfurt|G
60623|Frankfurt|G
60223|Frankfurt|G
60624|Frankfurt|G
60397|Frankfurt|P
60625|Frankfurt|G
60630|Frankfurt|G
60521|Frankfurt|G
60626|Frankfurt|G
60114|Frankfurt|P
60115|Frankfurt|P
60627|Frankfurt|G
60524|Frankfurt|G
60628|Frankfurt|G
60485|Frankfurt|G
60629|Frankfurt|G
60631|Frankfurt|G
60422|Frankfurt|G
60700|Frankfurt|G
60438|Frankfurt|N
60289|Frankfurt|G
60290|Frankfurt|G
65927|Frankfurt|G
60632|Frankfurt|G
60638|Frankfurt|G
60639|Frankfurt|G
60633|Frankfurt|G
60429|Frankfurt|G
60699|Frankfurt|G
60650|Frankfurt|G
60379|Frankfurt|G
60643|Frankfurt|G
60644|Frankfurt|G
60645|Frankfurt|G
60651|Frankfurt|G
60309|Frankfurt|G
60377|Frankfurt|G
60652|Frankfurt|G
60654|Frankfurt|G
60634|Frankfurt|G
60600|Frankfurt|G
60604|Frankfurt|P
60647|Frankfurt|G
60306|Frankfurt|H
60185|Frankfurt|G
60310|Frankfurt|H
60060|Frankfurt|G
60270|Frankfurt|G
60648|Frankfurt|G
60266|Frankfurt|G
60640|Frankfurt|G
60490|Frankfurt|G
60637|Frankfurt|G
60312|Frankfurt|H
60213|Frankfurt|G
60315|Frankfurt|H
60280|Frankfurt|G
60281|Frankfurt|G
60279|Frankfurt|G
60282|Frankfurt|G
60615|Frankfurt|G
60287|Frankfurt|G
63065|Offenbach|H
63067|Offenbach|N
63069|Offenbach|N
63071|Offenbach|N
63073|Offenbach|N
63075|Offenbach|N
63063|Offenbach|G
63001|Offenbach|P
63002|Offenbach|P
63003|Offenbach|P
63004|Offenbach|P
63005|Offenbach|P
63006|Offenbach|P
63007|Offenbach|P
63008|Offenbach|P
63009|Offenbach|P
63010|Offenbach|P
63011|Offenbach|P
63012|Offenbach|P
63013|Offenbach|P
63014|Offenbach|P
63015|Offenbach|P
63016|Offenbach|P
63017|Offenbach|P
63018|Offenbach|P
63019|Offenbach|P
63020|Offenbach|P
63021|Offenbach|P
63032|Offenbach|P
63033|Offenbach|P
63034|Offenbach|P
63076|Offenbach|P
63077|Offenbach|P
63078|Offenbach|P
63061|Offenbach|G
63060|Offenbach|G
63064|Offenbach|G
63059|Offenbach|G
63057|Offenbach|G
63058|Offenbach|G
65183|Wiesbaden|H
55246|Mainz-Kostheim|H
55252|Mainz-Kastel|H
65185|Wiesbaden|N
65187|Wiesbaden|N
65189|Wiesbaden|N
65191|Wiesbaden|N
65193|Wiesbaden|N
65195|Wiesbaden|N
65197|Wiesbaden|N
65199|Wiesbaden|N
65201|Wiesbaden|N
65203|Wiesbaden|N
65205|Wiesbaden|N
65207|Wiesbaden|N
65173|Wiesbaden|G
65174|Wiesbaden|G
65175|Wiesbaden|G
65176|Wiesbaden|G
65177|Wiesbaden|G
65178|Wiesbaden|G
65179|Wiesbaden|G
65180|Wiesbaden|G
65181|Wiesbaden|G
55240|Mainz-Kostheim|P
55241|Mainz-Kostheim|P
55242|Mainz-Kostheim|P
55247|Mainz-Kastel|P
55248|Mainz-Kastel|P
65001|Wiesbaden|P
65002|Wiesbaden|P
65003|Wiesbaden|P
65004|Wiesbaden|P
65005|Wiesbaden|P
65006|Wiesbaden|P
65007|Wiesbaden|P
65008|Wiesbaden|P
65009|Wiesbaden|P
65010|Wiesbaden|P
65011|Wiesbaden|P
65012|Wiesbaden|P
65013|Wiesbaden|P
65014|Wiesbaden|P
65015|Wiesbaden|P
65016|Wiesbaden|P
65017|Wiesbaden|P
65018|Wiesbaden|P
65019|Wiesbaden|P
65020|Wiesbaden|P
65021|Wiesbaden|P
65022|Wiesbaden|P
65023|Wiesbaden|P
65024|Wiesbaden|P
65025|Wiesbaden|P
65026|Wiesbaden|P
65027|Wiesbaden|P
65028|Wiesbaden|P
65029|Wiesbaden|P
65030|Wiesbaden|P
65031|Wiesbaden|P
65032|Wiesbaden|P
65033|Wiesbaden|P
65034|Wiesbaden|P
65035|Wiesbaden|P
65036|Wiesbaden|P
65037|Wiesbaden|P
65038|Wiesbaden|P
65039|Wiesbaden|P
65040|Wiesbaden|P
65041|Wiesbaden|P
65042|Wiesbaden|P
65043|Wiesbaden|P
65044|Wiesbaden|P
65045|Wiesbaden|P
65046|Wiesbaden|P
65047|Wiesbaden|P
65048|Wiesbaden|P
65049|Wiesbaden|P
65050|Wiesbaden|P
65051|Wiesbaden|P
65052|Wiesbaden|P
65079|Wiesbaden|P
65080|Wiesbaden|P
65081|Wiesbaden|P
65082|Wiesbaden|P
65083|Wiesbaden|P
65084|Wiesbaden|P
65085|Wiesbaden|P
65089|Wiesbaden|P
65090|Wiesbaden|P
65091|Wiesbaden|P
65102|Wiesbaden|P
65103|Wiesbaden|P
65208|Wiesbaden|P
65212|Wiesbaden|G
65170|Wiesbaden|G
65171|Wiesbaden|G
65172|Wiesbaden|G
65100|Wiesbaden|G
65182|Wiesbaden|G
65169|Wiesbaden|G
65166|Wiesbaden|G
65209|Wiesbaden|G
65164|Wiesbaden|G
65218|Wiesbaden|G
65214|Wiesbaden|G
65215|Wiesbaden|G
65165|Wiesbaden|G
65216|Wiesbaden|G
65140|Wiesbaden|G
65150|Wiesbaden|G
69518|Abtsteinach|H
64625|Bensheim|H
64623|Bensheim|G
64601|Bensheim|P
64602|Bensheim|P
64603|Bensheim|P
64604|Bensheim|P
64605|Bensheim|P
64606|Bensheim|P
64607|Bensheim|P
64608|Bensheim|P
64609|Bensheim|P
64614|Bensheim|P
64615|Bensheim|P
64624|Bensheim|G
68647|Biblis|H
68643|Biblis|P
68644|Biblis|P
68645|Biblis|P
69488|Birkenau|H
68642|Bürstadt|H
68636|Bürstadt|P
68637|Bürstadt|P
68638|Bürstadt|P
64683|Einhausen|H
64658|Fürth|H
64654|Fürth|P
64655|Fürth|P
64385|Gumpener Kreuz|H
69517|Gorxheimertal|H
69515|Gorxheimertal|P
64689|Grasellenbach|H
64687|Grasellenbach|P
68649|Groß-Rohrheim|H
64646|Heppenheim|H
64629|Heppenheim|P
64630|Heppenheim|P
64631|Heppenheim|P
64632|Heppenheim|P
64636|Heppenheim|P
69434|Hirschhorn|H
64757|Unter-Hainbrunn|H
69430|Hirschhorn|P
69431|Hirschhorn|P
69412|Igelsbach|H
68623|Lampertheim|H
68623|Forsthaus Heide|H
68619|Lampertheim|G
68601|Lampertheim|P
68602|Lampertheim|P
68603|Lampertheim|P
68604|Lampertheim|P
68605|Lampertheim|P
68606|Lampertheim|P
68607|Lampertheim|P
68612|Lampertheim|P
68613|Lampertheim|P
64686|Lautertal|H
64684|Lautertal|P
64678|Lindenfels|H
64674|Lindenfels|P
64675|Lindenfels|P
64658|Faustenbach|H
64653|Lorsch|H
64647|Lorsch|P
64648|Lorsch|P
64649|Lorsch|P
69509|Mörlenbach|H
69503|Mörlenbach|P
69504|Mörlenbach|P
69505|Mörlenbach|P
69239|Neckarsteinach|H
69235|Neckarsteinach|P
69236|Neckarsteinach|P
64668|Rimbach|H
64666|Rimbach|P
68519|Viernheim|H
68517|Viernheim|G
68501|Viernheim|P
68502|Viernheim|P
68503|Viernheim|P
68504|Viernheim|P
68505|Viernheim|P
68506|Viernheim|P
68507|Viernheim|P
68508|Viernheim|P
68509|Viernheim|P
69483|Wald-Michelbach|H
69479|Wald-Michelbach|P
69480|Wald-Michelbach|P
64673|Zwingenberg|H
64669|Zwingenberg|P
64670|Zwingenberg|P
64671|Zwingenberg|P
64665|Alsbach-Hähnlein|H
64659|Alsbach-Hähnlein|P
64660|Alsbach-Hähnlein|P
64661|Alsbach-Hähnlein|P
64662|Alsbach-Hähnlein|P
64832|Babenhausen|H
64824|Babenhausen|P
64825|Babenhausen|P
64826|Babenhausen|P
64827|Babenhausen|P
64404|Bickenbach|H
64402|Bickenbach|P
64807|Dieburg|H
64801|Dieburg|P
64802|Dieburg|P
64803|Dieburg|P
64859|Eppertshausen|H
64854|Eppertshausen|P
64855|Eppertshausen|P
64856|Eppertshausen|P
64390|Erzhausen|H
64386|Erzhausen|P
64387|Erzhausen|P
64405|Fischbachtal|H
64405|Fischbachtal|P
64347|Griesheim|H
64343|Griesheim|P
64344|Griesheim|P
64345|Griesheim|P
64346|Griesheim|G
64401|Groß-Bieberau|H
64395|Hippelsbach|H
64398|Groß-Bieberau|P
64823|Groß-Umstadt|H
64818|Groß-Umstadt|P
64819|Groß-Umstadt|P
64820|Groß-Umstadt|P
64821|Groß-Umstadt|P
64846|Groß-Zimmern|H
64840|Groß-Zimmern|P
64841|Groß-Zimmern|P
64842|Groß-Zimmern|P
64409|Messel|H
64409|Messel|P
64397|Modautal|H
64367|Mühltal|H
64355|Mühltal|P
64356|Mühltal|P
64357|Mühltal|P
64359|Mühltal|P
64360|Mühltal|P
64839|Münster|H
64833|Münster|P
64834|Münster|P
64835|Münster|P
64836|Münster|P
64372|Ober-Ramstadt|H
64368|Ober-Ramstadt|P
64369|Ober-Ramstadt|P
64853|Otzberg|H
64319|Pfungstadt|H
64310|Pfungstadt|P
64311|Pfungstadt|P
64312|Pfungstadt|P
64313|Pfungstadt|P
64354|Reinheim|H
64395|Hundertmorgen|H
64348|Reinheim|P
64349|Reinheim|P
64380|Roßdorf|H
64373|Roßdorf|P
64374|Roßdorf|P
64850|Schaafheim|H
64847|Schaafheim|P
64342|Seeheim-Jugenheim|H
64332|Seeheim-Jugenheim|P
64333|Seeheim-Jugenheim|P
64334|Seeheim-Jugenheim|P
64336|Seeheim-Jugenheim|P
64337|Seeheim-Jugenheim|P
64331|Weiterstadt|H
64320|Weiterstadt|P
64321|Weiterstadt|P
64322|Weiterstadt|P
64324|Weiterstadt|P
64584|Biebesheim|H
64580|Biebesheim|P
64581|Biebesheim|P
65474|Bischofsheim|H
65469|Bischofsheim|P
65470|Bischofsheim|P
65471|Bischofsheim|P
65473|Bischofsheim|G
64572|Büttelborn|H
64570|Büttelborn|P
64571|Büttelborn|P
64579|Gernsheim|H
64573|Gernsheim|P
64574|Gernsheim|P
64575|Gernsheim|P
64576|Gernsheim|P
65462|Ginsheim-Gustavsburg|H
65456|Ginsheim-Gustavsburg|P
65457|Ginsheim-Gustavsburg|P
64521|Groß-Gerau|H
64517|Groß-Gerau|G
64518|Groß-Gerau|G
64501|Groß-Gerau|P
64502|Groß-Gerau|P
64503|Groß-Gerau|P
64504|Groß-Gerau|P
64505|Groß-Gerau|P
64506|Groß-Gerau|P
64507|Groß-Gerau|P
64520|Groß-Gerau|G
65451|Kelsterbach|H
65450|Kelsterbach|G
65440|Kelsterbach|P
65441|Kelsterbach|P
65442|Kelsterbach|P
65443|Kelsterbach|P
65444|Kelsterbach|P
64546|Mörfelden-Walldorf|H
64542|Mörfelden-Walldorf|G
64543|Mörfelden-Walldorf|G
64526|Mörfelden-Walldorf|P
64527|Mörfelden-Walldorf|P
64528|Mörfelden-Walldorf|P
64529|Mörfelden-Walldorf|P
64532|Mörfelden-Walldorf|P
64533|Mörfelden-Walldorf|P
64534|Mörfelden-Walldorf|P
64535|Mörfelden-Walldorf|P
64536|Mörfelden-Walldorf|P
64537|Mörfelden-Walldorf|P
64569|Nauheim|H
64561|Nauheim|P
64562|Nauheim|P
64563|Nauheim|P
64564|Nauheim|P
65479|Raunheim|H
64560|Riedstadt|H
64548|Riedstadt|P
64549|Riedstadt|P
64550|Riedstadt|P
64553|Riedstadt|P
65428|Rüsselsheim|H
65423|Rüsselsheim|G
65424|Rüsselsheim|G
65401|Rüsselsheim|P
65402|Rüsselsheim|P
65403|Rüsselsheim|P
65404|Rüsselsheim|P
65405|Rüsselsheim|P
65406|Rüsselsheim|P
65407|Rüsselsheim|P
65408|Rüsselsheim|P
65409|Rüsselsheim|P
65410|Rüsselsheim|P
65416|Rüsselsheim|P
64589|Stockstadt|H
64585|Stockstadt|P
64586|Stockstadt|P
65468|Trebur|H
65463|Trebur|P
65464|Trebur|P
61348|Bad Homburg|H
61350|Bad Homburg|N
61352|Bad Homburg|N
61343|Bad Homburg|G
61281|Bad Homburg|P
61282|Bad Homburg|P
61283|Bad Homburg|P
61284|Bad Homburg|P
61285|Bad Homburg|P
61286|Bad Homburg|P
61287|Bad Homburg|P
61288|Bad Homburg|P
61289|Bad Homburg|P
61290|Bad Homburg|P
61291|Bad Homburg|P
61292|Bad Homburg|P
61293|Bad Homburg|P
61294|Bad Homburg|P
61295|Bad Homburg|P
61345|Bad Homburg|G
61346|Bad Homburg|G
61341|Bad Homburg|G
61300|Bad Homburg|G
61342|Bad Homburg|G
61344|Bad Homburg|G
61381|Friedrichsdorf|H
61362|Friedrichsdorf|P
61363|Friedrichsdorf|P
61364|Friedrichsdorf|P
61365|Friedrichsdorf|P
61366|Friedrichsdorf|P
61371|Friedrichsdorf|P
61378|Friedrichsdorf|G
61377|Friedrichsdorf|G
61479|Glashütten|H
61477|Glashütten|P
65510|Hasenmühle|H
61279|Grävenwiesbach|H
61277|Grävenwiesbach|P
61462|Königstein|H
61451|Königstein|P
61452|Königstein|P
61453|Königstein|P
61454|Königstein|P
61455|Königstein|P
61456|Königstein|P
61476|Kronberg|H
61474|Kronberg|G
61466|Kronberg|P
61467|Kronberg|P
61468|Kronberg|P
61267|Neu-Anspach|H
61440|Oberursel|H
61435|Oberursel|G
61437|Oberursel|G
61401|Oberursel|P
61402|Oberursel|P
61403|Oberursel|P
61404|Oberursel|P
61405|Oberursel|P
61406|Oberursel|P
61407|Oberursel|P
61408|Oberursel|P
61409|Oberursel|P
61410|Oberursel|P
61411|Oberursel|P
61420|Oberursel|P
61422|Oberursel|P
61434|Oberursel|G
61389|Schmitten|H
61385|Schmitten|P
61449|Steinbach|H
61444|Steinbach|P
61445|Steinbach|P
61250|Usingen|H
61241|Usingen|P
61242|Usingen|P
61243|Usingen|P
61273|Wehrheim|H
61273|Saalburg|H
61268|Wehrheim|P
61269|Wehrheim|P
61276|Weilrod|H
61274|Weilrod|P
63619|Bad Orb|H
63611|Bad Orb|P
63612|Bad Orb|P
63613|Bad Orb|P
63614|Bad Orb|P
63628|Bad Soden-Salmünster|H
63620|Bad Soden-Salmünster|P
63623|Bad Soden-Salmünster|P
63624|Bad Soden-Salmünster|P
63621|Bad Soden-Salmünster|P
63599|Biebergemünd|H
63595|Biebergemünd|P
63633|Birstein|H
63699|Birkenstöcke|H
63699|Hanchesmühle|H
63629|Birstein|P
63630|Birstein|P
63636|Brachttal|H
63486|Bruchköbel|H
63478|Bruchköbel|P
63479|Bruchköbel|P
63480|Bruchköbel|P
63481|Bruchköbel|P
63526|Erlensee|H
63518|Erlensee|P
63519|Erlensee|P
63520|Erlensee|P
63521|Erlensee|P
63522|Erlensee|P
63639|Flörsbachtal|H
63579|Freigericht|H
63776|Hüttelngesäß|H
63571|Gelnhausen|H
63589|Tannengrundhof|H
63569|Gelnhausen|G
63551|Gelnhausen|P
63552|Gelnhausen|P
63553|Gelnhausen|P
63554|Gelnhausen|P
63555|Gelnhausen|P
63556|Gelnhausen|P
63557|Gelnhausen|P
63558|Gelnhausen|P
63538|Großkrotzenburg|H
63534|Großkrotzenburg|P
63535|Großkrotzenburg|P
63584|Gründau|H
63580|Gründau|P
63582|Gründau|P
63546|Hammersbach|H
63544|Hammersbach|P
63450|Hanau|H
63452|Hanau|N
63454|Hanau|N
63456|Hanau|N
63457|Hanau|N
63446|Hanau|G
63447|Hanau|G
63401|Hanau|P
63402|Hanau|P
63403|Hanau|P
63404|Hanau|P
63405|Hanau|P
63406|Hanau|P
63407|Hanau|P
63408|Hanau|P
63409|Hanau|P
63410|Hanau|P
63411|Hanau|P
63412|Hanau|P
63413|Hanau|P
63420|Hanau|P
63421|Hanau|P
63422|Hanau|P
63423|Hanau|P
63426|Hanau|P
63427|Hanau|P
63428|Hanau|P
63443|Hanau|G
63442|Hanau|G
63438|Hanau|G
63437|Hanau|G
63441|Hanau|G
63433|Hanau|G
63594|Hasselroth|H
63637|Jossgrund|H
63505|Langenselbold|H
63501|Langenselbold|P
63502|Langenselbold|P
63503|Langenselbold|P
63589|Linsengericht|H
63589|Weißkirchhof|H
63477|Maintal|H
63475|Maintal|G
63461|Maintal|P
63462|Maintal|P
63463|Maintal|P
63464|Maintal|P
63465|Maintal|P
63468|Maintal|P
63469|Maintal|P
63543|Neuberg|H
63543|Bei den Tongruben|H
63539|Neuberg|P
61130|Nidderau|H
61130|Winnerhöfe|H
61123|Nidderau|P
61124|Nidderau|P
61125|Nidderau|P
61138|Niederdorfelden|H
63517|Rodenbach|H
63513|Rodenbach|P
63514|Rodenbach|P
63549|Ronneburg|H
36381|Schlüchtern|H
36371|Schlüchtern|P
36372|Schlüchtern|P
36373|Schlüchtern|P
36374|Schlüchtern|P
36375|Schlüchtern|P
36380|Schlüchtern|G
61137|Schöneck|H
61131|Schöneck|P
61132|Schöneck|P
61133|Schöneck|P
36391|Sinntal|H
36389|Sinntal|P
36396|Steinau|H
36392|Steinau|P
36393|Steinau|P
63607|Wächtersbach|H
63601|Wächtersbach|P
63602|Wächtersbach|P
63603|Wächtersbach|P
65812|Bad Soden|H
65810|Bad Soden|G
65796|Bad Soden|P
65797|Bad Soden|P
65798|Bad Soden|P
65799|Bad Soden|P
65800|Bad Soden|P
65817|Eppstein|H
65760|Eschborn|H
65755|Eschborn|G
65756|Eschborn|G
65757|Eschborn|G
65726|Eschborn|P
65727|Eschborn|P
65728|Eschborn|P
65729|Eschborn|P
65730|Eschborn|P
65731|Eschborn|P
65732|Eschborn|P
65733|Eschborn|P
65734|Eschborn|P
65735|Eschborn|P
65741|Eschborn|P
65742|Eschborn|P
65743|Eschborn|P
65745|Eschborn|P
65746|Eschborn|P
65758|Eschborn|G
65754|Eschborn|G
65439|Flörsheim|H
65438|Flörsheim|G
65432|Flörsheim|P
65433|Flörsheim|P
65434|Flörsheim|P
65795|Hattersheim|H
65780|Hattersheim|P
65781|Hattersheim|P
65782|Hattersheim|P
65783|Hattersheim|P
65789|Hattersheim|P
65784|Hattersheim|G
65239|Hochheim|H
65233|Hochheim|P
65234|Hochheim|P
65235|Hochheim|P
65719|Hofheim|H
65717|Hofheim|G
65701|Hofheim|P
65702|Hofheim|P
65703|Hofheim|P
65704|Hofheim|P
65705|Hofheim|P
65708|Hofheim|P
65709|Hofheim|P
65779|Kelkheim|H
65761|Kelkheim|P
65762|Kelkheim|P
65763|Kelkheim|P
65764|Kelkheim|P
65765|Kelkheim|P
65766|Kelkheim|P
65770|Kelkheim|P
65771|Kelkheim|P
65830|Kriftel|H
65835|Liederbach|H
65824|Schwalbach|H
65818|Schwalbach|P
65819|Schwalbach|P
65820|Schwalbach|P
65823|Schwalbach|G
65843|Sulzbach|H
65842|Sulzbach|G
65840|Sulzbach|G
65844|Sulzbach|G
64732|Bad König|H
64724|Bad König|P
64725|Bad König|P
64726|Bad König|P
64727|Bad König|P
64395|Brensbach|H
64391|Brensbach|P
64393|Brensbach|P
64747|Breuberg|H
64753|Brombachtal|H
64751|Brombachtal|P
64711|Erbach|H
64743|Marbach|H
64407|Fränkisch-Crumbach|H
64407|Fränkisch-Crumbach|P
64739|Höchst|H
64738|Höchst|G
64733|Höchst|P
64734|Höchst|P
64750|Lützelbach|H
64748|Lützelbach|P
64720|Michelstadt|H
64712|Michelstadt|P
64713|Michelstadt|P
64714|Michelstadt|P
64715|Michelstadt|P
64756|Mossautal|H
64385|Reichelsheim|H
64753|Wünschbach|H
64381|Reichelsheim|P
64382|Reichelsheim|P
64740|Oberzent|P
64741|Oberzent|P
64760|Oberzent|H
63128|Dietzenbach|H
63126|Dietzenbach|G
63111|Dietzenbach|P
63112|Dietzenbach|P
63113|Dietzenbach|P
63114|Dietzenbach|P
63115|Dietzenbach|P
63116|Dietzenbach|P
63120|Dietzenbach|P
63117|Dietzenbach|P
63303|Dreieich|H
63299|Dreieich|G
63271|Dreieich|P
63272|Dreieich|P
63276|Dreieich|P
63277|Dreieich|P
63278|Dreieich|P
63280|Dreieich|P
63273|Dreieich|P
63329|Egelsbach|H
63328|Egelsbach|G
63323|Egelsbach|P
63324|Egelsbach|P
63512|Hainburg|H
63506|Hainburg|P
63507|Hainburg|P
63150|Heusenstamm|H
63147|Heusenstamm|G
63129|Heusenstamm|P
63130|Heusenstamm|P
63131|Heusenstamm|P
63132|Heusenstamm|P
63133|Heusenstamm|P
63136|Heusenstamm|P
63150|Wildhof|H
63225|Langen|H
63222|Langen|G
63201|Langen|P
63202|Langen|P
63203|Langen|P
63204|Langen|P
63205|Langen|P
63206|Langen|P
63207|Langen|P
63208|Langen|P
63209|Langen|P
63223|Langen|G
63533|Mainhausen|H
63527|Mainhausen|P
63528|Mainhausen|P
63530|Mainhausen|P
63532|Mainhausen|G
63165|Mühlheim|H
63151|Mühlheim|P
63152|Mühlheim|P
63153|Mühlheim|P
63154|Mühlheim|P
63155|Mühlheim|P
63158|Mühlheim|P
63263|Neu-Isenburg|H
63256|Neu-Isenburg|G
63257|Neu-Isenburg|G
63231|Neu-Isenburg|P
63232|Neu-Isenburg|P
63233|Neu-Isenburg|P
63234|Neu-Isenburg|P
63235|Neu-Isenburg|P
63236|Neu-Isenburg|P
63237|Neu-Isenburg|P
63238|Neu-Isenburg|P
63243|Neu-Isenburg|P
63244|Neu-Isenburg|P
63258|Neu-Isenburg|G
63259|Neu-Isenburg|G
63264|Neu-Isenburg|P
63266|Neu-Isenburg|P
63267|Neu-Isenburg|P
63265|Neu-Isenburg|P
63268|Neu-Isenburg|P
63179|Obertshausen|H
63177|Obertshausen|G
63166|Obertshausen|P
63167|Obertshausen|P
63168|Obertshausen|P
63170|Obertshausen|P
63171|Obertshausen|P
63110|Rodgau|H
63106|Rodgau|G
63083|Rodgau|P
63084|Rodgau|P
63085|Rodgau|P
63087|Rodgau|P
63088|Rodgau|P
63089|Rodgau|P
63090|Rodgau|P
63091|Rodgau|P
63095|Rodgau|P
63096|Rodgau|P
63322|Rödermark|H
63317|Rödermark|G
63318|Rödermark|G
63307|Rödermark|P
63308|Rödermark|P
63309|Rödermark|P
63500|Seligenstadt|H
63499|Seligenstadt|G
63487|Seligenstadt|P
63488|Seligenstadt|P
63489|Seligenstadt|P
63490|Seligenstadt|P
63493|Seligenstadt|P
63494|Seligenstadt|P
65326|Aarbergen|H
65322|Aarbergen|P
65307|Bad Schwalbach|H
65301|Bad Schwalbach|P
65302|Bad Schwalbach|P
65303|Bad Schwalbach|P
65343|Eltville|H
65344|Eltville|N
65345|Eltville|N
65346|Eltville|N
65347|Eltville|N
65331|Eltville|P
65332|Eltville|P
65333|Eltville|P
65334|Eltville|P
65335|Eltville|P
65337|Eltville|P
65341|Eltville|G
65366|Geisenheim|H
65358|Geisenheim|P
65359|Geisenheim|P
65360|Geisenheim|P
65385|Am Rüdesheimer Hafen|H
65321|Heidenrod|H
65329|Hohenstein|H
65510|Hünstetten|H
65510|Hühnerkirche|H
65510|Idstein|H
65501|Idstein|P
65502|Idstein|P
65503|Idstein|P
65509|Idstein|G
65399|Kiedrich|H
65397|Kiedrich|P
65391|Lorch|H
65389|Lorch|P
65527|Niedernhausen|H
65375|Oestrich-Winkel|H
65367|Oestrich-Winkel|P
65368|Oestrich-Winkel|P
65370|Oestrich-Winkel|P
65371|Oestrich-Winkel|P
65385|Rüdesheim am Rhein|H
65376|Rüdesheim am Rhein|P
65377|Rüdesheim am Rhein|P
65378|Rüdesheim am Rhein|P
65379|Rüdesheim am Rhein|P
65388|Schlangenbad|H
65386|Schlangenbad|P
65232|Taunusstein|H
65219|Taunusstein|P
65220|Taunusstein|P
65221|Taunusstein|P
65222|Taunusstein|P
65223|Taunusstein|P
65224|Taunusstein|P
65529|Waldems|H
65396|Walluf|H
65392|Walluf|P
65393|Walluf|P
63674|Altenstadt|H
63668|Altenstadt|P
63669|Altenstadt|P
63671|Altenstadt|P
61231|Bad Nauheim|H
61229|Bad Nauheim|G
61211|Bad Nauheim|P
61212|Bad Nauheim|P
61213|Bad Nauheim|P
61214|Bad Nauheim|P
61215|Bad Nauheim|P
61216|Bad Nauheim|P
61217|Bad Nauheim|P
61118|Bad Vilbel|H
61116|Bad Vilbel|G
61101|Bad Vilbel|P
61102|Bad Vilbel|P
61103|Bad Vilbel|P
61104|Bad Vilbel|P
61105|Bad Vilbel|P
63654|Büdingen|H
63652|Büdingen|G
63641|Büdingen|P
63642|Büdingen|P
63643|Büdingen|P
63644|Büdingen|P
35510|Butzbach|H
35501|Butzbach|P
35502|Butzbach|P
35503|Butzbach|P
35504|Butzbach|P
35509|Butzbach|G
35508|Butzbach|G
61209|Echzell|H
61200|Am Römerhof|H
61200|Am Römerschacht|H
61207|Echzell|P
61203|Bingenheimer Mühle|H
61203|Eiserhof|H
61203|Winterhof|H
61197|Florstadt|H
61195|Florstadt|P
61169|Friedberg|H
61167|Friedberg|G
61141|Friedberg|P
61142|Friedberg|P
61143|Friedberg|P
61144|Friedberg|P
61145|Friedberg|P
61146|Friedberg|P
61147|Friedberg|P
61148|Friedberg|P
61149|Friedberg|P
61150|Friedberg|P
61151|Friedberg|P
61152|Friedberg|P
63688|Gedern|H
63684|Gedern|P
63685|Gedern|P
63695|Glauburg|H
63695|Glauburg|P
63697|Hirzenhain|H
63697|Hirzenhain|P
61184|Karben|H
61182|Karben|G
61174|Karben|P
61175|Karben|P
63699|Kefenrod|H
63699|Loosemühle|H
63694|Limeshain|H
35516|Münzenberg|H
63667|Nidda|H
63658|Nidda|P
63659|Nidda|P
63660|Nidda|P
61194|Niddatal|H
61239|Ober-Mörlen|H
61236|Ober-Mörlen|P
61237|Ober-Mörlen|P
63683|Ortenberg|H
63680|Ortenberg|P
63681|Ortenberg|P
63691|Ranstadt|H
63689|Ranstadt|P
61203|Reichelsheim|H
61201|Reichelsheim|P
35519|Rockenberg|H
35517|Rockenberg|P
61191|Rosbach|H
61185|Rosbach|P
61186|Rosbach|P
61200|Wölfersheim|H
61209|Kreuzquelle|H
61198|Wölfersheim|P
61206|Wöllstadt|H
61204|Wöllstadt|P
35469|Allendorf|H
35444|Biebertal|H
35441|Biebertal|P
35442|Biebertal|P
35418|Buseck|H
35416|Buseck|P
35417|Buseck|P
35463|Fernwald|H
35461|Fernwald|P
35390|Gießen|H
35392|Gießen|N
35394|Gießen|N
35396|Gießen|N
35398|Gießen|N
35385|Gießen|G
35386|Gießen|G
35387|Gießen|G
35331|Gießen|P
35332|Gießen|P
35333|Gießen|P
35334|Gießen|P
35335|Gießen|P
35336|Gießen|P
35337|Gießen|P
35338|Gießen|P
35339|Gießen|P
35340|Gießen|P
35346|Gießen|P
35347|Gießen|P
35348|Gießen|P
35349|Gießen|P
35350|Gießen|P
35351|Gießen|P
35352|Gießen|P
35353|Gießen|P
35354|Gießen|P
35355|Gießen|P
35356|Gießen|P
35357|Gießen|P
35358|Gießen|P
35359|Gießen|P
35360|Gießen|P
35399|Gießen|P
35402|Gießen|G
35400|Gießen|G
35388|Gießen|G
35383|Gießen|G
35384|Gießen|G
35381|Gießen|G
35305|Grünberg|H
35301|Grünberg|P
35302|Grünberg|P
35452|Heuchelheim|H
35448|Heuchelheim|P
35449|Heuchelheim|P
35410|Hungen|H
35406|Hungen|P
35407|Hungen|P
35428|Langgöns|H
35424|Langgöns|P
35425|Langgöns|P
35321|Laubach|H
35316|Laubach|P
35317|Laubach|P
35318|Laubach|P
35423|Lich|H
35419|Lich|P
35420|Lich|P
35440|Linden|H
35436|Linden|P
35437|Linden|P
35457|Lollar|H
35453|Lollar|P
35454|Lollar|P
35415|Pohlheim|H
35411|Pohlheim|P
35412|Pohlheim|P
35466|Rabenau|H
35447|Reiskirchen|H
35445|Reiskirchen|P
35460|Staufenberg|H
35435|Wettenberg|H
35429|Wettenberg|P
35432|Wettenberg|P
35614|Aßlar|H
35630|Heinrichsegen|H
35607|Aßlar|P
35608|Aßlar|P
35649|Bischoffen|H
35619|Braunfels|H
35615|Braunfels|P
35616|Braunfels|P
35767|Breitscheid|H
35765|Breitscheid|P
35716|Dietzhölztal|H
35714|Dietzhölztal|P
35683|Dillenburg|H
35684|Dillenburg|N
35685|Dillenburg|N
35686|Dillenburg|N
35687|Dillenburg|N
35688|Dillenburg|N
35689|Dillenburg|N
35690|Dillenburg|N
35661|Dillenburg|P
35662|Dillenburg|P
35663|Dillenburg|P
35664|Dillenburg|P
35665|Dillenburg|P
35666|Dillenburg|P
35667|Dillenburg|P
35668|Dillenburg|P
35759|Driedorf|H
35757|Driedorf|P
35630|Ehringshausen|H
35626|Ehringshausen|P
35627|Ehringshausen|P
35713|Eschenburg|H
35709|Eschenburg|P
35710|Eschenburg|P
35753|Greifenstein|H
35708|Haiger|H
35701|Haiger|P
35702|Haiger|P
35703|Haiger|P
35745|Herborn|H
35721|Herborn|P
35722|Herborn|P
35723|Herborn|P
35724|Herborn|P
35725|Herborn|P
35726|Herborn|P
35727|Herborn|P
35728|Herborn|P
35729|Herborn|P
35644|Hohenahr|H
35642|Hohenahr|P
35625|Hüttenberg|H
35620|Hüttenberg|P
35621|Hüttenberg|P
35622|Hüttenberg|P
35633|Lahnau|H
35631|Lahnau|P
35638|Leun|H
35756|Mittenaar|H
35754|Mittenaar|P
35641|Schöffengrund|H
35768|Siegbach|H
35764|Sinn|H
35760|Sinn|P
35761|Sinn|P
35606|Solms|H
35599|Solms|P
35600|Solms|P
35647|Waldsolms|H
35645|Waldsolms|P
35576|Wetzlar|H
35578|Wetzlar|N
35579|Wetzlar|N
35580|Wetzlar|N
35581|Wetzlar|N
35582|Wetzlar|N
35583|Wetzlar|N
35584|Wetzlar|N
35585|Wetzlar|N
35586|Wetzlar|N
35573|Wetzlar|G
35521|Wetzlar|P
35522|Wetzlar|P
35523|Wetzlar|P
35524|Wetzlar|P
35525|Wetzlar|P
35526|Wetzlar|P
35527|Wetzlar|P
35528|Wetzlar|P
35529|Wetzlar|P
35530|Wetzlar|P
35531|Wetzlar|P
35532|Wetzlar|P
35533|Wetzlar|P
35534|Wetzlar|P
35535|Wetzlar|P
35536|Wetzlar|P
35537|Wetzlar|P
35538|Wetzlar|P
35539|Wetzlar|P
35549|Wetzlar|P
35574|Wetzlar|G
65614|Beselich|H
65612|Beselich|P
65611|Brechen|H
65520|Bad Camberg|H
65516|Bad Camberg|P
65517|Bad Camberg|P
65599|Dornburg|H
65598|Dornburg|P
65627|Elbtal|H
65604|Elz|H
65600|Elz|P
65601|Elz|P
65589|Hadamar|H
65583|Hadamar|P
65584|Hadamar|P
65585|Hadamar|P
65597|Hünfelden|H
65595|Hünfelden|P
65549|Limburg|H
65550|Limburg|N
65551|Limburg|N
65552|Limburg|N
65553|Limburg|N
65554|Limburg|N
65555|Limburg|N
65556|Limburg|N
65547|Limburg|G
65531|Limburg|P
65532|Limburg|P
65533|Limburg|P
65534|Limburg|P
65535|Limburg|P
65536|Limburg|P
65542|Limburg|P
65543|Limburg|P
65546|Limburg|G
35792|Löhnberg|H
35790|Löhnberg|P
35794|Mengerskirchen|H
35793|Mengerskirchen|P
35799|Merenberg|H
35797|Merenberg|P
65594|Runkel|H
65618|Selters|H
65617|Selters|G
65606|Villmar|H
65620|Waldbrunn|H
35781|Weilburg|H
35779|Weilburg|G
35771|Weilburg|P
35772|Weilburg|P
35773|Weilburg|P
35774|Weilburg|P
35789|Weilmünster|H
35785|Weilmünster|P
35786|Weilmünster|P
35796|Weinbach|H
35287|Amöneburg|H
35719|Angelburg|H
35080|Bad Endbach|H
35076|Bad Endbach|P
35078|Bad Endbach|P
35216|Biedenkopf|H
35216|Waldhaus Grebe|H
35201|Biedenkopf|P
35202|Biedenkopf|P
35203|Biedenkopf|P
35204|Biedenkopf|P
35205|Biedenkopf|P
35236|Breidenbach|H
35091|Cölbe|H
35232|Dautphetal|H
35228|Dautphetal|P
35230|Dautphetal|P
35085|Ebsdorfergrund|H
35112|Fronhausen|H
35111|Fronhausen|P
35075|Gladenbach|H
35067|Gladenbach|P
35068|Gladenbach|P
35069|Gladenbach|P
35274|Kirchhain|H
35267|Kirchhain|P
35268|Kirchhain|P
35269|Kirchhain|P
35094|Lahntal|H
35102|Lohra|H
35100|Lohra|P
35037|Marburg|H
35039|Marburg|N
35041|Marburg|N
35032|Marburg|G
35033|Marburg|G
35034|Marburg|G
35035|Marburg|G
35001|Marburg|P
35002|Marburg|P
35003|Marburg|P
35004|Marburg|P
35005|Marburg|P
35006|Marburg|P
35007|Marburg|P
35008|Marburg|P
35009|Marburg|P
35010|Marburg|P
35011|Marburg|P
35017|Marburg|P
35018|Marburg|P
35020|Marburg|P
35021|Marburg|P
35031|Marburg|G
35043|Marburg|N
35094|Michelbacher Mühle|H
35036|Marburg|G
35117|Münchhausen|H
35279|Neustadt|H
35275|Neustadt|P
35276|Neustadt|P
35282|Rauschenberg|H
35260|Stadtallendorf|H
35251|Stadtallendorf|P
35252|Stadtallendorf|P
35253|Stadtallendorf|P
35254|Stadtallendorf|P
35239|Steffenberg|H
35237|Steffenberg|P
35096|Weimar|H
35095|Weimar|P
35083|Wetter|H
35288|Wohratal|H
36304|Alsfeld|H
36291|Alsfeld|P
36292|Alsfeld|P
36293|Alsfeld|P
36294|Alsfeld|P
36295|Alsfeld|P
36296|Alsfeld|P
36326|Antrifttal|H
36325|Feldatal|H
36324|Feldatal|P
36399|Freiensteinau|H
35329|Gemünden|H
36323|Grebenau|H
36355|Grebenhain|H
36352|Grebenhain|P
36353|Grebenhain|P
36358|Herbstein|H
36356|Herbstein|P
35315|Homberg|H
35311|Homberg|P
35312|Homberg|P
36320|Kirtorf|H
36326|Dammeshof|H
36326|Dammesmühle|H
36341|Lauterbach|H
36339|Lauterbach|G
36331|Lauterbach|P
36332|Lauterbach|P
36333|Lauterbach|P
36338|Lauterbach|G
36369|Lautertal|H
35325|Mücke|H
36329|Romrod|H
36329|Romrod|P
36110|Schlitz|H
36104|Schlitz|P
36105|Schlitz|P
36106|Schlitz|P
63679|Schotten|H
63675|Schotten|P
63676|Schotten|P
36318|Schwalmtal|H
36304|Hardtmühle|H
35327|Ulrichstein|H
36367|Wartenberg|H
34117|Kassel|H
34119|Kassel|N
34121|Kassel|N
34123|Kassel|N
34125|Kassel|N
34127|Kassel|N
34128|Kassel|N
34130|Kassel|N
34131|Kassel|N
34132|Kassel|N
34134|Kassel|N
34108|Kassel|G
34109|Kassel|G
34110|Kassel|G
34111|Kassel|G
34112|Kassel|G
34113|Kassel|G
34114|Kassel|G
34001|Kassel|P
34002|Kassel|P
34003|Kassel|P
34004|Kassel|P
34005|Kassel|P
34006|Kassel|P
34007|Kassel|P
34008|Kassel|P
34009|Kassel|P
34010|Kassel|P
34011|Kassel|P
34012|Kassel|P
34013|Kassel|P
34014|Kassel|P
34015|Kassel|P
34016|Kassel|P
34017|Kassel|P
34018|Kassel|P
34019|Kassel|P
34020|Kassel|P
34021|Kassel|P
34022|Kassel|P
34023|Kassel|P
34024|Kassel|P
34025|Kassel|P
34026|Kassel|P
34027|Kassel|P
34028|Kassel|P
34029|Kassel|P
34030|Kassel|P
34031|Kassel|P
34032|Kassel|P
34033|Kassel|P
34034|Kassel|P
34035|Kassel|P
34036|Kassel|P
34037|Kassel|P
34038|Kassel|P
34039|Kassel|P
34040|Kassel|P
34041|Kassel|P
34057|Kassel|P
34058|Kassel|P
34059|Kassel|P
34060|Kassel|P
34063|Kassel|P
34064|Kassel|P
34065|Kassel|P
34066|Kassel|P
34067|Kassel|P
34070|Kassel|P
34071|Kassel|P
34233|Kassel|N
34355|Kassel|N
34080|Kassel|P
34081|Kassel|P
34082|Kassel|P
34115|Kassel|G
34200|Kassel|G
34199|Kassel|G
34197|Kassel|G
34198|Kassel|G
34107|Kassel|G
34195|Kassel|G
34196|Kassel|G
34106|Kassel|G
34105|Kassel|G
34101|Kassel|G
34194|Kassel|G
36364|Bad Salzschlirf|H
36359|Bad Salzschlirf|P
36360|Bad Salzschlirf|P
36361|Bad Salzschlirf|P
36151|Burghaun|H
36166|Sennhütte|H
36149|Burghaun|P
36160|Dipperz|H
36158|Dipperz|P
36157|Ebersburg|H
36115|Ehrenberg|H
36124|Eichenzell|H
36120|Eichenzell|P
36121|Eichenzell|P
36046|Eichenzell|P
36132|Eiterfeld|H
36103|Flieden|H
36101|Flieden|P
36037|Fulda|H
36039|Fulda|N
36041|Fulda|N
36043|Fulda|N
36035|Fulda|G
36001|Fulda|P
36002|Fulda|P
36003|Fulda|P
36004|Fulda|P
36005|Fulda|P
36006|Fulda|P
36007|Fulda|P
36008|Fulda|P
36009|Fulda|P
36010|Fulda|P
36011|Fulda|P
36012|Fulda|P
36013|Fulda|P
36014|Fulda|P
36015|Fulda|P
36044|Fulda|P
36047|Fulda|G
36036|Fulda|G
36030|Fulda|G
36400|Fulda|G
36029|Fulda|G
36032|Fulda|G
36028|Fulda|G
36129|Gersfeld|H
36125|Gersfeld|P
36126|Gersfeld|P
36137|Großenlüder|H
36133|Großenlüder|P
36134|Großenlüder|P
36115|Hilders|H
36111|Hilders|P
36112|Hilders|P
36145|Hofbieber|H
36143|Hofbieber|P
36154|Hosenfeld|H
36088|Hünfeld|H
36084|Hünfeld|G
36085|Hünfeld|G
36080|Hünfeld|P
36081|Hünfeld|P
36082|Hünfeld|P
36086|Hünfeld|G
36148|Kalbach|H
36146|Kalbach|P
36093|Künzell|H
36089|Künzell|P
36090|Künzell|P
36119|Neuhof|H
36154|Zwickmühle|H
36116|Neuhof|P
36117|Neuhof|P
36167|Nüsttal|H
36100|Petersberg|H
36094|Petersberg|P
36095|Petersberg|P
36096|Petersberg|P
36163|Poppenhausen|H
36161|Poppenhausen|P
36169|Rasdorf|H
36142|Tann|H
36211|Alheim|H
36209|Alheim|P
36251|Bad Hersfeld|H
36246|Bad Hersfeld|G
36247|Bad Hersfeld|G
36221|Bad Hersfeld|P
36222|Bad Hersfeld|P
36223|Bad Hersfeld|P
36224|Bad Hersfeld|P
36225|Bad Hersfeld|P
36226|Bad Hersfeld|P
36227|Bad Hersfeld|P
36228|Bad Hersfeld|P
36229|Bad Hersfeld|P
36230|Bad Hersfeld|P
36231|Bad Hersfeld|P
36244|Bad Hersfeld|G
36249|Bad Hersfeld|G
36242|Bad Hersfeld|G
36248|Bad Hersfeld|G
36179|Bebra|H
36171|Bebra|P
36172|Bebra|P
36173|Bebra|P
36174|Bebra|P
36287|Breitenbach|H
36219|Cornberg|H
36289|Friedewald|H
36282|Hauneck|H
36166|Haunetal|H
36266|Heringen|H
36262|Heringen|P
36263|Heringen|P
36284|Hohenroda|H
36275|Kirchheim|H
36273|Kirchheim|P
36251|Ludwigsau|H
36214|Nentershausen|H
36212|Nentershausen|P
36179|Gunkelrode|H
36219|Menglers|H
36208|Bellers|H
36286|Neuenstein|H
36272|Niederaula|H
36270|Niederaula|P
36271|Niederaula|G
36243|Niederaula|G
36269|Philippsthal|H
36267|Philippsthal|P
36217|Ronshausen|H
36199|Rotenburg|H
36187|Rotenburg|P
36188|Rotenburg|P
36189|Rotenburg|P
36190|Rotenburg|P
36277|Schenklengsfeld|H
36208|Wildeck|H
36206|Wildeck|P
34292|Ahnatal|H
34246|Hof Mondschirm|H
34291|Ahnatal|P
34385|Bad Karlshafen|H
34380|Bad Karlshafen|P
34381|Bad Karlshafen|P
34225|Baunatal|H
34216|Baunatal|P
34217|Baunatal|P
34218|Baunatal|P
34219|Baunatal|G
34479|Breuna|H
34379|Calden|H
34308|Bad Emstal|H
34306|Bad Emstal|P
34314|Espenau|H
34312|Espenau|P
34277|Fuldabrück|H
34271|Fuldabrück|P
34272|Fuldabrück|P
34273|Fuldabrück|P
34233|Fuldatal|H
34127|Am Sandkopf|H
34226|Fuldatal|P
34227|Fuldatal|P
34228|Fuldatal|P
34229|Fuldatal|P
34393|Grebenstein|H
34389|Grebenstein|P
34390|Grebenstein|P
34391|Grebenstein|P
34317|Habichtswald|H
34315|Habichtswald|P
34298|Helsa|H
34296|Helsa|P
34369|Hofgeismar|H
34361|Hofgeismar|P
34362|Hofgeismar|P
34363|Hofgeismar|P
34376|Immenhausen|H
34373|Immenhausen|P
34374|Immenhausen|P
34260|Kaufungen|H
34254|Kaufungen|P
34255|Kaufungen|P
34257|Kaufungen|P
34258|Kaufungen|P
34396|Liebenau|H
34253|Lohfelden|H
34247|Lohfelden|P
34248|Lohfelden|P
34249|Lohfelden|P
34250|Lohfelden|P
34311|Naumburg|H
34309|Naumburg|P
34329|Nieste|H
34266|Niestetal|H
34261|Niestetal|P
34262|Niestetal|P
34264|Niestetal|P
34265|Niestetal|G
34359|Reinhardshagen|H
34356|Reinhardshagen|P
34357|Reinhardshagen|P
34270|Schauenburg|H
34320|Söhrewald|H
34318|Söhrewald|P
34388|Trendelburg|H
34386|Trendelburg|P
34246|Vellmar|H
34234|Vellmar|P
34235|Vellmar|P
34236|Vellmar|P
34237|Vellmar|P
34238|Vellmar|P
34242|Vellmar|P
34466|Wolfhagen|H
34458|Wolfhagen|P
34459|Wolfhagen|P
34460|Wolfhagen|P
34461|Wolfhagen|P
34289|Zierenberg|H
34287|Zierenberg|P
34399|Wesertal|H
34582|Borken|H
34577|Borken|P
34578|Borken|P
34295|Edermünde|H
34225|Kahler Berg|H
34587|Felsberg|H
34583|Felsberg|P
34584|Felsberg|P
34585|Felsberg|P
34621|Frielendorf|H
34619|Frielendorf|P
34560|Fritzlar|H
34551|Fritzlar|P
34552|Fritzlar|P
34553|Fritzlar|P
34554|Fritzlar|P
34558|Fritzlar|G
34630|Gilserberg|H
34629|Gilserberg|P
34281|Gudensberg|H
34278|Gudensberg|P
34279|Gudensberg|P
34305|Gestecke|H
34302|Guxhagen|H
34299|Guxhagen|P
34300|Guxhagen|P
34576|Homberg|H
34567|Homberg|P
34568|Homberg|P
34569|Homberg|P
34570|Homberg|P
34574|Homberg|G
34632|Jesberg|H
34593|Knüllwald|H
34327|Körle|H
34323|Malsfeld|H
34212|Melsungen|H
34209|Melsungen|G
34201|Melsungen|P
34202|Melsungen|P
34203|Melsungen|P
34204|Melsungen|P
34326|Morschen|H
34599|Neuental|H
34626|Neukirchen|H
34622|Neukirchen|P
34623|Neukirchen|P
34305|Niedenstein|H
34303|Niedenstein|P
36280|Oberaula|H
36278|Oberaula|P
34633|Ottrau|H
34637|Schrecksbach|H
34613|Schwalmstadt|H
34601|Schwalmstadt|P
34602|Schwalmstadt|P
34603|Schwalmstadt|P
34606|Schwalmstadt|P
34607|Schwalmstadt|P
34639|Schwarzenborn|H
34286|Spangenberg|H
34282|Spangenberg|P
34283|Spangenberg|P
34590|Wabern|H
34576|Grünhof|H
34588|Wabern|P
34628|Willingshausen|H
34596|Bad Zwesten|H
35108|Allendorf|H
35107|Allendorf|G
35105|Allendorf|P
34454|Bad Arolsen|H
34441|Bad Arolsen|P
34442|Bad Arolsen|P
34443|Bad Arolsen|P
34444|Bad Arolsen|P
34445|Bad Arolsen|P
34537|Bad Wildungen|H
34535|Bad Wildungen|G
34521|Bad Wildungen|P
34522|Bad Wildungen|P
34523|Bad Wildungen|P
34524|Bad Wildungen|P
34525|Bad Wildungen|P
34526|Bad Wildungen|P
35088|Battenberg|H
35086|Battenberg|P
35099|Burgwald|H
35097|Burgwald|P
34519|Diemelsee|H
34474|Diemelstadt|H
34472|Diemelstadt|P
34549|Edertal|H
34547|Edertal|P
35110|Frankenau|H
35066|Frankenberg|H
35285|Gemünden|H
35283|Gemünden|P
35114|Haina|H
35116|Hatzfeld|H
34497|Korbach|H
34495|Korbach|G
34481|Korbach|P
34482|Korbach|P
34483|Korbach|P
34484|Korbach|P
34485|Korbach|P
34486|Korbach|P
34487|Korbach|P
34513|Klippmühle|H
34494|Korbach|G
35104|Lichtenfels|H
35119|Rosenthal|H
34477|Twistetal|H
34516|Vöhl|H
34471|Volkmarsen|H
34467|Volkmarsen|P
34468|Volkmarsen|P
34513|Waldeck|H
34509|Waldeck|P
34516|Fürstental|H
34508|Willingen|H
34502|Willingen|P
37242|Bad Sooden-Allendorf|H
37236|Bad Sooden-Allendorf|P
37237|Bad Sooden-Allendorf|P
37238|Bad Sooden-Allendorf|P
37297|Berkatal|H
37269|Eschwege|H
37267|Eschwege|G
37251|Eschwege|P
37252|Eschwege|P
37253|Eschwege|P
37254|Eschwege|P
37255|Eschwege|P
37256|Eschwege|P
37257|Eschwege|P
37258|Eschwege|P
37247|Großalmerode|H
37293|Herleshausen|H
37291|Herleshausen|P
37235|Hessisch Lichtenau|H
37230|Hessisch Lichtenau|P
37231|Hessisch Lichtenau|P
37276|Meinhard|H
37290|Meißner|H
37249|Neu-Eichenberg|H
37296|Ringgau|H
37294|Ringgau|P
36205|Sontra|H
36200|Sontra|P
36201|Sontra|P
36202|Sontra|P
37284|Waldkappel|H
37282|Waldkappel|P
37281|Wanfried|H
37277|Wanfried|P
37278|Wanfried|P
37287|Wehretal|H
37285|Wehretal|P
37299|Weißenborn|H
37217|Witzenhausen|H
37214|Witzenhausen|N
37215|Witzenhausen|N
37216|Witzenhausen|N
37218|Witzenhausen|N
37201|Witzenhausen|P
37202|Witzenhausen|P
37203|Witzenhausen|P
37204|Witzenhausen|P
37205|Witzenhausen|P
37206|Witzenhausen|P
37213|Witzenhausen|N
37217|Nonnenholz|H
56068|Koblenz|H
56070|Koblenz|N
56072|Koblenz|N
56073|Koblenz|N
56075|Koblenz|N
56076|Koblenz|N
56077|Koblenz|N
56056|Koblenz|G
56057|Koblenz|G
56058|Koblenz|G
56060|Koblenz|G
56062|Koblenz|G
56063|Koblenz|G
56064|Koblenz|G
56065|Koblenz|G
56001|Koblenz|P
56002|Koblenz|P
56003|Koblenz|P
56004|Koblenz|P
56005|Koblenz|P
56006|Koblenz|P
56007|Koblenz|P
56008|Koblenz|P
56009|Koblenz|P
56010|Koblenz|P
56011|Koblenz|P
56012|Koblenz|P
56013|Koblenz|P
56014|Koblenz|P
56015|Koblenz|P
56016|Koblenz|P
56017|Koblenz|P
56045|Koblenz|P
56031|Koblenz|P
56032|Koblenz|P
56033|Koblenz|P
56034|Koblenz|P
56055|Koblenz|G
56026|Koblenz|P
56027|Koblenz|P
56028|Koblenz|P
56029|Koblenz|P
56054|Koblenz|G
56037|Koblenz|G
56100|Koblenz|G
56053|Koblenz|G
56080|Koblenz|G
56059|Koblenz|G
56066|Koblenz|G
56079|Koblenz|G
56040|Koblenz|G
56078|Koblenz|G
56048|Koblenz|G
53518|Adenau|H
53511|Adenau|P
53512|Adenau|P
53513|Adenau|P
53506|Ahrbrück|H
56746|Langhardt|H
53505|Altenahr|H
53533|Antweiler|H
53533|Aremberg|H
53498|Bad Breisig|H
53490|Bad Breisig|P
53491|Bad Breisig|P
53492|Bad Breisig|P
53493|Bad Breisig|P
53494|Bad Breisig|P
53474|Bad Neuenahr-Ahrweiler|H
53439|Bad Neuenahr-Ahrweiler|P
53440|Bad Neuenahr-Ahrweiler|P
53441|Bad Neuenahr-Ahrweiler|P
53442|Bad Neuenahr-Ahrweiler|P
53443|Bad Neuenahr-Ahrweiler|P
53444|Bad Neuenahr-Ahrweiler|P
53445|Bad Neuenahr-Ahrweiler|P
53446|Bad Neuenahr-Ahrweiler|P
53447|Bad Neuenahr-Ahrweiler|P
53448|Bad Neuenahr-Ahrweiler|P
53449|Bad Neuenahr-Ahrweiler|P
53456|Bad Neuenahr-Ahrweiler|P
53457|Bad Neuenahr-Ahrweiler|P
53458|Bad Neuenahr-Ahrweiler|P
53459|Bad Neuenahr-Ahrweiler|P
53460|Bad Neuenahr-Ahrweiler|P
53464|Bad Neuenahr-Ahrweiler|P
53470|Bad Neuenahr-Ahrweiler|G
53455|Bad Neuenahr-Ahrweiler|G
53534|Barweiler|H
53518|Kottenbornermühle|H
53534|Bauler|H
53505|Berg|H
56656|Brohl-Lützing|H
56654|Brohl-Lützing|P
53520|Dankerath|H
53426|Dedenbach|H
53507|Dernau|H
53533|Dorsel|H
53533|Eichenbach|H
53533|Fuchshofen|H
53498|Gönnersdorf|H
53520|Harscheid|H
53506|Heckenbach|H
53518|Herschbroich|H
53506|Hönningen|H
53534|Hoffeld|H
53518|Honerath|H
53520|Hümmel|H
53520|Insul|H
53505|Kalenborn|H
53520|Kaltenborn|H
53506|Kesseling|H
53505|Kirchsahr|H
53426|Königsfeld|H
53518|Kottenborn|H
53518|Leimbach|H
53506|Lind|H
53508|Mayschoß|H
53520|Meuspath|H
53520|Müllenbach|H
53533|Müsch|H
56651|Niederdürenbach|H
56651|Niederzissen|H
53520|Nürburg|H
56651|Oberdürenbach|H
56651|Oberzissen|H
53520|Ohlenhard|H
53534|Pomster|H
53518|Quiddelbach|H
53506|Rech|H
53520|Reifferscheid|H
53424|Remagen|H
53423|Remagen|G
53401|Remagen|P
53402|Remagen|P
53403|Remagen|P
53404|Remagen|P
53405|Remagen|P
53406|Remagen|P
53407|Remagen|P
53520|Rodder|H
53426|Schalkenbach|H
53520|Schuld|H
53520|Senscheid|H
53520|Sierscheid|H
53489|Sinzig|H
53475|Sinzig|P
53476|Sinzig|P
53477|Sinzig|P
53478|Sinzig|P
53520|Trierscheid|H
53498|Waldorf|H
53520|Wershofen|H
53520|Daubiansmühle|H
53533|Laufenbacherhof|H
53534|Wiesemscheid|H
53518|Wimbach|H
53520|Winnerath|H
53534|Wirft|H
53534|Kirmutscheid|H
53501|Grafschaft|H
56651|Brenk|H
56659|Burgbrohl|H
56657|Burgbrohl|P
56651|Galenberg|H
56653|Glees|H
56653|Maria Laach|H
56746|Hohenleimbach|H
56746|Spessart|H
56653|Wassenach|H
56653|Wehr|H
56745|Weibern|H
53520|Dümpelfeld|H
56746|Kempenich|H
57610|Almersbach|H
57518|Alsdorf|H
57610|Bachenberg|H
57632|Berzhausen|H
57518|Betzdorf|H
57517|Betzdorf|G
57501|Betzdorf|P
57502|Betzdorf|P
57503|Betzdorf|P
57504|Betzdorf|P
57505|Betzdorf|P
57506|Betzdorf|P
57507|Betzdorf|P
57508|Betzdorf|P
57589|Birkenbeul|H
57587|Birken-Honigsessen|H
57612|Birnbach|H
57539|Bitzen|H
57537|Mittelhof|H
57555|Brachbach|H
57539|Breitscheidt|H
57539|Bruchertseifen|H
56593|Bürdenbach|H
57632|Burglahr|H
57612|Busenhausen|H
57567|Daaden|H
57563|Daaden|P
57564|Daaden|P
57520|Derschen|H
57520|Dickendorf|H
57612|Eichelhardt|H
57632|Eichen|H
57580|Elben|H
57580|Elben|P
57578|Elkenroth|H
57578|Elkenroth|P
57520|Emmerzhausen|H
57635|Ersfeld|H
57539|Etzbach|H
57539|Heckenhof|H
57539|Herrgottsau|H
57632|Eulenberg|H
57580|Fensdorf|H
57580|Fensdorf|P
57635|Fiersbach|H
57632|Flammersfeld|H
57630|Flammersfeld|P
57614|Fluterschen|H
57537|Forst|H
57537|Dellingen|H
57537|Kaltau|H
57537|Lechenbach|H
57635|Forstmehren|H
57520|Friedewald|H
51598|Friesenhagen|H
57548|Diedenberg|H
57539|Fürthen|H
57580|Gebhardshain|H
57580|Gebhardshain|P
57610|Gieleroth|H
57632|Giershausen|H
57520|Grünebach|H
56593|Güllesheim|H
57577|Hamm|H
57573|Hamm|P
57574|Hamm|P
57572|Harbach|H
57635|Hasselbach|H
57612|Helmenzen|H
57612|Helmeroth|H
57612|Hemmelzen|H
57562|Herdorf|H
57556|Herdorf|P
57557|Herdorf|P
57558|Herdorf|P
57612|Heupelzen|H
57612|Hilgenroth|H
57635|Hirz-Maulsbach|H
57537|Hövels|H
57587|Mühlenthal|H
56593|Horhausen|H
56590|Horhausen|P
57612|Idelberg|H
57610|Ingelbach|H
57612|Ingelbach-Bahnhof|H
57612|Isert|H
57520|Kausen|H
57632|Kescheid|H
57612|Kettenhausen|H
57635|Kircheib|H
57548|Kirchen|H
57555|Euteneuen|H
57635|Kraam|H
56593|Krunkel|H
57629|Malberg|H
57636|Mammelzen|H
57520|Mauden|H
57635|Mehren|H
57610|Michelbach|H
57520|Molzhain|H
57555|Mudersbach|H
57549|Mudersbach|P
57550|Mudersbach|P
57583|Nauroth|H
57638|Neitersen|H
57520|Niederdreisbach|H
57572|Niederfischbach|H
57568|Niederfischbach|P
57569|Niederfischbach|P
57589|Niederirsen|H
56593|Niedersteinebach|H
56472|Nisterberg|H
57581|Katzwinkel|H
57612|Obererbach|H
57635|Oberirsen|H
57641|Oberlahr|H
56593|Obersteinebach|H
57614|Oberwambach|H
57612|Ölsen|H
57589|Friedenthal|H
57632|Orfgen|H
57632|Peterslahr|H
56593|Pleckhausen|H
56593|Pleckhausermühle|H
57589|Pracht|H
57612|Racksen|H
57632|Reiferscheid|H
57635|Rettersen|H
57520|Rosenheim|H
57520|Rosenheimerlay|H
57539|Roth|H
57537|Thal|H
57632|Rott|H
57584|Scheuerfeld|H
57584|Scheuerfeld|P
57638|Schöneberg|H
57632|Schürdt|H
57520|Schutzbach|H
57577|Seelbach|H
57577|Marienthal|H
57632|Seelbach|H
57632|Seifen|H
56305|Niederähren|H
57537|Selbach|H
57636|Sörth|H
57520|Steinebach|H
57518|Steineroth|H
57614|Stürzelbach|H
57612|Volkerzen|H
57584|Wallmenroth|H
57584|Wallmenroth|P
57632|Walterschen|H
57586|Weitefeld|H
57586|Weitefeld|P
57635|Werkhausen|H
57635|Weyerbusch|H
57633|Weyerbusch|P
56594|Willroth|H
57537|Wissen|H
57529|Wissen|P
57530|Wissen|P
57531|Wissen|P
57532|Wissen|P
57635|Wölmersen|H
57632|Ziegenhain|H
57614|Berod|H
57610|Altenkirchen|H
57609|Altenkirchen|G
57601|Altenkirchen|P
57602|Altenkirchen|P
57603|Altenkirchen|P
57604|Altenkirchen|P
55568|Abtweiler|H
55595|Allenfeld|H
55585|Altenbamberg|H
55595|Argenschwang|H
55569|Auen|H
55569|Auen|P
55543|Bad Kreuznach|H
55545|Bad Kreuznach|N
55541|Bad Kreuznach|G
55501|Bad Kreuznach|P
55502|Bad Kreuznach|P
55503|Bad Kreuznach|P
55504|Bad Kreuznach|P
55505|Bad Kreuznach|P
55506|Bad Kreuznach|P
55507|Bad Kreuznach|P
55508|Bad Kreuznach|P
55509|Bad Kreuznach|P
55510|Bad Kreuznach|P
55511|Bad Kreuznach|P
55512|Bad Kreuznach|P
55513|Bad Kreuznach|P
55514|Bad Kreuznach|P
55515|Bad Kreuznach|P
55516|Bad Kreuznach|P
55517|Bad Kreuznach|P
55518|Bad Kreuznach|P
55529|Bad Kreuznach|P
55543|Rosenhof|H
55540|Bad Kreuznach|G
55538|Bad Kreuznach|G
55579|Bad Kreuznach|P
55580|Bad Kreuznach|P
55583|Bad Kreuznach|H
55758|Bärenbach|H
55606|Bärweiler|H
55606|Hottenmühle|H
55606|Bärweiler|P
55606|Hottenmühle|P
55608|Becherbach|H
67827|Becherbach|H
55546|Biebelsheim|H
55595|Bockenau|H
55595|Boos|H
55595|Braunweiler|H
55606|Brauweiler|H
55606|Brauweiler|P
55592|Breitenheim|H
55559|Bretzenheim|H
55595|Burgsponheim|H
67829|Callbach|H
55595|Dalberg|H
55566|Daubach|H
55442|Daxweiler|H
55592|Desloch|H
55444|Dörrebach|H
55452|Dorsheim|H
55585|Duchroth|H
67826|Montforterhof|H
55444|Eckenroth|H
67824|Feilbingert|H
55546|Frei-Laubersheim|H
55546|Fürfeld|H
55595|Gebroth|H
55452|Guldental|H
55595|Gutenberg|H
55546|Hackenheim|H
55606|Hahnenbach|H
55606|Hahnenbach|P
67826|Hallgarten|H
55595|Hargesheim|H
55606|Heimweiler|H
55606|Untere Horbachsmühle|H
55606|Heimweiler|P
55606|Untere Horbachsmühle|P
55606|Heinzenberg|H
55606|Heinzenberg|P
55619|Hennweiler|H
55452|Hergenfeld|H
55585|Hochstätten|H
55606|Hochstetten-Dhaun|H
55606|Heinzenberg-Gesellschaft|H
55606|Heinzenberg-Gesellschaft|P
55606|Hochstetten-Dhaun|P
55606|Horbach|H
55606|Horbach|P
55595|Hüffelsheim|H
55621|Hundsbach|H
55606|Lochmühle|H
55606|Lochmühle|P
55566|Ippenschied|H
55592|Jeckenbach|H
55606|Kirn|H
55601|Kirn|P
55602|Kirn|P
55606|Kirn|P
55566|Kirschroth|H
55450|Langenlonsheim|H
55445|Langenlonsheim|P
55446|Langenlonsheim|P
55447|Langenlonsheim|P
55569|Langenthal|H
55569|Langenthal|P
55452|Laubenheim|H
55568|Lauschied|H
67823|Lettweiler|H
55606|Limbach|H
55606|Welschrötherhof|H
55606|Limbach|P
55606|Welschrötherhof|P
67744|Löllbach|H
55595|Mandel|H
55627|Martinstein|H
55606|Meckenbach|H
55606|Meckenbach|P
55566|Meddersheim|H
55590|Meisenheim|H
55586|Meisenheim|P
55587|Meisenheim|P
55627|Merxheim|H
55569|Monzingen|H
55569|Monzingen|P
55595|Münchwald|H
55546|Neu-Bamberg|H
55585|Niederhausen|H
55585|Norheim|H
55569|Nußbaum|H
55569|Nußbaum|P
55606|Oberhausen|H
55606|Wartenstein|H
55606|Oberhausen|P
55606|Wartenstein|P
55585|Oberhausen|H
55596|Oberstreit|H
55571|Odernheim|H
55571|Odernheim|P
55606|Otzweiler|H
55606|Otzweiler|P
55546|Pfaffen-Schwabenheim|H
55576|Pleitersheim|H
55592|Raumbach|H
55566|Rehbach|H
55592|Rehborn|H
67829|Reiffelbach|H
55442|Roth|H
55595|Roxheim|H
55452|Rümmelsheim|H
55595|Sankt Katharinen|H
55596|Schloßböckelheim|H
67829|Schmittweiler|H
55444|Schöneberg|H
67744|Schweinschied|H
55444|Schweppenhausen|H
55629|Seesbach|H
55444|Seibersbach|H
55618|Simmertal|H
55595|Sommerloch|H
55595|Spabrücken|H
55595|Spall|H
55595|Sponheim|H
55568|Staudernheim|H
55442|Stromberg|H
55546|Tiefenthal|H
55595|Traisen|H
55546|Volxheim|H
55596|Waldböckelheim|H
55444|Waldlaubersheim|H
55595|Wallhausen|H
55442|Warmsroth|H
55627|Weiler|H
55595|Weinsheim|H
55629|Weitersborn|H
55452|Windesheim|H
55595|Winterbach|H
55595|Winterburg|H
55593|Rüdesheim|H
55606|Bruschied|H
55606|Bruschied|P
55606|Kellenbach|H
55606|Kellenbach|P
55606|Königsau|H
55606|Königsau|P
55608|Schneppenbach|H
55629|Schwarzerden|H
55566|Bad Sobernheim|H
55560|Bad Sobernheim|P
55561|Bad Sobernheim|P
55562|Bad Sobernheim|P
55767|Abentheuer|H
55767|Achtelsbach|H
55758|Allenbach|H
55758|Asbach|H
55758|Asbacherhütte|H
55774|Baumholder|H
55770|Baumholder|P
55771|Baumholder|P
55772|Baumholder|P
55608|Bergen|H
55776|Berglangenbach|H
55777|Berschweiler|H
55608|Berschweiler|H
55765|Birkenfeld|H
55759|Birkenfeld|P
55760|Birkenfeld|P
55761|Birkenfeld|P
55762|Birkenfeld|P
54422|Börfink|H
55624|Bollenbach|H
55758|Breitenthal|H
55758|Bruchweiler|H
55767|Brücken|H
55767|Buhlenberg|H
55626|Bundenbach|H
55765|Dambach|H
55758|Dickesbach|H
55765|Dienstweiler|H
55765|Eborn|H
55777|Eckersweiler|H
55765|Elchweiler|H
55765|Ellenberg|H
55765|Ellweiler|H
55743|Fischbach|H
55777|Fohren-Linden|H
55776|Frauenberg|H
55743|Gerach|H
55767|Gimbweiler|H
55743|Heidehof|H
55624|Gösenroth|H
55767|Gollenberg|H
55608|Griebelschied|H
55776|Hahnweiler|H
55767|Hattgenstein|H
55765|Waldfriede|H
55608|Hausen|H
55779|Heimbach|H
55758|Hellertshausen|H
55758|Hammerbirkenfeld|H
55758|Herborn|H
55756|Herrstein|H
55758|Hettenrodt|H
55743|Hintertiefenbach|H
55768|Hoppstädten-Weiersbach|H
55483|Horbruch|H
55758|Hottenbach|H
55743|Idar-Oberstein|H
55713|Idar-Oberstein|P
55714|Idar-Oberstein|P
55715|Idar-Oberstein|P
55716|Idar-Oberstein|P
55717|Idar-Oberstein|P
55718|Idar-Oberstein|P
55719|Idar-Oberstein|P
55723|Idar-Oberstein|P
55724|Idar-Oberstein|P
55725|Idar-Oberstein|P
55758|Kempfeld|H
55743|Kirschweiler|H
55767|Kronweiler|H
55483|Krummenau|H
55767|Leisel|H
55779|Leitzweiler|H
55758|Mackenrodt|H
55767|Meckenbach|H
55777|Mettweiler|H
55758|Mittelreidenbach|H
55758|Mörschied|H
55767|Niederbrombach|H
55767|Niederhambach|H
55758|Niederhosenbach|H
55758|Niederwörresbach|H
55767|Nohen|H
55767|Oberbrombach|H
55765|Oberhambach|H
55758|Oberhosenbach|H
55624|Oberkirn|H
55758|Oberreidenbach|H
55758|Oberwörresbach|H
55776|Reichenbach|H
55624|Rhaunen|H
55622|Rhaunen|P
55765|Rimsberg|H
55767|Rinzenberg|H
55767|Rötsweiler-Nockenthal|H
55776|Rohrbach|H
55776|Rückweiler|H
55776|Ruschberg|H
55758|Schauren|H
55758|Schmidthachenbach|H
55765|Schmißberg|H
55624|Schwerbach|H
55767|Schwollen|H
55758|Sensweiler|H
55758|Sien|H
55758|Sienhachenbach|H
55767|Siesbach|H
55767|Sonnenberg-Winnenberg|H
55758|Sonnschied|H
55758|Stipshausen|H
55758|Sulzbach|H
55758|Veitsrodt|H
55758|Vollmersbach|H
55758|Weiden|H
55624|Weitersbach|H
55758|Wickenrodt|H
55767|Wilzenberg-Hußweiler|H
55758|Wirschweiler|H
55758|Langweiler|H
56859|Alf|H
56828|Alflen|H
56858|Altlay|H
56858|Altstrimmig|H
56766|Auderath|H
56814|Beilstein|H
56825|Beuren|H
56864|Beurenermühle|H
56864|Pelzerhaus|H
56864|Beurenermühle|P
56864|Pelzerhaus|P
56754|Binningen|H
56865|Blankenrath|H
56761|Brachtendorf|H
56814|Bremm|H
56867|Briedel|H
56850|Briedeler Heck|H
56850|Hohestein|H
56850|Maiermund|H
56850|Briedeler Heck|P
56850|Hohestein|P
56850|Maiermund|P
56829|Brieden|H
56820|Briedern|H
56754|Brohl|H
56814|Bruttig-Fankel|H
56823|Büchel|H
56859|Bullay|H
56812|Cochem|H
56801|Cochem|P
56802|Cochem|P
56803|Cochem|P
56804|Cochem|P
56805|Cochem|P
56809|Cochem|P
56812|Dohr|H
56754|Dünfus|H
56761|Düngenheim|H
56814|Ediger-Eller|H
56821|Ellenz-Poltersdorf|H
56759|Eppenberg|H
56814|Ernst|H
56761|Eulgem|H
56814|Faid|H
56766|Filz|H
56754|Forst|H
56858|Forst|H
56761|Gamlen|H
56825|Gevenich|H
56825|Gillenbeuren|H
56814|Greimersburg|H
56858|Grenderich|H
56865|Vogthof|H
56761|Hambuch|H
56858|Haserich|H
56761|Hauroth|H
56865|Hesweiler|H
56814|Illerich|H
56761|Kaifenheim|H
56829|Kail|H
56759|Kaisersesch|H
56759|Neuhof|H
56755|Kaisersesch|P
56756|Kaisersesch|P
56759|Kalenborn|H
56825|Kliding|H
56818|Klotten|H
56288|Lahr|H
56814|Landkern|H
56759|Schöne Aussicht, Gm Lan|H
56759|Laubach|H
56759|Maria Martental|H
56290|Lieg|H
56858|Liesenich|H
56290|Lütz|H
56826|Lutzerath|H
56826|Heckenhof|H
56761|Masburg|H
56759|Präfekturhof|H
56759|Schöne Aussicht, Gm Mas|H
56820|Mesenich|H
56858|Mittelstrimmig|H
56754|Möntenich|H
56290|Mörsdorf|H
56865|Moritzheim|H
56254|Moselkern|H
56254|Müden|H
56761|Müllenbach|H
56858|Neef|H
56820|Nehren|H
56865|Panzweiler|H
56858|Peterswald-Löffelscheid|H
56829|Pommern|H
56862|Pünderich|H
56865|Reidenhausen|H
56754|Roes|H
56753|Schloßhof|H
56754|Pilligerheck|H
56858|Sankt Aldegund|H
56865|Schauren|H
56825|Schmitt|H
56820|Senheim|H
56858|Sosberg|H
56858|Tellig|H
56253|Treis-Karden|H
56766|Ulmen|H
56761|Urmersbach|H
56825|Urschmitt|H
56812|Valwig|H
56826|Wagenhausen|H
56865|Walhausen|H
56825|Weiler|H
56814|Wirfus|H
56826|Wollmerath|H
56856|Zell|H
56859|Weidenhell|H
56851|Zell|P
56852|Zell|P
56853|Zell|P
56761|Zettingen|H
56288|Zilshausen|H
56864|Bad Bertrich|H
56864|Bad Bertrich|P
56759|Leienkaul|H
56729|Acht|H
56729|Acht|P
56626|Andernach|H
56624|Andernach|G
56601|Andernach|P
56602|Andernach|P
56603|Andernach|P
56604|Andernach|P
56605|Andernach|P
56606|Andernach|P
56607|Andernach|P
56608|Andernach|P
56609|Andernach|P
56610|Andernach|P
56729|Anschau|H
56729|Mimbach|H
56729|Anschau|P
56729|Mimbach|P
56729|Arft|H
56729|Arft|P
56729|Baar|H
56729|Baar|P
56745|Bell|H
56729|Bermel|H
56729|Heunenhof|H
56729|Bermel|P
56729|Heunenhof|P
56729|Boos|H
56729|Boos|P
56729|Ditscheid|H
56729|Ditscheid|P
56751|Einig|H
56729|Ettringen|H
56729|Ettringen|P
56294|Gappenach|H
56751|Gering|H
56294|Gierschnach|H
56745|Hausten|H
56729|Herresbach|H
53520|Bierschbacher Mühle|H
53520|Döttinger Höhe|H
56729|Herresbach|P
56729|Hirten|H
56729|Hirten|P
56294|Kalt|H
56729|Kehrig|H
56729|Kehrig|P
56295|Kerben|H
56729|Kirchwald|H
56729|Kirchwald|P
56751|Kollig|H
56736|Kottenheim|H
56630|Kretz|H
56642|Kruft|H
56638|Kruft|P
56639|Kruft|P
56729|Langenfeld|H
56729|Langenfeld|P
56729|Langscheid|H
56729|Langscheid|P
56729|Lind|H
56729|Lind|P
56295|Lonnig|H
56729|Luxem|H
56729|Luxem|P
56727|Mayen|H
56727|Brachems|H
56729|Geisbüschhof|H
56729|Wüsteratherhof|H
56723|Mayen|G
56724|Mayen|G
56701|Mayen|P
56702|Mayen|P
56703|Mayen|P
56704|Mayen|P
56705|Mayen|P
56706|Mayen|P
56707|Mayen|P
56708|Mayen|P
56709|Mayen|P
56710|Mayen|P
56725|Mayen|G
56729|Geisbüschhof|P
56729|Wüsteratherhof|P
56743|Mendig|H
56737|Mendig|P
56738|Mendig|P
56739|Mendig|P
56740|Mendig|P
56753|Mertloch|H
56754|Brückenmühle|H
56729|Monreal|H
56761|Polcherholz|H
56729|Monreal|P
56729|Münk|H
56729|Münk|P
56729|Nachtsheim|H
56729|Nachtsheim|P
56753|Naunheim|H
56645|Nickenich|H
56299|Ochtendung|H
56296|Ochtendung|P
56753|Pillig|H
56754|Sauersmühle|H
56637|Plaidt|H
56631|Plaidt|P
56632|Plaidt|P
56633|Plaidt|P
56751|Polch|H
56753|Nettemühle|H
56747|Polch|P
56748|Polch|P
56749|Polch|P
56750|Polch|P
56727|Reudelsterz|H
56745|Rieden|H
56295|Rüber|H
56648|Saffig|H
56647|Saffig|G
56727|Sankt Johann|H
56729|Siebenbach|H
56729|Siebenbach|P
56743|Thür|H
56753|Trimbs|H
56729|Virneburg|H
56729|Neu Virneburg|H
56729|Neu Virneburg|P
56729|Virneburg|P
56745|Volkesfeld|H
56729|Weiler|H
56729|Weiler|P
56753|Welling|H
56729|Welschenbach|H
56729|Welschenbach|P
56294|Wierschem|H
56754|Rotherhof|H
56332|Alken|H
56283|Wildenbungert|H
56220|Bassenheim|H
56170|Bendorf|H
56155|Bendorf|P
56156|Bendorf|P
56157|Bendorf|P
56158|Bendorf|P
56159|Bendorf|P
56160|Bendorf|P
56161|Bendorf|P
56165|Bendorf|P
56321|Brey|H
56332|Brodenbach|H
56332|Burgen|H
56332|Dieblich|H
56332|Hatzenport|H
56220|Kaltenengers|H
56220|Kettig|H
56330|Kobern-Gondorf|H
56330|Fißmühle|H
56330|Fißmühle|P
56330|Kobern-Gondorf|P
56332|Löf|H
56290|Macken|H
56332|Franzenmühle|H
56332|Mohrenmühle|H
56218|Mülheim-Kärlich|H
56207|Mülheim-Kärlich|P
56208|Mülheim-Kärlich|P
56209|Mülheim-Kärlich|P
56210|Mülheim-Kärlich|P
56211|Mülheim-Kärlich|P
56332|Niederfell|H
56332|Rosenhof|H
56332|Schwalberhof|H
56179|Niederwerth|H
56283|Nörtershausen|H
56332|Oberfell|H
56321|Rhens|H
56323|Hünenfeld|H
56220|Sankt Sebastian|H
56322|Spay|H
56182|Urbar|H
56220|Urmitz|H
56179|Vallendar|H
56203|Bembermühle|H
56203|Waldfriede|H
56171|Vallendar|P
56172|Vallendar|P
56173|Vallendar|P
56174|Vallendar|P
56323|Waldesch|H
56575|Weißenthurm|H
56571|Weißenthurm|P
56572|Weißenthurm|P
56191|Weitersburg|H
56333|Winningen|H
56332|Wolken|H
56294|Münstermaifeld|H
56292|Münstermaifeld|P
56332|Lehmen|H
56584|Anhausen|H
53567|Asbach|H
53557|Bad Hönningen|H
53547|Girgenrath|H
53547|Reidenbruch|H
53551|Bad Hönningen|P
53552|Bad Hönningen|P
53553|Bad Hönningen|P
56579|Bonefeld|H
53547|Breitscheid|H
53547|Hausen|H
53572|Bruchhausen|H
53547|Dattenberg|H
56589|Datzeroth|H
56307|Dernbach|H
56269|Dierdorf|H
56263|Dierdorf|P
56264|Dierdorf|P
56265|Dierdorf|P
56305|Döttesfeld|H
56307|Dürrholz|H
56581|Ehlscheid|H
56581|Ehlscheid|P
53579|Erpel|H
56276|Großmaischeid|H
56598|Hammerstein|H
56316|Hanroth|H
56579|Hardert|H
56307|Harschbach|H
53547|Hümmerich|H
56271|Isenburg|H
56170|Lachnitzmühle|H
56271|Kettemers Mühle|H
56271|Kleinmaischeid|H
56581|Kurtscheid|H
56581|Kurtscheid|P
53547|Leubsdorf|H
56599|Leutesdorf|H
56317|Linkenbach|H
53545|Linz|H
53541|Linz|P
53542|Linz|P
53560|Kretzhaus|H
56584|Meinborn|H
56581|Melsbach|H
56581|Melsbach|P
53577|Neustadt|H
53547|Grübelsberg|H
53573|Neustadt|P
53574|Neustadt|P
56564|Neuwied|H
56170|Bembsmühle|H
56566|Neuwied|N
56567|Neuwied|N
56562|Neuwied|G
56501|Neuwied|P
56502|Neuwied|P
56503|Neuwied|P
56504|Neuwied|P
56505|Neuwied|P
56506|Neuwied|P
56507|Neuwied|P
56508|Neuwied|P
56509|Neuwied|P
56510|Neuwied|P
56511|Neuwied|P
56512|Neuwied|P
56513|Neuwied|P
56514|Neuwied|P
56515|Neuwied|P
56516|Neuwied|P
56517|Neuwied|P
56518|Neuwied|P
56519|Neuwied|P
56529|Neuwied|P
56530|Neuwied|P
56532|Neuwied|P
56533|Neuwied|P
56534|Neuwied|P
56536|Neuwied|P
56544|Neuwied|P
56545|Neuwied|P
56546|Neuwied|P
56548|Neuwied|P
56560|Neuwied|G
56589|Niederbreitbach|H
56581|Hegerhof|H
56581|Hegerhof|P
56316|Niederhofen|H
57614|Niederwambach|H
57639|Oberdreis|H
56587|Oberhonnefeld-Gierend|H
56587|Oberraden|H
53545|Ockenfels|H
56305|Puderbach|H
56301|Puderbach|P
56302|Puderbach|P
57614|Ratzert|H
56316|Raubach|H
56579|Rengsdorf|H
56576|Rengsdorf|P
56577|Rengsdorf|P
56578|Rengsdorf|G
53619|Rheinbreitbach|H
53614|Rheinbreitbach|P
53615|Rheinbreitbach|P
56598|Rheinbrohl|H
57639|Rodenbach|H
53547|Roßbach|H
56584|Rüscheid|H
53562|St. Katharinen|H
53547|Alsau|H
53561|St. Katharinen|P
56276|Stebach|H
57614|Steimel|H
56587|Straßenhaus|H
56585|Straßenhaus|P
56584|Thalhausen|H
53572|Unkel|H
53572|Hohenunkel|H
53568|Unkel|P
56317|Urbach|H
53560|Vettelschoß|H
56588|Waldbreitbach|H
56588|Waldbreitbach|P
53578|Windhagen|H
53578|Windhagen|P
57614|Woldert|H
53567|Buchholz|H
56269|Marienhausen|H
53547|Kasbach-Ohlenberg|H
56288|Alterkülz|H
55469|Altweidelbach|H
55496|Argenthal|H
56291|Badenhard|H
55483|Bärenbach|H
55483|Hahn-Flughafen|H
56858|Belg|H
55469|Belgweiler|H
56288|Bell|H
56290|Beltheim|H
55494|Benzweiler|H
55469|Bergenhausen|H
56291|Bickenbach|H
55471|Biebern|H
56291|Birkheim|H
56288|Braunshorn|H
56288|Bubach|H
56290|Buch|H
55469|Budenbach|H
55491|Büchenbeuren|H
55483|Hahn-Flughafen|H
55432|Damscheid|H
55494|Dichtelbach|H
55483|Dickenschied|H
55487|Dill|H
55481|Dillendorf|H
56281|Dörth|H
55497|Ellern|H
56281|Emmelshausen|H
56277|Emmelshausen|P
56278|Emmelshausen|P
55494|Erbach|H
55471|Fronhofen|H
55490|Gehlweiler|H
55490|Gemünden|H
56290|Gödenroth|H
56283|Gondershausen|H
56850|Hahn|H
56850|Hahn|P
56283|Halsenbach|H
56288|Hasselbach|H
56291|Hausbay|H
55481|Hecken|H
55483|Heinzenbach|H
55490|Henau|H
55483|Hirschfeld|H
56288|Hollnich|H
55469|Holzbach|H
55469|Horn|H
56281|Hungenroth|H
55483|Kappel|H
56281|Karbach|H
56288|Kastellaun|H
56284|Kastellaun|P
56285|Kastellaun|P
55471|Keidelheim|H
55481|Kirchberg|H
55477|Kirchberg|P
55478|Kirchberg|P
56291|Kisselbach|H
55469|Klosterkumbd|H
55469|Birkenhof|H
55481|Kludenbach|H
56288|Korweiler|H
56283|Kratzenburg|H
55471|Külz|H
55471|Kümbdchen|H
56288|Laubach|H
56291|Laudert|H
55487|Laufersweiler|H
55483|Lautzenhausen|H
55483|Hahn-Flughafen|H
56291|Leiningen|H
55494|Liebshausen|H
55481|Lindenschied|H
56291|Lingerhahn|H
56291|Maisborn|H
55481|Maitzborn|H
55490|Mengerschied|H
56283|Mermuth|H
55481|Metzenhausen|H
56288|Michelbach|H
55494|Mörschbach|H
56291|Mühlpfad|H
56291|Kehlenmühle|H
56291|Ostersmühle|H
55469|Mutterschied|H
55469|Heidehof|H
55469|Nannhausen|H
55471|Neuerkirch|H
56283|Ney|H
55432|Niederburg|H
55481|Nieder Kostenz|H
55469|Niederkumbd|H
55487|Niedersohren|H
56291|Niedert|H
55491|Niederweiler|H
56291|Norath|H
55481|Ober Kostenz|H
55430|Oberwesel|H
55426|Oberwesel|P
55427|Oberwesel|P
55469|Ohlweiler|H
55469|Oppertshausen|H
55430|Perscheid|H
56291|Pfalzfeld|H
55469|Pleizenhausen|H
55471|Ravengiersburg|H
56850|Raversbeuren|H
56850|Raversbeuren|P
55469|Rayerschied|H
55481|Reckershausen|H
55471|Reich|H
55494|Rheinböllen|H
55492|Rheinböllen|P
55469|Riegenroth|H
55499|Riesweiler|H
56858|Rödelhausen|H
55481|Rödern|H
55490|Rohrbach|H
56288|Roth|H
56329|St. Goar|H
55471|Sargenroth|H
55490|Wildburg|H
55483|Schlierschied|H
55497|Schnorbach|H
55469|Schönborn|H
56281|Schwall|H
55481|Schwarzen|H
55469|Simmern|H
55461|Simmern|P
55462|Simmern|P
55463|Simmern|P
55464|Simmern|P
55487|Sohren|H
55484|Sohren|P
55485|Sohren|P
55487|Sohrschied|H
56288|Spesenroth|H
56291|Steinbach|H
56291|Thörlingen|H
55471|Tiefenbach|H
55481|Todenroth|H
56290|Uhler|H
55483|Unzenberg|H
55430|Urbar|H
56291|Utzenhain|H
55494|Wahlbach|H
55491|Wahlenau|H
56291|Wiebelsheim|H
55481|Womrath|H
55490|Woppenroth|H
56858|Würrich|H
55471|Wüschheim|H
56283|Beulich|H
56290|Dommershausen|H
56288|Steffenshof|H
56332|Gastemühle|H
56869|Mastershausen|H
56283|Morshausen|H
56154|Boppard|H
56135|Boppard|P
56136|Boppard|P
56137|Boppard|P
56138|Boppard|P
56139|Boppard|P
56140|Boppard|P
56141|Boppard|P
56148|Boppard|P
56370|Allendorf|H
65624|Altendiez|H
56370|Attenhausen|H
56357|Auel|H
56346|Rödelbach|H
56346|Theismühlen|H
65582|Aull|H
56130|Bad Ems|H
56132|Schöne Aussicht|H
56118|Bad Ems|P
56119|Bad Ems|P
56120|Bad Ems|P
56121|Bad Ems|P
56122|Bad Ems|P
56123|Bad Ems|P
56129|Bad Ems|G
56130|Lindenbach|H
56130|Schleuse Ems|H
56128|Bad Ems|G
56132|Becheln|H
56357|Berg|H
56368|Berghausen|H
56370|Berndroth|H
56355|Bettendorf|H
56370|Biebrich|H
65626|Birlenbach|H
65626|Fachingen|H
56357|Bogel|H
56348|Bornich|H
56346|Loreley|H
56370|Bremberg|H
56379|Gasteyers Mühle|H
56379|Rupbach, Gem Bremberg|H
56379|Steckenbergermühle|H
56357|Buch|H
65558|Burgschwalbach|H
56379|Charlottenberg|H
65558|Cramberg|H
56340|Dachsenhausen|H
56348|Dahlheim|H
56132|Dausenau|H
56130|Schleuse Dausenau|H
56357|Dessighofen|H
56379|Dienethal|H
56377|Herbelsmühle|H
65582|Diez|H
65580|Diez|G
65570|Diez|P
65571|Diez|P
65572|Diez|P
65573|Diez|P
65574|Diez|P
56379|Dörnberg|H
56377|Kalkofen, Gem Dörnberg|H
56379|Bergerhof|H
56379|Hütte, Gem Dörnberg|H
56379|Zechenhaus|H
56348|Dörscheid|H
56370|Dörsdorf|H
56357|Dornholzhausen|H
56370|Ebertshausen|H
56357|Ehr|H
56370|Eisighofen|H
56355|Endlichhofen|H
65558|Eppenrod|H
56368|Ergeshausen|H
56357|Eschbach|H
56133|Fachbach|H
56341|Filsen|H
65558|Flacht|H
56132|Frücht|H
56132|Waldfrieden-Schweizertal|H
56379|Geilnau|H
56357|Geisig|H
56357|Gemmerich|H
65558|Gückingen|H
56370|Gutenacker|H
56379|Rupbach, Gem Gutenacker|H
65623|Hahnstätten|H
65621|Hahnstätten|P
65582|Hambach|H
65558|Heistenbach|H
56368|Herold|H
56357|Himmighofen|H
65558|Hirschberg|H
56379|Hömberg|H
56379|Holzappel|H
56357|Holzhausen|H
65558|Holzheim|H
56379|Horhausen|H
56355|Hunzel|H
65558|Isselbach|H
65558|Kaltenholzhausen|H
56341|Kamp-Bornhofen|H
56357|Kasdorf|H
56368|Katzenelnbogen|H
56366|Katzenelnbogen|P
56349|Kaub|H
56355|Kehlbach|H
56132|Kemmenau|H
56348|Kestert|H
56368|Klingelbach|H
56370|Kördorf|H
56112|Lahnstein|H
56130|Altes Forsthaus|H
56130|Buchenberg|H
56130|Grenzloch|H
56130|Heinrichshof|H
56101|Lahnstein|P
56102|Lahnstein|P
56103|Lahnstein|P
56104|Lahnstein|P
56107|Lahnstein|P
56108|Lahnstein|P
65558|Langenscheid|H
56379|Laurenburg|H
56377|Schleuse|H
56355|Lautert|H
56357|Lierschied|H
56357|Lipporn|H
65558|Lohrheim|H
56357|Lollschied|H
56377|Waldschmidtmühle|H
56346|Lykershausen|H
56357|Marienfels|H
56357|Miehlen|H
56355|Schneidmühle|H
56132|Miellen|H
56377|Misselberg|H
56370|Mittelfischbach|H
65623|Mudershausen|H
56377|Nassau|H
56371|Nassau|P
56372|Nassau|P
56373|Nassau|P
56355|Nastätten|H
56351|Nastätten|P
56352|Nastätten|P
56353|Nastätten|P
65623|Netzbach|H
56357|Niederbachheim|H
65629|Niederneisen|H
56368|Niedertiefenbach|H
56357|Niederwallmenach|H
56132|Nievern|H
56357|Nochern|H
56346|Gute Mühle|H
56346|Saueressigs Mühle|H
56346|Ströbels Mühle|H
56355|Oberbachheim|H
56370|Oberfischbach|H
65558|Oberneisen|H
56379|Obernhof|H
56357|Obertiefenbach|H
56357|Oberwallmenach|H
56379|Oberwies|H
56377|Gieshübel|H
56357|Oelsberg|H
56340|Osterspai|H
56340|Büchelborn|H
56340|Dachsborn|H
56340|Erlenborn|H
56348|Patersberg|H
56357|Hainau|H
56357|Pohl|H
56357|Uhusmühle|H
56346|Prath|H
56370|Reckenroth|H
65326|Sandersmühle|H
56357|Reichenberg|H
56346|Bornsmühle|H
56346|Immenhof|H
56357|Reitzenhain|H
56357|Rettershain|H
56370|Rettert|H
56357|Hollermühle|H
56368|Roth|H
56357|Hasenmühle|H
56357|Ruppertshofen|H
56346|St. Goarshausen|H
56342|St. Goarshausen|P
56343|St. Goarshausen|P
65391|Sauerthal|H
56379|Scheidt|H
65623|Schiesheim|H
56370|Schönborn|H
56377|Schweighausen|H
56377|Seelbach|H
56379|Arnstein|H
56379|Salscheid|H
56379|Singhofen|H
56379|Steinsberg|H
56379|Rupbach, Gem Steinsberg|H
56357|Strüth|H
56379|Sulzbach|H
56379|Buchholz|H
56370|Wasenbach|H
56355|Weidenbach|H
56379|Weinähr|H
56348|Weisel|H
56349|Viktoriastollen|H
56357|Welterod|H
56357|Weyer|H
56379|Winden|H
56355|Winterwerb|H
56379|Zimmerschied|H
56337|Arzbach|H
56338|Braubach|H
56355|Diethardt|H
65558|Balduinstein|H
56237|Alsbach|H
56237|Alsbach|P
56424|Bannberscheid|H
56412|Boden|H
56237|Breitenau|H
56237|Breitenau|P
56237|Caan|H
56237|Caan|P
56412|Daubach|H
56237|Deesen|H
56237|Deesen|P
56428|Dernbach|H
56428|Dernbach|P
56414|Dreikirchen|H
56414|Dreikirchen|P
56424|Ebernhahn|H
56337|Eitelborn|H
56242|Ellenhausen|H
56244|Freilingen|H
56244|Freirachdorf|H
56412|Gackenbach|H
56412|Girod|H
56244|Goddert|H
56412|Görgeshausen|H
56412|Großholbach|H
56244|Hartenfels|H
56412|Heilberscheid|H
56412|Heiligenroth|H
56244|Helferskirchen|H
56249|Herschbach|H
56245|Herschbach|P
56246|Herschbach|P
56206|Hilgert|H
56204|Hillscheid|H
56200|Hillscheid|G
56203|Höhr-Grenzhausen|H
56192|Höhr-Grenzhausen|P
56193|Höhr-Grenzhausen|P
56194|Höhr-Grenzhausen|P
56195|Höhr-Grenzhausen|P
56196|Höhr-Grenzhausen|P
56412|Holler|H
56412|Horbach|H
56412|Hübingen|H
56414|Hundsangen|H
56414|Hundsangen|P
56235|Hundsdorf|H
56337|Kadenbach|H
56206|Kammerforst|H
56244|Krümmel|H
56244|Leuterod|H
56242|Marienrachdorf|H
56271|Maroth|H
56271|Wiedischhausen|H
56244|Maxsain|H
56242|Hammermühle|H
56424|Mogendorf|H
56410|Montabaur|H
56409|Montabaur|G
56401|Montabaur|P
56402|Montabaur|P
56403|Montabaur|P
56404|Montabaur|P
56407|Montabaur|G
56424|Moschheim|H
56237|Nauort|H
56237|Nauort|P
56412|Nentershausen|H
56335|Neuhäusel|H
56412|Niederelbert|H
56412|Niedererbach|H
56412|Nomborn|H
56242|Nordhofen|H
56412|Oberelbert|H
56414|Obererbach|H
56414|Obererbach|P
56237|Oberhaid|H
56237|Oberhaid|P
56244|Ötzingen|H
56242|Quirnbach|H
56235|Ransbach-Baumbach|H
56221|Ransbach-Baumbach|P
56222|Ransbach-Baumbach|P
56223|Ransbach-Baumbach|P
56224|Ransbach-Baumbach|P
56225|Ransbach-Baumbach|P
56226|Ransbach-Baumbach|P
56244|Rückeroth|H
56412|Ruppach-Goldhausen|H
56244|Schenkelberg|H
56242|Selters|H
56237|Sessenbach|H
56237|Sessenbach|P
56244|Sessenhausen|H
56427|Siershahn|H
56337|Simmern|H
56412|Stahlhofen|H
56424|Staudt|H
56414|Steinefrenz|H
56414|Steinefrenz|P
56244|Steinen|H
56412|Untershausen|H
56244|Vielbach|H
56412|Welschneudorf|H
56414|Weroth|H
56414|Weroth|P
56422|Wirges|H
56418|Wirges|P
56419|Wirges|P
56237|Wirscheid|H
56237|Wirscheid|P
56237|Wittgert|H
56237|Wittgert|P
56244|Wölferlingen|H
56459|Ailertchen|H
57642|Alpenrod|H
57647|Hirtscheid|H
57647|Talmühle|H
57647|Hirtscheid|P
57647|Talmühle|P
56244|Arnshöfen|H
57627|Astert|H
57629|Atzelgift|H
56470|Bad Marienberg|H
56469|Bad Marienberg|G
56463|Bad Marienberg|P
56464|Bad Marienberg|P
56465|Bad Marienberg|P
56459|Bellingen|H
56414|Berod|H
56414|Berod|P
56459|Berzhahn|H
56414|Bilkheim|H
56414|Bilkheim|P
57648|Bölsberg|H
57614|Borod|H
56459|Brandscheid|H
56479|Bretthausen|H
57629|Dreifelden|H
56472|Dreisbach|H
56479|Elsoff|H
57647|Enspel|H
57647|Enspel|P
56244|Ettinghausen|H
56244|Ewighausen|H
56472|Fehl-Ritzhausen|H
57627|Gehlert|H
56459|Gemünden|H
56457|Jeremiasmühle|H
56459|Hammermühle|H
57612|Giesenhausen|H
56459|Girkenroth|H
56472|Großseifen|H
56459|Guckheim|H
57627|Hachenburg|H
57626|Hachenburg|G
57620|Hachenburg|P
57621|Hachenburg|P
57622|Hachenburg|P
56459|Härtlingen|H
56459|Westert|H
56472|Hahn|H
56244|Hahn|H
56457|Halbs|H
56472|Hardt|H
57644|Hattert|H
57629|Heimborn|H
56479|Hellenhahn-Schellenberg|H
56457|Hergenroth|H
56414|Herschbach|H
56414|Herschbach|P
57627|Heuzert|H
57629|Höchstenbach|H
56462|Höhn|H
56460|Höhn|P
56472|Hof|H
56479|Homberg|H
56479|Hüblingen|H
56479|Irmtraut|H
56459|Kaden|H
57629|Kirburg|H
56459|Kölbingen|H
57612|Kroppach|H
56244|Kuhnhöfen|H
57629|Kundert|H
57520|Langenbach|H
56459|Langenhahn|H
56472|Lautzenbrücken|H
56479|Liebenscheid|H
57629|Limbach|H
57629|Linden|H
57629|Lochum|H
57629|Luckenbach|H
57627|Marzhausen|H
57629|Merkelbach|H
56414|Meudt|H
56414|Meudt|P
57583|Mörlen|H
57629|Mörsbach|H
56414|Molsberg|H
56414|Molsberg|P
57614|Mudenbach|H
56271|Mündersbach|H
57629|Müschenbach|H
57520|Neunkhausen|H
56479|Neunkirchen|H
56479|Neustadt|H
56414|Niederahr|H
56414|Niederahr|P
56479|Niederroßbach|H
56472|Dammühle|H
56244|Niedersayn|H
57645|Nister|H
56472|Nisterau|H
56477|Nister-Möhrendorf|H
57647|Nistertal|H
57647|Stöffel|H
57647|Nistertal|P
57647|Stöffel|P
57629|Norken|H
56414|Oberahr|H
56414|Oberahr|P
56479|Oberrod|H
56479|Oberroßbach|H
56459|Pottum|H
56479|Rehe|H
56477|Rennerod|H
56473|Rennerod|P
56474|Rennerod|P
56475|Rennerod|P
56476|Rennerod|G
56271|Roßbach|H
56459|Rotenhain|H
56459|Rothenbach|H
56414|Salz|H
56414|Salz|P
56479|Salzburg|H
56479|Seck|H
56459|Stahlhofen|H
56459|Harschbacherfeld|H
57629|Steinebach|H
56479|Stein-Neukirch|H
57629|Stein-Wingert|H
56472|Stockhausen-Illfurth|H
56459|Stockum-Püschen|H
57629|Streithausen|H
57629|Marienstatt|H
57645|Kellershof|H
57648|Unnau|H
57614|Wahlrod|H
57644|Marzauermühle|H
56477|Waigandshain|H
56479|Waldmühlen|H
56414|Wallmerod|H
56414|Wallmerod|P
56244|Weidenhahn|H
57644|Welkenbach|H
56459|Weltersburg|H
56457|Westerburg|H
56456|Westerburg|G
56450|Westerburg|P
56451|Westerburg|P
56452|Westerburg|P
56453|Westerburg|P
56479|Westernohe|H
57629|Wied|H
57644|Krambergsmühle|H
56479|Willingen|H
56459|Willmenrod|H
57644|Winkelbach|H
56459|Winnen|H
56477|Zehnhausen|H
56414|Zehnhausen|H
56414|Zehnhausen|P
56459|Elbingen|H
56459|Mähren|H
54290|Trier|H
54292|Trier|N
54293|Trier|N
54294|Trier|N
54295|Trier|N
54296|Trier|N
54286|Trier|G
54287|Trier|G
54201|Trier|P
54202|Trier|P
54203|Trier|P
54204|Trier|P
54205|Trier|P
54206|Trier|P
54207|Trier|P
54208|Trier|P
54209|Trier|P
54210|Trier|P
54211|Trier|P
54212|Trier|P
54213|Trier|P
54214|Trier|P
54215|Trier|P
54216|Trier|P
54217|Trier|P
54218|Trier|P
54219|Trier|P
54220|Trier|P
54221|Trier|P
54222|Trier|P
54223|Trier|P
54224|Trier|P
54225|Trier|P
54226|Trier|P
54227|Trier|P
54228|Trier|P
54229|Trier|P
54230|Trier|P
54231|Trier|P
54232|Trier|P
54233|Trier|P
54234|Trier|P
54235|Trier|P
54236|Trier|P
54237|Trier|P
54181|Trier|P
54182|Trier|P
54183|Trier|P
54190|Trier|G
54300|Trier|G
54187|Trier|G
54518|Altrich|H
54518|Arenrath|H
54538|Bausendorf|H
54538|Bausendorf|P
54538|Bengel|H
54538|Neidhof|H
54538|Bengel|P
54538|Neidhof|P
54426|Berglicht|H
54518|Bergweiler|H
54470|Bernkastel-Kues|H
54469|Bernkastel-Kues|G
54461|Bernkastel-Kues|P
54462|Bernkastel-Kues|P
54463|Bernkastel-Kues|P
54464|Bernkastel-Kues|P
54492|Altmachern|H
54492|Machern|H
54533|Bettenfeld|H
54518|Binsfeld|H
54518|Kaisermühle|H
54472|Brauneberg|H
54518|Bruch|H
56843|Burg|H
54472|Burgen|H
54424|Burtscheid|H
54424|Burtscheid|P
54411|Deuselbach|H
54426|Dhronecken|H
54538|Diefenbach|H
54538|Diefenbach|P
54533|Dierfeld|H
54523|Dierscheid|H
54523|Dierscheid|P
54518|Dodenburg|H
54518|Dreis|H
54531|Eckfeld|H
54531|Buchholz, Gem Eckfeld|H
54533|Eisenschmitt|H
56850|Enkirch|H
56850|Enkirch|P
54492|Erden|H
54518|Esch|H
54424|Etgert|H
54424|Etgert|P
54516|Flußbach|H
54424|Gielert|H
54424|Gielert|P
54533|Gipperath|H
54518|Gladbach|H
54472|Gornhausen|H
54470|Graach|H
54426|Gräfendhron|H
54533|Greimerath|H
54534|Großlittgen|H
54533|Hasborn|H
54518|Heckenmünster|H
54518|Heidweiler|H
54523|Hetzerath|H
54523|Kalbergerhof|H
54523|Hetzerath|P
54523|Kalbergerhof|P
54426|Hilscheid|H
54472|Hochscheid|H
54538|Hontheim|H
56864|Bonsbeuern|H
54538|Hontheim|P
56864|Bonsbeuern|P
54497|Horath|H
54518|Hupperath|H
54426|Immert|H
54534|Karl|H
54518|Kesten|H
54538|Kinderbeuern|H
54538|Engelsberg|H
54538|Melchhof|H
54538|Engelsberg|P
54538|Kinderbeuern|P
54538|Melchhof|P
54538|Kinheim|H
54538|Kinheim|P
54524|Klausen|H
54483|Kleinich|H
54472|Kommen|H
54536|Kröv|H
54533|Laufeld|H
54470|Lieser|H
54492|Lösnich|H
54472|Longkamp|H
54424|Lückenburg|H
54424|Lückenburg|P
54426|Malborn|H
54531|Manderscheid|H
54484|Maring-Noviand|H
54531|Meerfeld|H
54570|Sauerseifen|H
54426|Merschbach|H
54518|Minderlittgen|H
54518|Minheim|H
54472|Monzelfeld|H
54486|Mülheim|H
54534|Musweiler|H
54347|Neumagen-Dhron|H
54347|Neumagen-Dhron|P
54426|Neunkirchen|H
54533|Niederöfflingen|H
54533|Niederscheidweiler|H
54533|Oberöfflingen|H
54533|Oberscheidweiler|H
54518|Osann-Monzel|H
54531|Pantenburg|H
54531|Buchholz, Gem Pantenburg|H
54498|Piesport|H
54498|Piesport|P
54518|Platten|H
54518|Plein|H
56861|Reil|H
54518|Rivenich|H
54411|Rorodt|H
54528|Salmtal|H
54534|Schladt|H
54426|Schönberg|H
54533|Schwarzenborn|H
54533|Salmberg|H
54518|Sehlem|H
56843|Starkenburg|H
54426|Talling|H
54424|Thalfang|H
54424|Thalfang|P
56841|Traben-Trarbach|H
56831|Traben-Trarbach|P
56832|Traben-Trarbach|P
56833|Traben-Trarbach|P
56834|Traben-Trarbach|P
56835|Traben-Trarbach|P
56841|Hödeshof|H
54539|Ürzig|H
54472|Veldenz|H
54531|Wallscheid|H
54533|Willwerscheid|H
54487|Wintrich|H
54516|Wittlich|H
54501|Wittlich|P
54502|Wittlich|P
54503|Wittlich|P
54504|Wittlich|P
54505|Wittlich|P
54506|Wittlich|P
54507|Wittlich|P
54492|Zeltingen-Rachtig|H
54539|Zeltingen, Forsthaus|H
54489|Zeltingen-Rachtig|P
54492|Klosterberg|H
54426|Breit|H
54426|Büdlich|H
54426|Heidenburg|H
56843|Lötzbeuren|H
56843|Scholmunderhof|H
54349|Trittenheim|H
54349|Trittenheim|P
56843|Irmenach|H
54497|Morbach|H
54493|Morbach|P
54494|Morbach|P
54526|Landscheid|H
54518|Niersbach|H
54689|Affler|H
54689|Affler|P
54668|Alsdorf|H
54636|Altscheid|H
54636|Neumühle|H
54675|Ammeldingen|H
54673|Ammeldingen|H
54664|Auw|H
54657|Badem|H
54673|Bauler|H
54673|Gaymühle, Gem Bauler|H
54636|Baustert|H
54662|Beilingen|H
54673|Berkoth|H
54649|Luppertsseifen, Gem Burs|H
54673|Berscheid|H
54673|Gaymühle, Gem Berscheid|H
54646|Bettingen|H
54636|Altenhof|H
54636|Bickendorf|H
54636|Biersdorf am See|H
54675|Biesdorf|H
54675|Gaymühle, Gem Biesdorf|H
54634|Birtlingen|H
54634|Bitburg|H
54621|Bitburg|P
54622|Bitburg|P
54623|Bitburg|P
54624|Bitburg|P
54625|Bitburg|P
54626|Bitburg|P
54627|Bitburg|P
54628|Bitburg|P
54669|Bollendorf|H
54668|Diesburgerhof|H
54668|Neu-Diesburgerhof|H
54636|Brecht|H
54646|Brimingen|H
54646|Burg|H
54636|Dahlem|H
54673|Dauwelshausen|H
54636|Dockendorf|H
54647|Dudeldorf|H
54668|Echternacherbrück|H
54636|Echtershausen|H
54636|Ehlenz|H
54673|Emmelbaum|H
54646|Enzen|H
54668|Ernzen|H
54636|Eßlingen|H
54655|Etteldorf|H
54636|Feilsdorf|H
54668|Ferschweiler|H
54675|Fischbach-Oberraden|H
54636|Fließem|H
54675|Geichlingen|H
54673|Gemünd|H
54675|Gentingen|H
54657|Gindorf|H
54647|Gondorf|H
54646|Halsdorf|H
54636|Hamm|H
54673|Heilbach|H
54636|Heilenbach|H
54673|Herbstmühle|H
54662|Herforst|H
54668|Holsthum|H
54675|Hommerdingen|H
54664|Hosten|H
54673|Hütten|H
54636|Hütterscheid|H
54636|Hüttingen|H
54675|Hüttingen|H
54636|Idenheim|H
54636|Idesheim|H
54636|Ingendorf|H
54666|Irrel|H
54665|Irrel|P
54673|Karlshausen|H
54668|Kaschenbach|H
54673|Keppeshausen|H
54675|Körperich|H
54673|Koxhausen|H
54675|Kruchten|H
54655|Kyllburg|H
54655|Kyllburgweiler|H
54675|Lahr|H
54673|Leimbach|H
54636|Ließem|H
54655|Malberg|H
54655|Malbergweich|H
54636|Meckel|H
54310|Menningen|H
54636|Messerich|H
54675|Mettendorf|H
54634|Metterich|H
54310|Minden|H
54636|Mülbach|H
54673|Muxerath|H
54673|Nasingen|H
54636|Nattenheim|H
54657|Neidenbach|H
54673|Neuerburg|H
54671|Neuerburg|P
54675|Niederraden|H
54634|Niederstedem|H
54636|Niederweiler|H
54668|Niederweis|H
54298|Höhjunk|H
54646|Niehl|H
54675|Nusbaum|H
54675|Obergeckler|H
54634|Oberstedem|H
54636|Oberweiler|H
54636|Oberweis|H
54646|Olsdorf|H
54655|Orsfeld|H
54675|Utscheid|H
54668|Peffingen|H
54662|Philippsheim|H
54647|Pickließem|H
54673|Plascheid|H
54664|Preist|H
54668|Prümzurlay|H
54636|Rittersdorf|H
54636|Rittermühle|H
54673|Rodershausen|H
54636|Röhl|H
54662|Pfalzkyll|H
54675|Roth|H
54655|Sankt Thomas|H
54668|Schankweiler|H
54636|Scharfbillig|H
54673|Scheitenkorb|H
54673|Scheuern|H
54636|Schleid|H
54636|Seffern|H
54636|Sefferweich|H
54673|Sevenig|H
54675|Sinspelt|H
54662|Speicher|H
54658|Speicher|P
54659|Speicher|P
54646|Stockem|H
54636|Sülm|H
54636|Trimport|H
54689|Übereisenbach|H
54689|Übereisenbach|P
54673|Uppershausen|H
54655|Usch|H
54673|Waldhof-Falkenstein|H
54675|Wallendorf|H
54675|Gaymühle, Gem Wallendorf|H
54636|Weidingen|H
54646|Wettlingen|H
54636|Wiersdorf|H
54655|Wilsecker|H
54636|Wolsfeld|H
54673|Zweifelscheid|H
54687|Arzfeld|H
54597|Auw|H
54597|Balesfeld|H
54608|Bleialf|H
54608|Bleialf|P
54608|Brandscheid|H
54608|Brandscheid|P
54608|Buchet|H
54608|Buchet|P
54610|Büdesheim|H
54597|Burbach|H
54649|Dackscheid|H
54689|Dahnen|H
54689|Dahnen|P
54689|Daleiden|H
54673|Falkenauel|H
54673|Schwabert|H
54689|Daleiden|P
54689|Dasburg|H
54689|Dasburg|P
54614|Dingdorf|H
54649|Eilscheid|H
54298|Eisenach|H
54619|Eschfeld|H
54597|Euscheid|H
54597|Hofswald|H
54597|Feuerscheid|H
54597|Denterhof|H
54597|Gesotz, Gem Feuerscheid|H
54597|Schwarzbach|H
54597|Fleringen|H
54614|Giesdorf|H
54298|Gilzem|H
54595|Weinsheim|H
54595|Gondenbrett|H
54533|Gransdorf|H
54533|Biermühle|H
54619|Großkampenberg|H
54619|Dackscheid|H
54608|Großlangenfeld|H
54608|Großlangenfeld|P
54597|Habscheid|H
54649|Hargarten|H
54597|Gesotz, Gem Hargarten|H
54617|Harspelt|H
54619|Heckhuscheid|H
54614|Heisdorf|H
54619|Herzfeld|H
54689|Irrhausen|H
54689|Irrhausen|P
54689|Jucken|H
54689|Jucken|P
54619|Kesfeld|H
54619|Dromigt|H
54619|Spielmannsholz|H
54689|Kickeshausen|H
54689|Steinrausch|H
54689|Kickeshausen|P
54689|Steinrausch|P
54597|Kinzenburg|H
54597|Kleinlangenfeld|H
54673|Krautscheid|H
54673|Sauerwies|H
54649|Lambertsberg|H
54597|Lascheid|H
54612|Lasel|H
54649|Lauperath|H
54619|Leidenborn|H
54619|Lichtenborn|H
54597|Lierfeld|H
54597|Lünebach|H
54617|Lützkampen|H
54649|Manderscheid|H
54597|Masthorn|H
54597|Matzerath|H
54649|Mauel|H
54597|Merlscheid|H
54608|Mützenich|H
54608|Schweiler|H
54608|Mützenich|P
54608|Schweiler|P
54597|Neuendorf|H
54597|Neuheilenbach|H
54614|Niederlauch|H
54649|Niederpierscheid|H
54612|Nimshuscheid|H
54614|Nimsreuland|H
54533|Oberkail|H
54608|Oberlascheid|H
54608|Oberlascheid|P
54614|Oberlauch|H
54649|Oberpierscheid|H
54636|Merkeshausen|H
54689|Olmscheid|H
54689|Olmscheid|P
54597|Olzheim|H
54298|Orenhofen|H
54595|Orlenbach|H
54649|Pintesfeld|H
54595|Pittenbach|H
54597|Plütscheid|H
54597|Gesotz, Gem Plütscheid|H
54689|Preischeid|H
54673|Machtemesmühle|H
54673|Preischeiderley|H
54689|Preischeid|P
54597|Pronsfeld|H
54595|Prüm|H
54591|Prüm|P
54592|Prüm|P
54619|Reiff|H
54619|Banzenhof|H
54689|Reipeldingen|H
54689|Reipeldingen|P
54597|Rommersheim|H
54619|Roscheid|H
54597|Roth|H
54614|Schönecken|H
54597|Schwirzheim|H
54655|Seinsfeld|H
54597|Seiwerath|H
54608|Sellerich|H
54608|Sellerich|P
54619|Sengerich|H
54617|Sevenig|H
54529|Spangdahlem|H
54655|Steinborn|H
54597|Strickscheid|H
54597|Wallersheim|H
54597|Weißenseifen, Gm Waller|H
54595|Watzerath|H
54612|Wawern|H
54649|Waxweiler|H
54614|Winringen|H
54608|Winterscheid|H
54608|Winterscheid|P
54616|Winterspelt|H
54655|Zendscheid|H
54655|Friedbüsch|H
54597|Hersdorf|H
54619|Üttfeld|H
54636|Wißmannsdorf|H
54578|Basberg|H
54552|Beinhausen|H
54570|Berlingen|H
54578|Berndorf|H
54570|Betteldorf|H
54587|Birgel|H
54570|Bleckhausen|H
54570|Bleckhausener Mühle|H
54552|Boxberg|H
54552|Brockscheid|H
54552|Darscheid|H
54552|Demerath|H
54570|Deudesfeld|H
54552|Dockweiler|H
54576|Dohm-Lammersdorf|H
54576|Dohm-Lammersdorf|P
54552|Dreis-Brück|H
54552|Ellscheid|H
54585|Esch|H
54584|Feusdorf|H
54552|Gefell|H
54568|Gerolstein|H
54561|Gerolstein|P
54562|Gerolstein|P
54563|Gerolstein|P
54567|Gerolstein|G
54558|Gillenfeld|H
54584|Gönnersdorf|H
54576|Hillesheim|H
54576|Hillesheim|P
54570|Hinterweiler|H
54552|Hörscheid|H
54552|Hörschhausen|H
54570|Hohenfels-Essingen|H
54552|Immerath|H
54584|Jünkerath|H
54570|Kalenborn-Scheuern|H
54552|Katzwinkel|H
54578|Kerpen|H
54570|Kirchweiler|H
54552|Kradenbach|H
54587|Lissendorf|H
54552|Mehren|H
54570|Meisburg|H
54558|Mückeln|H
54552|Neichen|H
54552|Nerdlen|H
54570|Neroth|H
54570|Niederstadtfeld|H
54578|Oberbettingen|H
54578|Oberehe-Stroheich|H
54570|Oberstadtfeld|H
54570|Pelm|H
54570|Rockeskyll|H
54570|Salm|H
54552|Sarmersbach|H
54558|Saxler|H
54552|Schalkenmehren|H
54552|Schönbach|H
54570|Schutz|H
54552|Steineberg|H
54552|Steiningen|H
54558|Strohn|H
54558|Sprink|H
54552|Strotzbüsch|H
54552|Udler|H
54552|Üdersdorf|H
54579|Üxheim|H
54552|Utzerath|H
54570|Wallenborn|H
54578|Walsdorf|H
54570|Weidenbach|H
54578|Wiesbaum|H
54558|Winkel|H
56769|Arbach|H
56769|Bereborn|H
56766|Berenbach|H
54574|Birresborn|H
54574|Rom|H
53539|Bodenbach|H
53539|Bongard|H
53539|Borler|H
53539|Brücktal|H
54570|Densborn|H
54655|Altenhof|H
53520|Drees|H
54597|Duppach|H
53539|Gelenberg|H
56767|Gunderath|H
54611|Hallschlag|H
56767|Höchstberg|H
56766|Horperath|H
56767|Kaperich|H
56767|Kölnische Höfe|H
53539|Kelberg|H
54589|Kerschenbach|H
53539|Kirsbach|H
56767|Kötterichen|H
56767|Kolverath|H
54574|Kopp|H
56767|Lirstal|H
56769|Mannebach|H
56767|Mosbruch|H
54570|Mürlenbach|H
54597|Weißenseifen, Gm Mürlb|H
56729|Nitz|H
56729|Nitz|P
54578|Nohn|H
56767|Oberelz|H
54597|Ormont|H
53539|Reimerath|H
56769|Retterath|H
54597|Reuth|H
56767|Sassen|H
54611|Scheid|H
54586|Schüller|H
54589|Stadtkyll|H
54597|Steffeln|H
56767|Uersfeld|H
56767|Ueß|H
53539|Welcherath|H
54550|Daun|H
54541|Daun|P
54542|Daun|P
54543|Daun|P
54544|Daun|P
54298|Aach|H
54441|Ayl|H
54314|Baldringen|H
54340|Bekond|H
54413|Bescheid|H
54413|Beuren|H
54316|Bonerath|H
54413|Damflos|H
54340|Detzem|H
54340|Ensch|H
54317|Farschweiler|H
54341|Fell|H
54439|Fisch|H
54343|Föhren|H
54343|Föhren|P
54316|Franzenheim|H
54450|Freudenburg|H
54413|Geisfeld|H
54314|Greimerath|H
54413|Grimburg|H
54413|Gusenburg|H
54317|Gusterath|H
54317|Gutweiler|H
54429|Heddert|H
54314|Hentern|H
54317|Herl|H
54411|Hermeskeil|H
54401|Hermeskeil|P
54402|Hermeskeil|P
54403|Hermeskeil|P
54404|Hermeskeil|P
54405|Hermeskeil|P
54316|Hinzenburg|H
54421|Hinzert-Pölert|H
54316|Hockweiler|H
54316|Holzerath|H
54298|Igel|H
54451|Irsch|H
54441|Kanzem|H
54317|Kasel|H
54441|Kastel-Staadt|H
54427|Kell|H
54427|Mühlscheid|H
54427|Kell|P
54427|Mühlscheid|P
54344|Kenn|H
54344|Kenn|P
54441|Kirf|H
54340|Klüsserath|H
54340|Köwerich|H
54329|Konz|H
54321|Konz|P
54322|Konz|P
54323|Konz|P
54324|Konz|P
54306|Kordel|H
54317|Korlingen|H
54316|Lampaden|H
54308|Langsur|H
54340|Leiwen|H
54338|Longen|H
54340|Longuich|H
54317|Lorscheid|H
54429|Mandern|H
54441|Mannebach|H
54346|Mehring|H
54318|Mertesdorf|H
54317|Morscheid|H
54340|Naurath|H
54426|Naurath|H
54422|Neuhütten|H
54309|Newel|H
54453|Nittel|H
54331|Oberbillig|H
54441|Ockfen|H
54316|Ollmuth|H
54456|Onsdorf|H
54317|Osburg|H
54439|Palzem|H
54314|Paschel|H
54331|Pellingen|H
54316|Pluwig|H
54340|Pölich|H
54310|Ralingen|H
54413|Rascheid|H
54421|Reinsfeld|H
54340|Riol|H
54317|Riveris|H
54439|Saarburg|H
54431|Saarburg|P
54432|Saarburg|P
54433|Saarburg|P
54434|Saarburg|P
54435|Saarburg|P
54429|Schillingen|H
54340|Schleich|H
54441|Schoden|H
54314|Schömerich|H
54316|Schöndorf|H
54338|Schweich|H
54333|Schweich|P
54334|Schweich|P
54335|Schweich|P
54455|Serrig|H
54314|Neunhäuser|H
54317|Sommerau|H
54441|Taben-Rodt|H
54456|Tawern|H
54441|Temmels|H
54340|Thörnich|H
54317|Thomm|H
54441|Trassem|H
54311|Trierweiler|H
54314|Vierherrenborn|H
54320|Waldrach|H
54429|Waldweiler|H
54332|Wasserliesch|H
54441|Wawern|H
54441|Wellen|H
54459|Wiltingen|H
54457|Wincheringen|H
54313|Zemmer|H
54314|Zerf|H
54422|Züsch|H
54422|Neuhof|H
54439|Merzkirchen|H
54298|Welschbillig|H
67227|Frankenthal|H
67225|Frankenthal|G
67201|Frankenthal|P
67202|Frankenthal|P
67203|Frankenthal|P
67204|Frankenthal|P
67205|Frankenthal|P
67206|Frankenthal|P
67207|Frankenthal|P
67208|Frankenthal|P
67209|Frankenthal|P
67210|Frankenthal|P
67211|Frankenthal|P
67212|Frankenthal|P
67655|Kaiserslautern|H
67657|Kaiserslautern|N
67659|Kaiserslautern|N
67661|Kaiserslautern|N
67663|Kaiserslautern|N
67653|Kaiserslautern|G
67601|Kaiserslautern|P
67602|Kaiserslautern|P
67603|Kaiserslautern|P
67604|Kaiserslautern|P
67605|Kaiserslautern|P
67606|Kaiserslautern|P
67607|Kaiserslautern|P
67608|Kaiserslautern|P
67609|Kaiserslautern|P
67610|Kaiserslautern|P
67611|Kaiserslautern|P
67612|Kaiserslautern|P
67613|Kaiserslautern|P
67614|Kaiserslautern|P
67615|Kaiserslautern|P
67616|Kaiserslautern|P
67617|Kaiserslautern|P
67618|Kaiserslautern|P
67619|Kaiserslautern|P
67620|Kaiserslautern|P
67621|Kaiserslautern|P
67622|Kaiserslautern|P
67623|Kaiserslautern|P
67650|Kaiserslautern|G
76829|Landau|H
76831|Ziegelhütte|H
76825|Landau|G
76826|Landau|G
76801|Landau|P
76802|Landau|P
76803|Landau|P
76804|Landau|P
76805|Landau|P
76806|Landau|P
76807|Landau|P
76808|Landau|P
76809|Landau|P
76810|Landau|P
76811|Landau|P
76812|Landau|P
76813|Landau|P
76814|Landau|P
76815|Landau|P
76816|Landau|P
76817|Landau|P
76831|Ziegelhütte|P
76828|Landau|G
67059|Ludwigshafen|H
67061|Ludwigshafen|N
67063|Ludwigshafen|N
67065|Ludwigshafen|N
67067|Ludwigshafen|N
67069|Ludwigshafen|N
67071|Ludwigshafen|N
67056|Ludwigshafen|G
67057|Ludwigshafen|G
67001|Ludwigshafen|P
67002|Ludwigshafen|P
67003|Ludwigshafen|P
67004|Ludwigshafen|P
67005|Ludwigshafen|P
67006|Ludwigshafen|P
67007|Ludwigshafen|P
67008|Ludwigshafen|P
67009|Ludwigshafen|P
67010|Ludwigshafen|P
67011|Ludwigshafen|P
67012|Ludwigshafen|P
67013|Ludwigshafen|P
67014|Ludwigshafen|P
67022|Ludwigshafen|P
67023|Ludwigshafen|P
67026|Ludwigshafen|P
67028|Ludwigshafen|P
67033|Ludwigshafen|P
67034|Ludwigshafen|P
67035|Ludwigshafen|P
67037|Ludwigshafen|P
67038|Ludwigshafen|P
67039|Ludwigshafen|P
67021|Ludwigshafen|P
67072|Ludwigshafen|P
67073|Ludwigshafen|P
67077|Ludwigshafen|G
67076|Ludwigshafen|G
67200|Ludwigshafen|G
67082|Ludwigshafen|G
67058|Ludwigshafen|G
67055|Ludwigshafen|G
67075|Ludwigshafen|G
67078|Ludwigshafen|G
55116|Mainz|H
55118|Mainz|N
55120|Mainz|N
55122|Mainz|N
55124|Mainz|N
55126|Mainz|N
55127|Mainz|N
55128|Mainz|N
55129|Mainz|N
55130|Mainz|N
55131|Mainz|N
55098|Mainz|G
55099|Mainz|G
55100|Mainz|G
55101|Mainz|G
55001|Mainz|P
55002|Mainz|P
55003|Mainz|P
55004|Mainz|P
55005|Mainz|P
55006|Mainz|P
55007|Mainz|P
55008|Mainz|P
55009|Mainz|P
55010|Mainz|P
55011|Mainz|P
55012|Mainz|P
55013|Mainz|P
55014|Mainz|P
55015|Mainz|P
55016|Mainz|P
55017|Mainz|P
55018|Mainz|P
55019|Mainz|P
55020|Mainz|P
55021|Mainz|P
55022|Mainz|P
55023|Mainz|P
55024|Mainz|P
55025|Mainz|P
55026|Mainz|P
55027|Mainz|P
55028|Mainz|P
55029|Mainz|P
55030|Mainz|P
55031|Mainz|P
55032|Mainz|P
55033|Mainz|P
55050|Mainz|P
55051|Mainz|P
55052|Mainz|P
55054|Mainz|P
55055|Mainz|P
55057|Mainz|P
55058|Mainz|P
55059|Mainz|P
55060|Mainz|P
55065|Mainz|P
55069|Mainz|P
55070|Mainz|P
55071|Mainz|P
55072|Mainz|P
55075|Mainz|P
55076|Mainz|P
55132|Mainz|P
55133|Mainz|P
55134|Mainz|P
55135|Mainz|P
55136|Mainz|P
55150|Mainz|G
55045|Mainz|P
55200|Mainz|G
55097|Mainz|G
55148|Mainz|G
55147|Mainz|G
55146|Mainz|G
55149|Mainz|G
55145|Mainz|G
67433|Neustadt|H
67434|Neustadt|N
67435|Neustadt|N
67429|Neustadt|G
67401|Neustadt|P
67402|Neustadt|P
67403|Neustadt|P
67404|Neustadt|P
67405|Neustadt|P
67406|Neustadt|P
67407|Neustadt|P
67408|Neustadt|P
67409|Neustadt|P
67410|Neustadt|P
66953|Pirmasens|H
66954|Pirmasens|N
66955|Pirmasens|N
66951|Pirmasens|G
66921|Pirmasens|P
66922|Pirmasens|P
66923|Pirmasens|P
66924|Pirmasens|P
66925|Pirmasens|P
66926|Pirmasens|P
66927|Pirmasens|P
66928|Pirmasens|P
66929|Pirmasens|P
66930|Pirmasens|P
66931|Pirmasens|P
66932|Pirmasens|P
66933|Pirmasens|P
66934|Pirmasens|P
66935|Pirmasens|P
66948|Pirmasens|G
66950|Pirmasens|G
67346|Speyer|H
67346|Angelhof I u. II|H
67340|Speyer|G
67341|Speyer|G
67342|Speyer|G
67343|Speyer|G
67321|Speyer|P
67322|Speyer|P
67323|Speyer|P
67324|Speyer|P
67325|Speyer|P
67326|Speyer|P
67327|Speyer|P
67328|Speyer|P
67329|Speyer|P
67330|Speyer|P
67331|Speyer|P
67332|Speyer|P
67333|Speyer|P
67334|Speyer|P
67547|Worms|H
67549|Worms|N
67550|Worms|N
67551|Worms|N
67545|Worms|G
67501|Worms|P
67502|Worms|P
67503|Worms|P
67504|Worms|P
67505|Worms|P
67506|Worms|P
67507|Worms|P
67508|Worms|P
67509|Worms|P
67510|Worms|P
67511|Worms|P
67512|Worms|P
67513|Worms|P
67514|Worms|P
67522|Worms|P
67523|Worms|P
67531|Worms|P
67533|Worms|P
66482|Zweibrücken|H
66461|Zweibrücken|P
66462|Zweibrücken|P
66463|Zweibrücken|P
66464|Zweibrücken|P
66465|Zweibrücken|P
66466|Zweibrücken|P
66467|Zweibrücken|P
66468|Zweibrücken|P
66469|Zweibrücken|P
66470|Zweibrücken|P
66475|Zweibrücken|P
66476|Zweibrücken|P
55234|Albig|H
67577|Alsheim|H
55232|Alzey|H
55219|Alzey|P
55220|Alzey|P
55221|Alzey|P
55222|Alzey|P
55223|Alzey|P
55224|Alzey|P
55288|Armsheim|H
55234|Bechenheim|H
67595|Bechtheim|H
55234|Bechtolsheim|H
55234|Bermersheim|H
67593|Bermersheim|H
55234|Biebelnheim|H
55234|Hochborn|H
55237|Bornheim|H
55234|Dintesheim|H
67596|Dittelsheim-Heßloch|H
55599|Eckelsheim|H
67575|Eich|H
67575|Eich|P
55232|Ensheim|H
55234|Eppelsheim|H
55234|Erbes-Büdesheim|H
55230|Erbes-Büdesheim|G
55234|Esselborn|H
67592|Flörsheim-Dalsheim|H
55234|Flomborn|H
55237|Flonheim|H
55234|Framersheim|H
55234|Freimersheim|H
67596|Frettenheim|H
55288|Gabsheim|H
55599|Gau-Bickelheim|H
55234|Gau-Heppenheim|H
55239|Gau-Odernheim|H
55578|Gau-Weinheim|H
67578|Gimbsheim|H
55597|Gumbsheim|H
55597|Gumbsheim|P
67598|Gundersheim|H
67599|Gundheim|H
67580|Hamm|H
55234|Hangen-Weisheim|H
67591|Hohen-Sülzen|H
55234|Kettenheim|H
55237|Lonsheim|H
67294|Mauchenheim|H
67582|Mettenheim|H
67591|Mölsheim|H
67591|Mörstadt|H
67590|Monsheim|H
55234|Monzernheim|H
55234|Nack|H
55234|Nieder-Wiesen|H
55234|Ober-Flörsheim|H
55234|Offenheim|H
67591|Offstein|H
67574|Osthofen|H
67564|Osthofen|P
67565|Osthofen|P
67566|Osthofen|P
67567|Osthofen|P
67568|Osthofen|P
55288|Partenheim|H
55291|Saulheim|H
55289|Saulheim|P
55288|Schornsheim|H
55599|Siefersheim|H
55288|Spiesheim|H
55599|Stein-Bockenheim|H
55286|Sulzheim|H
55288|Udenheim|H
55578|Vendersheim|H
67591|Wachenheim|H
55234|Wahlheim|H
55578|Wallertheim|H
55234|Wendelsheim|H
67593|Westhofen|H
55597|Wöllstein|H
55597|Wöllstein|P
55286|Wörrstadt|H
55284|Wörrstadt|P
55285|Wörrstadt|P
55599|Wonsheim|H
67317|Altleiningen|H
67098|Bad Dürkheim|H
67098|Annaberg|H
67098|Lindemannsruhe|H
67098|Mundhardterhof|H
67085|Bad Dürkheim|P
67086|Bad Dürkheim|P
67087|Bad Dürkheim|P
67088|Bad Dürkheim|P
67089|Bad Dürkheim|P
67090|Bad Dürkheim|P
67271|Battenberg|H
67281|Bissersheim|H
67273|Bobenheim am Berg|H
67278|Bockenheim|H
67316|Carlsberg|H
67316|Junghof|H
67316|Neuhof|H
67316|Neuwoog|H
67312|Carlsberg|P
67313|Carlsberg|P
67273|Dackenheim|H
67146|Deidesheim|H
67142|Deidesheim|P
67143|Deidesheim|P
67435|Benjental|H
67435|Looganlage|H
67246|Dirmstein|H
67246|Dirmstein|P
67280|Ebertsheim|H
67158|Ellerstadt|H
67471|Elmstein|H
67469|Elmstein|P
67167|Erpolzheim|H
67472|Esthal|H
67466|Breitenstein|H
67466|Erfenstein|H
67147|Forst|H
67468|Frankeneck|H
67468|Sattelmühle|H
67251|Freinsheim|H
67247|Freinsheim|P
67248|Freinsheim|P
67159|Friedelsheim|H
67229|Gerolsheim|H
67161|Gönnheim|H
67229|Großkarlbach|H
67269|Grünstadt|H
67261|Grünstadt|P
67262|Grünstadt|P
67263|Grünstadt|P
67264|Grünstadt|P
67265|Grünstadt|P
67266|Grünstadt|P
67454|Haßloch|H
67445|Haßloch|P
67446|Haßloch|P
67447|Haßloch|P
67448|Haßloch|P
67273|Herxheim am Berg|H
67310|Hettenleidelheim|H
67309|Hettenleidelheim|P
67169|Kallstadt|H
67271|Kindenheim|H
67281|Kirchheim|H
67281|Bruchmühle|H
67271|Kleinkarlbach|H
67466|Lambrecht|H
67466|Luhrbach|H
67460|Lambrecht|P
67461|Lambrecht|P
67462|Lambrecht|P
67229|Laumersheim|H
67473|Lindenberg|H
67149|Meckenheim|H
67271|Mertesheim|H
67468|Neidenfels|H
67468|Lambertskreuz|H
67271|Neuleiningen|H
67150|Niederkirchen|H
67271|Obersülzen|H
67283|Obrigheim|H
67280|Quirnheim|H
67152|Ruppertsberg|H
67311|Tiefenthal|H
67157|Wachenheim|H
67157|Silbertal|H
67319|Wattenheim|H
67475|Weidenthal|H
67273|Weisenheim am Berg|H
67256|Weisenheim am Sand|H
67308|Albisheim|H
67821|Alsenz|H
67808|Bayerfeld-Steckweiler|H
67808|Neubau|H
67822|Bremricherhof|H
67822|Schmalfelderhof|H
67822|Stolzenbergerhof|H
67808|Bennhausen|H
67308|Biedesheim|H
67294|Bischheim|H
67292|Heubergerhof|H
67806|Bisterschied|H
67725|Börrstadt|H
67816|Herfingerhof|H
67816|Mühlbusch|H
67295|Bolanden|H
67725|Breunigweiler|H
67308|Bubenheim|H
67814|Dannenfels|H
67811|Dielkirchen|H
67806|Dörrmoschel|H
67816|Dreisen|H
67308|Einselthum|H
67308|Wiesenmühle|H
67304|Eisenberg|H
67305|Ochsenbusch|H
67319|Lauberhof|H
67298|Eisenberg|P
67299|Eisenberg|P
67300|Eisenberg|P
67808|Falkenstein|H
67822|Finkenbach-Gersweiler|H
67823|Bergmühle|H
67294|Gauersheim|H
67822|Gaugrehweiler|H
67822|Gutenbacherhof|H
67724|Gehrweiler|H
67813|Gerbach|H
67307|Göllheim|H
67306|Göllheim|P
67724|Gonbach|H
67724|Gundersweiler|H
67724|Messersbacherhof|H
67724|Höringen|H
67294|Ilbesheim|H
67308|Immesheim|H
67308|Kleinmühle|H
67817|Imsbach|H
67725|Röderhof|H
67808|Langheckerhof|H
67808|Imsweiler|H
67806|Felsbergerhof|H
67806|Spreiterhof|H
67814|Jakobsweiler|H
67822|Kalkofen|H
67806|Katzenbach|H
67806|Kolbenmühle|H
67806|Obermittweilerhof|H
67806|Simonshof|H
67806|Untermittweilerhof|H
67304|Kerzenheim|H
67292|Kirchheimbolanden|H
67292|Bolanderhof|H
67294|Hessenhütte|H
67284|Kirchheimbolanden|P
67285|Kirchheimbolanden|P
67286|Kirchheimbolanden|P
67287|Kirchheimbolanden|P
67819|Kriegsfeld|H
67294|Pfalzfeld|H
67308|Lautersheim|H
67727|Lohnsfeld|H
67822|Mannweiler-Cölln|H
67297|Marnheim|H
67808|Mörsfeld|H
67808|Jägerlust, Forsthaus|H
67294|Morschheim|H
67728|Münchweiler|H
67822|Münsterappel|H
67822|Niederhausen|H
67822|Niedermoschel|H
67822|Oberhausen|H
67823|Obermoschel|H
67821|Oberndorf|H
67294|Oberwiesen|H
67294|Orbis|H
67308|Ottersheim|H
67305|Ramsen|H
67808|Ransweiler|H
67294|Rittersheim|H
67294|Josefsmühle|H
67294|Steuerwaldsmühle|H
67308|Rüssingen|H
67808|Ruppertsecken|H
67292|Oberthierwasen|H
67292|Unterthierwasen|H
67813|Schwarzengraben|H
67813|St. Alban|H
67822|Hengstbacherhof|H
67823|Schiersfeld|H
67808|Sulzhof|H
67808|Schönborn|H
67808|Schweisweiler|H
67729|Sippersfeld|H
67823|Sitters|H
67808|Stahlberg|H
67816|Standenbühl|H
67808|Steinbach|H
67294|Stetten|H
67806|Teschenmoschel|H
67823|Unkenbach|H
67822|Waldgrehweiler|H
67806|Wolfsmühle|H
67681|Wartenberg-Rohrbach|H
67808|Weitersweiler|H
67822|Winterborn|H
67808|Würzweiler|H
67744|Rathskirchen|H
67742|Bösodenbacherhof|H
67759|Reichsthal|H
67744|Seelen|H
67308|Zellertal|H
67806|Rockenhausen|H
67806|Schacherhof|H
67801|Rockenhausen|P
67802|Rockenhausen|P
67803|Rockenhausen|P
67722|Winnweiler|H
76756|Bellheim|H
76726|Altbrand|H
76752|Bellheim|P
76753|Bellheim|P
76768|Berg|H
76768|Berg|P
76872|Erlenbach|H
76872|Freckenfeld|H
67361|Freisbach|H
76726|Germersheim|H
76726|Vorwerk Friedrich|H
76725|Germersheim|G
76711|Germersheim|P
76712|Germersheim|P
76713|Germersheim|P
76714|Germersheim|P
76715|Germersheim|P
76716|Germersheim|P
76717|Germersheim|P
76767|Hagenbach|H
76770|Hatzenbühl|H
76771|Hördt|H
76751|Jockgrim|H
76870|Kandel|H
76866|Kandel|P
76867|Kandel|P
76879|Knittelsheim|H
76773|Kuhardt|H
76774|Leimersheim|H
67360|Lingenfeld|H
67355|Lingenfeld|P
67356|Lingenfeld|P
67363|Lustadt|H
67363|Lustadt|P
76872|Minfeld|H
76776|Neuburg|H
76777|Neupotz|H
76879|Ottersheim|H
76764|Rheinzabern|H
76761|Rülzheim|H
76757|Rülzheim|P
76758|Rülzheim|P
76759|Rülzheim|P
76779|Scheibenhardt|H
67365|Schwegenheim|H
76872|Steinweiler|H
76744|Vollmersweiler|H
76744|Höllenmühle|H
67366|Weingarten|H
67368|Westheim|H
76872|Winden|H
67378|Zeiskam|H
76744|Wörth|H
76779|Salmbacher Passage|H
76742|Wörth|G
76730|Wörth|P
76731|Wörth|P
76732|Wörth|P
76734|Wörth|P
76735|Wörth|P
76736|Wörth|P
66851|Bann|H
66892|Bruchmühlbach-Miesau|H
66888|Bruchmühlbach-Miesau|P
67677|Enkenbach-Alsenborn|H
67675|Enkenbach-Alsenborn|P
67685|Erzenhausen|H
67685|Eulenbis|H
67685|Mückenmühle|H
67693|Fischbach|H
67677|Altenhof|H
67677|Schorlenberg|H
67737|Frankelbach|H
67468|Frankenstein|H
67468|Erlenbacher Forsthaus|H
67691|Klaftertalerhof|H
66894|Gerhardsbrunn|H
66851|Scharrhof|H
66851|Scharrmühle|H
66851|Hauptstuhl|H
67699|Heiligenmoschel|H
67699|Sickingerhof|H
67732|Hirschhorn|H
67691|Hochspeyer|H
66882|Hütschenhausen|H
66851|Olenkorb|H
66892|Elschbacherhof|H
66880|Hütschenhausen|P
67734|Katzweiler|H
66862|Kindsbach|H
66849|Am Sandweiher|H
67661|Kindsbach, Forsthaus|H
66879|Kollweiler|H
66879|Kottweiler-Schwanden|H
67706|Krickenbach|H
66851|Erkelshäuserhof|H
66849|Landstuhl|H
66841|Landstuhl|P
66842|Landstuhl|P
66843|Landstuhl|P
66844|Landstuhl|P
66845|Landstuhl|P
66851|Linden|H
67706|Ländlerhof|H
67686|Mackenbach|H
67735|Mehlbach|H
67678|Mehlingen|H
67678|Mehlingen|P
66851|Mittelbrunn|H
67680|Neuhemsbach|H
67700|Niederkirchen|H
67806|Karlshöhe|H
66879|Niedermohr|H
66851|Oberarnbach|H
67737|Olsbrücken|H
67731|Otterbach|H
67731|Otterbach|P
67697|Otterberg|H
66851|Queidersbach|H
66877|Ramstein-Miesenbach|H
66851|Königreich|H
66872|Ramstein-Miesenbach|P
66873|Ramstein-Miesenbach|P
67688|Rodenbach|H
67685|Mückenhof|H
67701|Schallodenbach|H
67699|Schneckenhausen|H
67685|Schwedelbach|H
66879|Steinwenden|H
67705|Stelzenberg|H
67661|Breitenau|H
67707|Karlsthal Bahnhof|H
67734|Sulzbachtal|H
67705|Trippstadt|H
67693|Waldleiningen|H
67661|Stüterhof|H
67685|Weilerbach|H
67683|Weilerbach|P
66894|Lambsborn|H
66894|Langwieden|H
66849|Artamhof|H
66894|Martinshöhe|H
67707|Schopp|H
67705|Finsterbrunnertal|H
67681|Sembach|H
67680|Eichenbachermühle|H
66879|Reichenbach-Steegen|H
67742|Adenbach|H
66871|Albessen|H
66885|Altenglan|H
66883|Altenglan|P
66903|Altenkirchen|H
66916|Hainhof|H
67753|Aschbach|H
66869|Blaubach|H
66904|Börsborn|H
66904|Börsborn|P
66887|Bosenbach|H
66916|Breitenbach|H
66904|Brücken|H
66904|Haseldell|H
66904|Brücken|P
66904|Haseldell|P
67742|Buborn|H
67744|Cronenberg|H
67742|Deimberg|H
66871|Dennweiler-Frohnbach|H
66903|Dittweiler|H
66916|Dunzweiler|H
66871|Ehweiler|H
67753|Einöllen|H
66887|Elzweiler|H
66887|Erdesbach|H
67754|Eßweiler|H
66871|Etschberg|H
66887|Föckelberg|H
66903|Frohnhofen|H
66903|Lindenhof|H
67742|Ginsweiler|H
66887|Glanbrücken|H
66907|Glan-Münchweiler|H
66905|Glan-Münchweiler|P
66903|Gries|H
67745|Grumbach|H
66871|Haschbach|H
67742|Hausweiler|H
67753|Hefersweiler|H
66909|Henschtal|H
67742|Heinzenhausen|H
66871|Herchweiler|H
67742|Herren-Sulzbach|H
66909|Herschweiler-Pettersheim|H
67756|Hinzweiler|H
67744|Hohenöllen|H
67744|Homberg|H
67742|Schönbornerhof|H
67744|Hoppstädten|H
66887|Horschbach|H
66909|Hüffler|H
66887|Jettenbach|H
67744|Kappeln|H
67744|Kirrweiler|H
66871|Körborn|H
66871|Konken|H
67757|Kreimbach-Kaulbach|H
67737|Winterbach|H
66909|Krottelbach|H
66869|Kusel|H
66863|Kusel|P
66864|Kusel|P
66865|Kusel|P
66909|Langenbach|H
67746|Langweiler|H
67742|Lauterecken|H
67744|Lohnweiler|H
67744|Medard|H
67746|Merzweiler|H
66909|Nanzdietschweiler|H
67749|Nerzweiler|H
66887|Neunkirchen|H
67806|Kreuzhof|H
66887|Niederalben|H
66879|Niederstaufenbach|H
67759|Nußbach|H
66871|Oberalben|H
66879|Oberstaufenbach|H
67756|Oberweiler im Tal|H
67752|Oberweiler-Tiefenbach|H
67748|Odenbach|H
67749|Offenbach-Hundheim|H
66903|Ohmbach|H
66871|Pfeffelbach|H
66887|Rammelsbach|H
66887|Rathsweiler|H
66887|Rathsweiler Mühle|H
66907|Rehweiler|H
66871|Reichweiler|H
67753|Reipoltskirchen|H
67753|Relsberg|H
67753|Rothselberg|H
66869|Ruthweiler|H
66887|Rutsweiler|H
67752|Rutsweiler|H
66869|Schellweiler|H
66901|Schönenberg-Kübelberg|H
66895|Schönenberg-Kübelberg|P
66896|Schönenberg-Kübelberg|P
66897|Schönenberg-Kübelberg|P
66871|Selchenbach|H
66887|Sankt Julian|H
66909|Steinbach|H
66871|Thallichtenberg|H
66871|Theisbergstegen|H
66887|Ulmet|H
67746|Unterjeckenbach|H
66909|Wahnwegen|H
66914|Waldmohr|H
66910|Waldmohr|P
66911|Waldmohr|P
66912|Waldmohr|P
66887|Welchweiler|H
67744|Wiesweiler|H
67752|Wolfstein|H
66885|Bedesbach|H
66885|Sulzbacherhof|H
66909|Matzenbach|H
66909|Quirnbach|H
76857|Albersweiler|H
76857|Hoecker, Haus|H
67482|Altdorf|H
76887|Bad Bergzabern|H
76881|Bad Bergzabern|P
76882|Bad Bergzabern|P
76883|Bad Bergzabern|P
76889|Barbelroth|H
76831|Billigheim-Ingenheim|H
76872|Bruchsiedlung|H
76831|Billigheim-Ingenheim|P
76889|Birkenhördt|H
76887|Gehlmühle|H
76831|Birkweiler|H
76831|Birkweiler|P
67482|Böbingen|H
76833|Böchingen|H
76887|Böllenborn|H
76879|Bornheim|H
76878|Bornheim|G
76835|Burrweiler|H
76857|Dernbach|H
76889|Dierbach|H
76889|Dörrenbach|H
67480|Edenkoben|H
67483|Edesheim|H
76835|Wolfseck, Forsthaus|H
67483|Edesheim|P
76831|Eschbach|H
76831|Eschbach|P
76879|Essingen|H
76857|Eußerthal|H
76857|Taubensuhl|H
76835|Flemlingen|H
76833|Frankweiler|H
67482|Freimersheim|H
76835|Gleisweiler|H
76889|Gleiszellen-Gleishorbach|H
76831|Göcklingen|H
76831|Göcklingen|P
67377|Gommersheim|H
76857|Gossersweiler-Stein|H
67483|Großfischlingen|H
67483|Großfischlingen|P
76835|Hainfeld|H
76872|Hergersweiler|H
76863|Herxheim|H
76858|Herxheim|P
76859|Herxheim|P
76863|Herxheimweyher|H
76831|Heuchelheim-Klingen|H
76831|Heuchelheim-Klingen|P
76879|Hochstadt|H
76831|Ilbesheim|H
76831|Ilbesheim|P
76831|Impflingen|H
76831|Impflingen|P
76865|Insheim|H
76889|Kapellen-Drusweiler|H
76889|Kapsweyer|H
67489|Kirrweiler|H
67483|Kleinfischlingen|H
67483|Kleinfischlingen|P
76889|Klingenmünster|H
76833|Knöringen|H
76829|Leinsweiler|H
67487|Maikammer|H
76857|Münchweiler|H
76889|Niederhorbach|H
76889|Niederotterbach|H
76887|Oberhausen|H
76889|Oberotterbach|H
76889|Oberschlettenbach|H
76877|Offenbach|H
76877|Fuchsmühle|H
76873|Offenbach|P
76874|Offenbach|P
76889|Pleisweiler-Oberhofen|H
76857|Ramberg|H
76829|Modenbacherhof|H
76829|Ranschbach|H
76835|Rhodt|H
76857|Rinnthal|H
76865|Rohrbach|H
76835|Roschbach|H
67487|St. Martin|H
76889|Schweigen-Rechtenbach|H
76889|Haftelhof|H
76889|Schweighofen|H
76833|Siebeldingen|H
76857|Silz|H
76889|Steinfeld|H
76889|Kleinsteinfeld|H
76889|Waldhof|H
67482|Venningen|H
76857|Völkersweiler|H
76889|Vorderweidenthal|H
76857|Waldhambach|H
76857|Waldrohrbach|H
76833|Walsheim|H
76857|Wernersberg|H
76855|Kaisermühle|H
76855|Knochenmühle|H
76835|Weyher|H
76855|Annweiler|H
76857|Waldeck|H
76849|Annweiler|P
76850|Annweiler|P
76851|Annweiler|P
67122|Altrip|H
67118|Altrip|P
67119|Altrip|P
67259|Beindersheim|H
67134|Birkenheide|H
67240|Bobenheim-Roxheim|H
67459|Böhl-Iggelheim|H
67455|Böhl-Iggelheim|P
67456|Böhl-Iggelheim|P
67125|Dannstadt-Schauernheim|H
67373|Dudenhofen|H
67369|Dudenhofen|P
67370|Dudenhofen|P
67136|Fußgönheim|H
67259|Großniedesheim|H
67374|Hanhofen|H
67376|Harthausen|H
67258|Heßheim|H
67259|Heuchelheim|H
67126|Hochdorf-Assenheim|H
67259|Kleinniedesheim|H
67245|Lambsheim|H
67241|Lambsheim|P
67242|Lambsheim|P
67117|Limburgerhof|H
67113|Limburgerhof|P
67114|Limburgerhof|P
67133|Maxdorf|H
67129|Maxdorf|P
67130|Maxdorf|P
67112|Mutterstadt|H
67106|Mutterstadt|P
67107|Mutterstadt|P
67108|Mutterstadt|P
67141|Neuhofen|H
67137|Neuhofen|P
67138|Neuhofen|P
67166|Otterstadt|H
67127|Rödersheim-Gronau|H
67354|Römerberg|H
67105|Schifferstadt|H
67099|Schifferstadt|P
67100|Schifferstadt|P
67101|Schifferstadt|P
67165|Waldsee|H
55437|Appenheim|H
55459|Aspisheim|H
55422|Bacharach|H
55419|Bacharach|P
55420|Bacharach|P
55576|Badenheim|H
55411|Bingen|H
55408|Bingen|G
55409|Bingen|G
55381|Bingen|P
55382|Bingen|P
55383|Bingen|P
55384|Bingen|P
55385|Bingen|P
55386|Bingen|P
55387|Bingen|P
55388|Bingen|P
55395|Bingen|P
55396|Bingen|P
55397|Bingen|P
55405|Bingen|P
55294|Bodenheim|H
55422|Breitscheid|H
55270|Bubenheim|H
55270|Bubenheim|P
55257|Budenheim|H
55253|Budenheim|P
55254|Budenheim|P
55278|Dalheim|H
55278|Dexheim|H
55276|Dienheim|H
55278|Dolgesheim|H
55278|Eimsheim|H
55270|Engelstadt|H
55270|Engelstadt|P
55270|Essenheim|H
55270|Essenheim|P
55278|Friesenheim|H
55435|Gau-Algesheim|H
55433|Gau-Algesheim|P
55434|Gau-Algesheim|P
55296|Gau-Bischofsheim|H
55296|Gau-Bischofsheim|P
55457|Gensingen|H
55453|Gensingen|P
55454|Gensingen|P
55459|Grolsheim|H
67583|Guntersblum|H
67583|Guntersblum|P
55278|Hahnheim|H
55296|Harxheim|H
55296|Harxheim|P
67586|Hillesheim|H
55457|Horrweiler|H
55218|Ingelheim|H
55216|Ingelheim|G
55204|Ingelheim|P
55205|Ingelheim|P
55206|Ingelheim|P
55207|Ingelheim|P
55208|Ingelheim|P
55209|Ingelheim|P
55262|Ingelheim|H
55258|Ingelheim|P
55263|Ingelheim|H
55259|Ingelheim|P
55270|Jugenheim|H
55270|Jugenheim|P
55270|Klein-Winternheim|H
55270|Klein-Winternheim|P
55278|Köngernheim|H
55296|Lörzweiler|H
55296|Lörzweiler|P
55278|Ludwigshöhe|H
55413|Manubach|H
55278|Mommenheim|H
55424|Münster-Sarmsheim|H
55299|Nackenheim|H
55297|Nackenheim|P
55413|Niederheimbach|H
55437|Nieder-Hilbersheim|H
55268|Nieder-Olm|H
55264|Nieder-Olm|P
55265|Nieder-Olm|P
55266|Nieder-Olm|G
55283|Nierstein|H
55279|Nierstein|P
55280|Nierstein|P
55413|Oberdiebach|H
55413|Oberheimbach|H
55437|Ober-Hilbersheim|H
55270|Ober-Olm|H
55270|Ober-Olm|P
55437|Ockenheim|H
55276|Oppenheim|H
55272|Oppenheim|P
55273|Oppenheim|P
55274|Oppenheim|P
55578|St. Johann|H
55270|Schwabenheim|H
55270|Schwabenheim|P
55278|Selzen|H
55270|Sörgenloch|H
55270|Sörgenloch|P
55576|Sprendlingen|H
55572|Sprendlingen|P
55573|Sprendlingen|P
55271|Stadecken-Elsheim|H
55301|Stadecken-Elsheim|P
55413|Trechtingshausen|H
55278|Uelversheim|H
55278|Undenheim|H
55425|Waldalgesheim|H
55425|Waldalgesheim|P
55413|Weiler|H
55278|Weinolsheim|H
55576|Welgesheim|H
67587|Wintersheim|H
55270|Zornheim|H
55270|Zornheim|P
55576|Zotzenheim|H
67585|Dorn-Dürkheim|H
55578|Wolfsheim|H
76891|Bobenthal|H
76891|Busenberg|H
66996|Bärenbrunnerhof|H
66996|Bärenbrunnermühle|H
66978|Clausen|H
67714|Hollertal|H
66994|Dahn|H
66990|Dahn|P
66991|Dahn|P
76848|Darstein|H
76848|Dimbach|H
66978|Donsieders|H
66957|Eppenbrunn|H
66996|Erfweiler|H
76891|Erlenbach|H
66996|Fischbach|H
67715|Geiselberg|H
76846|Hauenstein|H
76840|Hauenstein|P
76841|Hauenstein|P
76842|Hauenstein|P
67716|Heltersberg|H
67714|Hundsweihersägemühle|H
66919|Hermersberg|H
66919|Herschberg|H
66917|Konradsmühle|H
66917|Würschhauserhof|H
66917|Würschhausermühle|H
66987|Weihermühle|H
66919|Hettenhausen|H
66957|Hilst|H
66999|Hinterweidenthal|H
66996|Hirschthal|H
66989|Höheinöd|H
66989|Höheischweiler|H
66989|Höhfröschen|H
66851|Horbach|H
66851|Schwanenmühle|H
66957|Kröppen|H
66978|Leimen|H
66969|Lemberg|H
66996|Ludwigswinkel|H
76848|Lug|H
66978|Merzalben|H
66999|Wieslauterhof|H
66981|Münchweiler|H
66955|Beckenhof|H
66979|Münchweiler|P
76891|Niederschlettenbach|H
76891|Nothweiler|H
66989|Nünschweiler|H
66989|Dusenbrücken|H
66989|Huberhof|H
66957|Obersimten|H
66989|Petersberg|H
66976|Rodalben|H
66970|Rodalben|P
66971|Rodalben|P
66972|Rodalben|P
76891|Rumbach|H
76891|Falkenmühle|H
66957|Ruppertsweiler|H
66919|Saalstadt|H
66917|Erlenmühle|H
66919|Schauerberg|H
66996|Schindhard|H
76887|Sandbühlerhof|H
67718|Schmalenberg|H
66996|Schönau|H
66996|Biehlerhof|H
76848|Schwanheim|H
66957|Schweix|H
76848|Spirkelbach|H
66851|Steinalben|H
66987|Thaleischweiler-Fröschen|H
66986|Thaleischweiler-Fröschen|G
66983|Thaleischweiler-Fröschen|P
66957|Trulben|H
66957|Vinningen|H
66954|Schelertal|H
67714|Waldfischbach-Burgalben|H
67714|Heidelsburg|H
66919|Weselberg|H
76848|Wilgartswiesen|H
66484|Althornbach|H
66500|Hübelhof|H
66500|Bödingerhof|H
66500|Buchholzbergerhof|H
66484|Battweiler|H
66894|Bechhofen|H
66917|Biedershausen|H
66504|Bottenbach|H
66497|Contwig|H
66503|Dellfeld|H
66503|Ziegelhütte|H
66484|Dietrichingen|H
66482|Kirschbacherhof|H
66482|Kirschbachermühle|H
66482|Riedelberg-Tal|H
66501|Großbundenbach|H
66484|Großsteinhausen|H
66500|Hornbach|H
66894|Käshofen|H
66894|Etzenbachermühle|H
66501|Kleinbundenbach|H
66484|Kleinsteinhausen|H
66482|Hirschhof|H
66917|Knopp-Labach|H
66917|Knoppermühle|H
66894|Krähenberg|H
66506|Maßweiler|H
66917|Kneispermühle|H
66500|Mauschbach|H
66919|Obernheim-Kirchenarnbach|H
66507|Reifenberg|H
66484|Stockbornerhof|H
66484|Riedelberg|H
66509|Rieschweiler-Mühlbach|H
66894|Rosenkopf|H
66484|Schmitshausen|H
66917|Hellbornerhof|H
66917|Wallhalben|H
66917|Seitershof|H
66484|Walshausen|H
66894|Wiesbach|H
66484|Winterbach|H
76891|Bruchweiler-Bärenbach|H
76891|Bundenthal|H
70173|Stuttgart|H
70174|Stuttgart|N
70176|Stuttgart|N
70178|Stuttgart|N
70180|Stuttgart|N
70182|Stuttgart|N
70184|Stuttgart|N
70186|Stuttgart|N
70188|Stuttgart|N
70190|Stuttgart|N
70191|Stuttgart|N
70192|Stuttgart|N
70193|Stuttgart|N
70195|Stuttgart|N
70197|Stuttgart|N
70199|Stuttgart|N
70327|Stuttgart|N
70329|Stuttgart|N
70372|Stuttgart|N
70374|Stuttgart|N
70376|Stuttgart|N
70435|Stuttgart|N
70437|Stuttgart|N
70439|Stuttgart|N
70469|Stuttgart|N
70499|Stuttgart|N
70563|Stuttgart|N
70565|Stuttgart|N
70567|Stuttgart|N
70569|Stuttgart|N
70597|Stuttgart|N
70599|Stuttgart|N
70619|Stuttgart|N
70144|Stuttgart|G
70148|Stuttgart|G
70150|Stuttgart|G
70151|Stuttgart|G
70152|Stuttgart|G
70153|Stuttgart|G
70154|Stuttgart|G
70161|Stuttgart|G
70162|Stuttgart|G
70163|Stuttgart|G
70164|Stuttgart|G
70171|Stuttgart|G
70323|Stuttgart|G
70324|Stuttgart|G
70429|Stuttgart|G
70431|Stuttgart|G
70432|Stuttgart|G
70466|Stuttgart|G
70494|Stuttgart|G
70496|Stuttgart|G
70547|Stuttgart|G
70549|Stuttgart|G
70550|Stuttgart|G
70551|Stuttgart|G
70560|Stuttgart|G
70593|Stuttgart|G
70594|Stuttgart|G
70001|Stuttgart|P
70002|Stuttgart|P
70003|Stuttgart|P
70004|Stuttgart|P
70005|Stuttgart|P
70006|Stuttgart|P
70007|Stuttgart|P
70008|Stuttgart|P
70009|Stuttgart|P
70010|Stuttgart|P
70011|Stuttgart|P
70012|Stuttgart|P
70013|Stuttgart|P
70014|Stuttgart|P
70015|Stuttgart|P
70016|Stuttgart|P
70017|Stuttgart|P
70018|Stuttgart|P
70019|Stuttgart|P
70020|Stuttgart|P
70021|Stuttgart|P
70022|Stuttgart|P
70023|Stuttgart|P
70024|Stuttgart|P
70025|Stuttgart|P
70026|Stuttgart|P
70027|Stuttgart|P
70028|Stuttgart|P
70029|Stuttgart|P
70030|Stuttgart|P
70031|Stuttgart|P
70032|Stuttgart|P
70033|Stuttgart|P
70034|Stuttgart|P
70035|Stuttgart|P
70036|Stuttgart|P
70037|Stuttgart|P
70038|Stuttgart|P
70039|Stuttgart|P
70040|Stuttgart|P
70041|Stuttgart|P
70042|Stuttgart|P
70043|Stuttgart|P
70044|Stuttgart|P
70045|Stuttgart|P
70046|Stuttgart|P
70047|Stuttgart|P
70048|Stuttgart|P
70049|Stuttgart|P
70067|Stuttgart|P
70068|Stuttgart|P
70069|Stuttgart|P
70071|Stuttgart|P
70072|Stuttgart|P
70301|Stuttgart|P
70302|Stuttgart|P
70303|Stuttgart|P
70304|Stuttgart|P
70305|Stuttgart|P
70308|Stuttgart|P
70309|Stuttgart|P
70310|Stuttgart|P
70331|Stuttgart|P
70332|Stuttgart|P
70333|Stuttgart|P
70334|Stuttgart|P
70335|Stuttgart|P
70336|Stuttgart|P
70337|Stuttgart|P
70338|Stuttgart|P
70339|Stuttgart|P
70340|Stuttgart|P
70341|Stuttgart|P
70342|Stuttgart|P
70401|Stuttgart|P
70402|Stuttgart|P
70403|Stuttgart|P
70404|Stuttgart|P
70405|Stuttgart|P
70406|Stuttgart|P
70407|Stuttgart|P
70408|Stuttgart|P
70409|Stuttgart|P
70410|Stuttgart|P
70416|Stuttgart|P
70441|Stuttgart|P
70442|Stuttgart|P
70443|Stuttgart|P
70444|Stuttgart|P
70445|Stuttgart|P
70446|Stuttgart|P
70447|Stuttgart|P
70448|Stuttgart|P
70449|Stuttgart|P
70450|Stuttgart|P
70451|Stuttgart|P
70452|Stuttgart|P
70471|Stuttgart|P
70472|Stuttgart|P
70473|Stuttgart|P
70474|Stuttgart|P
70475|Stuttgart|P
70476|Stuttgart|P
70477|Stuttgart|P
70501|Stuttgart|P
70502|Stuttgart|P
70503|Stuttgart|P
70504|Stuttgart|P
70505|Stuttgart|P
70506|Stuttgart|P
70507|Stuttgart|P
70508|Stuttgart|P
70509|Stuttgart|P
70510|Stuttgart|P
70511|Stuttgart|P
70518|Stuttgart|P
70519|Stuttgart|P
70520|Stuttgart|P
70521|Stuttgart|P
70522|Stuttgart|P
70523|Stuttgart|P
70571|Stuttgart|P
70572|Stuttgart|P
70573|Stuttgart|P
70574|Stuttgart|P
70577|Stuttgart|P
70578|Stuttgart|P
70579|Stuttgart|P
70607|Stuttgart|P
70621|Stuttgart|P
70622|Stuttgart|P
70623|Stuttgart|P
70624|Stuttgart|P
70630|Stuttgart|P
70640|Stuttgart|G
70378|Stuttgart|N
70306|Stuttgart|P
70512|Stuttgart|P
70513|Stuttgart|P
70141|Stuttgart|G
70070|Stuttgart|P
70075|Stuttgart|P
70076|Stuttgart|P
70165|Stuttgart|G
70168|Stuttgart|G
70140|Stuttgart|G
70139|Stuttgart|G
70400|Stuttgart|G
70138|Stuttgart|G
70137|Stuttgart|G
70166|Stuttgart|G
70545|Stuttgart|G
70060|Stuttgart|P
70061|Stuttgart|P
70062|Stuttgart|P
70063|Stuttgart|P
70064|Stuttgart|P
70363|Stuttgart|G
70467|Stuttgart|G
70158|Stuttgart|G
70637|Stuttgart|G
70134|Stuttgart|G
70135|Stuttgart|G
70633|Stuttgart|G
70155|Stuttgart|G
70627|Stuttgart|G
70628|Stuttgart|G
70552|Stuttgart|G
70556|Stuttgart|G
70365|Stuttgart|G
70366|Stuttgart|G
70367|Stuttgart|G
70345|Stuttgart|G
70537|Stuttgart|G
70131|Stuttgart|G
70145|Stuttgart|G
70146|Stuttgart|G
70369|Stuttgart|G
70077|Stuttgart|P
70149|Stuttgart|G
70465|Stuttgart|G
70156|Stuttgart|G
70538|Stuttgart|G
70636|Stuttgart|G
70147|Stuttgart|G
70539|Stuttgart|G
70108|Stuttgart|G
70540|Stuttgart|G
70464|Stuttgart|G
70644|Stuttgart|G
71134|Aidlingen|H
71132|Aidlingen|P
71155|Altdorf|H
71032|Böblingen|H
71034|Böblingen|N
71028|Böblingen|G
71029|Böblingen|G
71001|Böblingen|P
71002|Böblingen|P
71003|Böblingen|P
71004|Böblingen|P
71005|Böblingen|P
71006|Böblingen|P
71007|Böblingen|P
71008|Böblingen|P
71009|Böblingen|P
71010|Böblingen|P
71011|Böblingen|P
71012|Böblingen|P
71013|Böblingen|P
71027|Böblingen|G
71014|Böblingen|P
71015|Böblingen|P
71058|Böblingen|G
71060|Böblingen|G
71149|Bondorf|H
71145|Bondorf|P
71148|Bondorf|G
75392|Deckenpfronn|H
75392|Deckenpfronn|P
71139|Ehningen|H
71135|Ehningen|P
71136|Ehningen|P
71137|Ehningen|G
71116|Gärtringen|H
71112|Gärtringen|P
71113|Gärtringen|P
71126|Gäufelden|H
71125|Gäufelden|G
71083|Herrenberg|H
71077|Herrenberg|P
71157|Hildrizhausen|H
71088|Holzgerlingen|H
71084|Holzgerlingen|P
71085|Holzgerlingen|P
71087|Holzgerlingen|G
71229|Leonberg|H
71226|Leonberg|G
71201|Leonberg|P
71202|Leonberg|P
71203|Leonberg|P
71204|Leonberg|P
71205|Leonberg|P
71206|Leonberg|P
71207|Leonberg|P
71208|Leonberg|P
71216|Leonberg|P
71217|Leonberg|P
71209|Leonberg|P
71210|Leonberg|P
71106|Magstadt|H
71102|Magstadt|P
71103|Magstadt|P
71159|Mötzingen|H
71154|Nufringen|H
71150|Nufringen|P
71272|Renningen|H
71272|Grundhof|H
71264|Renningen|P
71265|Renningen|P
71266|Renningen|P
71268|Renningen|P
71277|Rutesheim|H
71273|Rutesheim|P
71274|Rutesheim|P
71101|Schönaich|H
71094|Schönaich|P
71095|Schönaich|P
71063|Sindelfingen|H
71065|Sindelfingen|N
71067|Sindelfingen|N
71069|Sindelfingen|N
71043|Sindelfingen|P
71044|Sindelfingen|P
71045|Sindelfingen|P
71046|Sindelfingen|P
71047|Sindelfingen|P
71050|Sindelfingen|P
71051|Sindelfingen|P
71048|Sindelfingen|P
71144|Steinenbronn|H
71140|Steinenbronn|P
71141|Steinenbronn|P
71111|Waldenbuch|H
71111|Burkhardtsmühle|H
71111|Obere Rauhmühle|H
71111|Untere Rauhmühle|H
71107|Waldenbuch|P
71108|Waldenbuch|P
71263|Weil der Stadt|H
71261|Weil der Stadt|G
71255|Weil der Stadt|P
71256|Weil der Stadt|P
71257|Weil der Stadt|P
71258|Weil der Stadt|P
71093|Weil im Schönbuch|H
71089|Weil im Schönbuch|P
71090|Weil im Schönbuch|P
71287|Weissach|H
71283|Weissach|P
71284|Weissach|P
71131|Jettingen|H
71120|Grafenau|H
71117|Grafenau|P
73776|Altbach|H
73774|Altbach|P
72655|Altdorf|H
72657|Altenriet|H
73666|Baltmannsweiler|H
73664|Baltmannsweiler|P
72658|Bempflingen|H
72658|Bempflingen|P
72660|Beuren|H
73266|Bissingen|H
73779|Deizisau|H
73777|Deizisau|P
73770|Denkendorf|H
73766|Denkendorf|P
73767|Denkendorf|P
73265|Dettingen|H
73263|Dettingen|P
73268|Erkenbrechtsweiler|H
73728|Esslingen|H
73730|Esslingen|N
73732|Esslingen|N
73733|Esslingen|N
73734|Esslingen|N
73726|Esslingen|G
73701|Esslingen|P
73702|Esslingen|P
73703|Esslingen|P
73704|Esslingen|P
73705|Esslingen|P
73706|Esslingen|P
73707|Esslingen|P
73708|Esslingen|P
73709|Esslingen|P
73710|Esslingen|P
73717|Esslingen|P
73711|Esslingen|P
73712|Esslingen|P
73713|Esslingen|P
73714|Esslingen|P
72636|Frickenhausen|H
72632|Frickenhausen|P
72633|Frickenhausen|P
72663|Großbettlingen|H
73269|Hochdorf|H
73271|Holzmaden|H
73230|Kirchheim|H
73228|Kirchheim|G
73220|Kirchheim|P
73221|Kirchheim|P
73219|Kirchheim|P
73222|Kirchheim|P
73227|Kirchheim|G
73223|Kirchheim|P
73257|Köngen|H
73253|Köngen|P
73254|Köngen|P
72664|Kohlberg|H
73669|Lichtenwald|H
72666|Neckartailfingen|H
72666|Neckartailfingen|P
72654|Neckartenzlingen|H
72650|Neckartenzlingen|P
72651|Neckartenzlingen|P
73272|Neidlingen|H
72639|Neuffen|H
72637|Neuffen|P
73765|Neuhausen|H
73761|Neuhausen|P
73762|Neuhausen|P
73274|Notzingen|H
72622|Nürtingen|H
72601|Nürtingen|P
72602|Nürtingen|P
72603|Nürtingen|P
72604|Nürtingen|P
72605|Nürtingen|P
72606|Nürtingen|P
72607|Nürtingen|P
72608|Nürtingen|P
72609|Nürtingen|P
72610|Nürtingen|P
72611|Nürtingen|P
72612|Nürtingen|P
72644|Oberboihingen|H
73275|Ohmden|H
73277|Owen|H
73207|Plochingen|H
73201|Plochingen|P
73202|Plochingen|P
73203|Plochingen|P
73262|Reichenbach|H
73258|Reichenbach|P
73259|Reichenbach|P
72667|Schlaitdorf|H
72669|Unterensingen|H
72669|Unterensingen|P
73235|Weilheim|H
73231|Weilheim|P
73232|Weilheim|P
73240|Wendlingen|H
73236|Wendlingen|P
73237|Wendlingen|P
73238|Wendlingen|P
73249|Wernau|H
73241|Wernau|P
73242|Wernau|P
73243|Wernau|P
73244|Wernau|P
73249|Berghof|H
73249|Erlenhof|H
72649|Wolfschlugen|H
72645|Wolfschlugen|P
72646|Wolfschlugen|P
73773|Aichwald|H
70794|Filderstadt|H
70790|Filderstadt|G
70792|Filderstadt|G
70772|Filderstadt|P
70773|Filderstadt|P
70774|Filderstadt|P
70779|Filderstadt|P
70780|Filderstadt|P
70781|Filderstadt|P
70782|Filderstadt|P
71111|Untere Kleinmichelesmhle|H
71111|Obere Kleinmichelesmühle|H
70783|Filderstadt|P
70788|Filderstadt|G
70791|Filderstadt|G
70771|Leinfelden-Echterdingen|H
70765|Leinfelden-Echterdingen|G
70767|Leinfelden-Echterdingen|G
70769|Leinfelden-Echterdingen|G
70745|Leinfelden-Echterdingen|P
70746|Leinfelden-Echterdingen|P
70747|Leinfelden-Echterdingen|P
70750|Leinfelden-Echterdingen|P
70751|Leinfelden-Echterdingen|P
70752|Leinfelden-Echterdingen|P
70753|Leinfelden-Echterdingen|P
70761|Leinfelden-Echterdingen|P
70629|Stuttgart|N
71144|Schlößlesmühle|H
71144|Walzenmühle|H
70768|Leinfelden-Echterdingen|G
71144|Schlechtenmühle|H
70766|Leinfelden-Echterdingen|G
70764|Leinfelden-Echterdingen|G
73252|Lenningen|H
73266|Diepoldsburg|H
73266|Engelhof|H
73266|Torfgrube|H
73760|Ostfildern|H
73744|Ostfildern|P
73745|Ostfildern|P
73747|Ostfildern|P
73748|Ostfildern|P
73751|Ostfildern|P
73752|Ostfildern|P
72631|Aichtal|H
73099|Adelberg|H
73101|Aichelberg|H
73095|Albershausen|H
73093|Albershausen|P
73342|Bad Ditzenbach|H
73345|Geislinger Weg|H
73337|Bad Überkingen|H
73102|Birenbach|H
73116|Schützenhof|H
89558|Böhmenkirch|H
73312|Obere Roggenmühle|H
89556|Böhmenkirch|P
73104|Börtlingen|H
73087|Bad Boll|H
73326|Deggingen|H
73312|Berneck|H
73312|Schonterhöhe|H
73324|Deggingen|P
73072|Donzdorf|H
73067|Donzdorf|P
73068|Donzdorf|P
73069|Donzdorf|P
73345|Drackenstein|H
73345|Großmannshof|H
73349|Kölleshof|H
73349|Kölleshof|P
73105|Dürnau|H
73061|Ebersbach|H
73055|Ebersbach|P
73056|Ebersbach|P
73057|Ebersbach|P
73058|Ebersbach|P
73054|Eislingen|H
73048|Eislingen|P
73049|Eislingen|P
73050|Eislingen|P
73051|Eislingen|P
73107|Eschenbach|H
73037|Göppingen-Voralb|N
73108|Gammelshausen|H
73312|Geislingen|H
73309|Geislingen|G
73301|Geislingen|P
73302|Geislingen|P
73303|Geislingen|P
73304|Geislingen|P
73333|Gingen|H
73330|Gingen|P
73331|Gingen|P
73033|Göppingen|H
73035|Göppingen|N
73037|Göppingen|N
73037|Iltishof|H
73116|Krettenhof|H
73001|Göppingen|P
73002|Göppingen|P
73003|Göppingen|P
73004|Göppingen|P
73005|Göppingen|P
73006|Göppingen|P
73007|Göppingen|P
73008|Göppingen|P
73009|Göppingen|P
73010|Göppingen|P
73011|Göppingen|P
73012|Göppingen|P
73013|Göppingen|P
73014|Göppingen|P
73047|Göppingen|G
73100|Göppingen|G
73027|Göppingen|G
73025|Göppingen|G
73344|Gruibingen|H
73235|Kaltenwanghof|H
73110|Hattenhofen|H
73110|Hattenhofen|P
73092|Heiningen|H
73107|Lotenberg|H
73088|Heiningen|P
73089|Heiningen|P
73037|Eitleshof|H
73107|Haagwiesen|H
73345|Hohenstadt|H
73329|Kuchen|H
73347|Mühlhausen|H
73349|Eselhöfe|H
73349|Todsburg|H
73349|Eselhöfe|P
73349|Todsburg|P
73113|Ottenbach|H
73529|Bärenhof|H
73529|Saurenhof|H
73098|Rechberghausen|H
73096|Rechberghausen|P
73084|Salach|H
73080|Salach|P
73081|Salach|P
73079|Baierhof|H
73082|Salach|P
73040|Salach|P
73114|Schlat|H
73278|Schlierbach|H
73278|Schlierbach|P
73079|Süßen|H
73054|Näherhof|H
73073|Süßen|P
73074|Süßen|P
73075|Süßen|P
73066|Uhingen|H
73062|Uhingen|P
73063|Uhingen|P
73116|Wäschenbeuren|H
73547|Beutenmühle|H
73117|Wangen|H
73117|Wangen|P
73349|Wiesensteig|H
73349|Wiesensteig|P
73119|Zell|H
73087|Erlenwasen|H
73111|Lauterstein|H
71563|Affalterbach|H
71364|Birkachhof|H
71364|Steinächle|H
71679|Asperg|H
71673|Asperg|P
71674|Asperg|P
71675|Asperg|P
71726|Benningen|H
71724|Benningen|P
74354|Besigheim|H
74349|Besigheim|P
74350|Besigheim|P
74351|Besigheim|P
74357|Bönnigheim|H
74355|Bönnigheim|P
71254|Ditzingen|H
71252|Ditzingen|G
71240|Ditzingen|P
71241|Ditzingen|P
71242|Ditzingen|P
71243|Ditzingen|P
71244|Ditzingen|P
71247|Ditzingen|P
71735|Eberdingen|H
71733|Eberdingen|P
71729|Erdmannhausen|H
71727|Erdmannhausen|P
74391|Erligheim|H
74391|Erligheim|P
74392|Freudental|H
74392|Freudental|P
74376|Gemmrigheim|H
74375|Gemmrigheim|P
70839|Gerlingen|H
70836|Gerlingen|G
70826|Gerlingen|P
70827|Gerlingen|P
70828|Gerlingen|P
70829|Gerlingen|P
71723|Großbottwar|H
71282|Hemmingen|H
71278|Hemmingen|P
71279|Hemmingen|P
74394|Hessigheim|H
74394|Hessigheim|P
74366|Kirchheim|H
70806|Kornwestheim|H
70803|Kornwestheim|G
70797|Kornwestheim|P
70798|Kornwestheim|P
70799|Kornwestheim|P
70804|Kornwestheim|G
70801|Kornwestheim|G
74369|Löchgau|H
74367|Löchgau|P
71634|Ludwigsburg|H
71636|Ludwigsburg|N
71638|Ludwigsburg|N
71640|Ludwigsburg|N
71642|Ludwigsburg|N
71672|Makenhof|H
71630|Ludwigsburg|G
71631|Ludwigsburg|G
71601|Ludwigsburg|P
71602|Ludwigsburg|P
71603|Ludwigsburg|P
71604|Ludwigsburg|P
71605|Ludwigsburg|P
71606|Ludwigsburg|P
71607|Ludwigsburg|P
71608|Ludwigsburg|P
71609|Ludwigsburg|P
71610|Ludwigsburg|P
71611|Ludwigsburg|P
71612|Ludwigsburg|P
71613|Ludwigsburg|P
71614|Ludwigsburg|P
71629|Ludwigsburg|G
71632|Ludwigsburg|G
71672|Marbach|H
71711|Hinterbirkenhof|H
71666|Marbach|P
71667|Marbach|P
71668|Marbach|P
71706|Markgröningen|H
71702|Markgröningen|P
71703|Markgröningen|P
71696|Möglingen|H
71692|Möglingen|P
71693|Möglingen|P
74395|Mundelsheim|H
74395|Mundelsheim|P
71711|Murr|H
71739|Oberriexingen|H
71720|Oberstenfeld|H
71718|Oberstenfeld|P
74385|Pleidelsheim|H
74383|Pleidelsheim|P
71701|Schwieberdingen|H
71697|Schwieberdingen|P
71698|Schwieberdingen|P
71706|Schwieberdingen|H
74372|Sersheim|H
74370|Sersheim|P
71711|Steinheim|H
71707|Steinheim|P
71708|Steinheim|P
71732|Tamm|H
71730|Tamm|P
71665|Vaihingen|H
71654|Vaihingen|P
71655|Vaihingen|P
71656|Vaihingen|P
71657|Vaihingen|P
74399|Walheim|H
74343|Sachsenheim|H
74337|Sachsenheim|P
74338|Sachsenheim|P
74379|Ingersheim|H
74377|Ingersheim|P
71691|Freiberg|H
71687|Freiberg|P
71688|Freiberg|P
74321|Bietigheim-Bissingen|H
74317|Bietigheim-Bissingen|G
74319|Bietigheim-Bissingen|G
74301|Bietigheim-Bissingen|P
74302|Bietigheim-Bissingen|P
74303|Bietigheim-Bissingen|P
74304|Bietigheim-Bissingen|P
74305|Bietigheim-Bissingen|P
74306|Bietigheim-Bissingen|P
74307|Bietigheim-Bissingen|P
74308|Bietigheim-Bissingen|P
74309|Bietigheim-Bissingen|P
74310|Bietigheim-Bissingen|P
70825|Korntal-Münchingen|H
70820|Korntal-Münchingen|G
70821|Korntal-Münchingen|G
70822|Korntal-Münchingen|G
70807|Korntal-Münchingen|P
70808|Korntal-Münchingen|P
70809|Korntal-Münchingen|P
70810|Korntal-Münchingen|P
70813|Korntal-Münchingen|P
71686|Remseck|H
71680|Remseck|P
71681|Remseck|P
70378|Sonnenhof|H
73553|Alfdorf|H
73655|Pfahlbronner Mühle|H
73551|Alfdorf|P
73655|Haldenhof|H
73655|Schenkhöfle|H
71573|Allmersbach|H
71571|Allmersbach|P
71566|Althütte|H
71564|Althütte|P
71549|Auenwald|H
71547|Auenwald|P
71522|Backnang|H
71570|Katharinenhof|H
71520|Backnang|G
71501|Backnang|P
71502|Backnang|P
71503|Backnang|P
71504|Backnang|P
71505|Backnang|P
71506|Backnang|P
71507|Backnang|P
71508|Backnang|P
71509|Backnang|P
71576|Burgstetten|H
71574|Burgstetten|P
70734|Fellbach|H
70736|Fellbach|N
70731|Fellbach|G
70701|Fellbach|P
70702|Fellbach|P
70703|Fellbach|P
70704|Fellbach|P
70705|Fellbach|P
70706|Fellbach|P
70707|Fellbach|P
70708|Fellbach|P
70709|Fellbach|P
70710|Fellbach|P
70711|Fellbach|P
70718|Fellbach|P
70719|Fellbach|P
70730|Fellbach|G
70732|Fellbach|G
71577|Großerlach|H
73667|Kaisersbach|H
73553|Schillinghof|H
73553|Voggenmühlhöfle|H
73642|Klingenmühlhöfle|H
73553|Birkhof|H
71737|Kirchberg|H
71404|Korb|H
71398|Korb|P
71399|Korb|P
71400|Korb|P
71397|Leutenbach|H
71395|Leutenbach|P
71540|Murrhardt|H
71534|Murrhardt|P
71535|Murrhardt|P
71536|Murrhardt|P
71570|Oppenweiler|H
71560|Bernhalden|H
73655|Plüderhausen|H
73642|Schautenhof|H
73655|Haselhof|H
73651|Plüderhausen|P
73652|Plüderhausen|P
73642|Eibenhof|H
73642|Köshof|H
73635|Rudersberg|H
73614|Schorndorf|H
73601|Schorndorf|P
73602|Schorndorf|P
73603|Schorndorf|P
73604|Schorndorf|P
73605|Schorndorf|P
73606|Schorndorf|P
73607|Schorndorf|P
73608|Schorndorf|P
71409|Schwaikheim|H
71405|Schwaikheim|P
71406|Schwaikheim|P
71579|Spiegelberg|H
71560|Sulzbach|H
71555|Sulzbach|P
71556|Sulzbach|P
73660|Urbach|H
73614|Wellingshof|H
73655|Bärenbach|H
73656|Urbach|P
73657|Urbach|P
73655|Eulenhof|H
73655|Ilgenhof|H
71332|Waiblingen|H
71334|Waiblingen|N
71336|Waiblingen|N
71328|Waiblingen|G
71301|Waiblingen|P
71302|Waiblingen|P
71303|Waiblingen|P
71304|Waiblingen|P
71305|Waiblingen|P
71306|Waiblingen|P
71307|Waiblingen|P
71308|Waiblingen|P
71315|Waiblingen|P
71317|Waiblingen|P
71319|Waiblingen|P
71320|Waiblingen|P
71337|Waiblingen|P
71327|Waiblingen|G
70642|Waiblingen|G
70142|Waiblingen|G
70322|Waiblingen|G
70143|Waiblingen|G
70320|Waiblingen|G
70546|Waiblingen|G
71059|Waiblingen|G
71554|Weissach|H
71550|Weissach|P
71551|Weissach|P
73642|Welzheim|H
73553|Ölmühle|H
73635|Obersteinenberg|H
73667|Ebnisee|H
73636|Welzheim|P
73637|Welzheim|P
73638|Welzheim|P
71364|Winnenden|H
71361|Winnenden|G
71349|Winnenden|P
71350|Winnenden|P
71351|Winnenden|P
71352|Winnenden|P
71353|Winnenden|P
71354|Winnenden|P
73650|Winterbach|H
73649|Winterbach|G
73643|Winterbach|P
73644|Winterbach|P
73645|Winterbach|P
71546|Aspach|H
71579|Warthof|H
71544|Aspach|P
71545|Aspach|P
73663|Berglen|H
73661|Berglen|P
73630|Remshalden|H
73624|Remshalden|P
73625|Remshalden|P
73626|Remshalden|P
73627|Remshalden|P
71384|Weinstadt|H
71365|Weinstadt|P
71366|Weinstadt|P
71367|Weinstadt|P
71370|Weinstadt|P
71371|Weinstadt|P
71373|Weinstadt|P
71394|Kernen|H
71385|Kernen|P
71386|Kernen|P
71387|Kernen|P
74072|Heilbronn|H
74074|Heilbronn|N
74076|Heilbronn|N
74078|Heilbronn|N
74081|Heilbronn|N
74064|Heilbronn|G
74065|Heilbronn|G
74066|Heilbronn|G
74067|Heilbronn|G
74001|Heilbronn|P
74002|Heilbronn|P
74003|Heilbronn|P
74004|Heilbronn|P
74005|Heilbronn|P
74006|Heilbronn|P
74007|Heilbronn|P
74008|Heilbronn|P
74009|Heilbronn|P
74010|Heilbronn|P
74011|Heilbronn|P
74012|Heilbronn|P
74013|Heilbronn|P
74014|Heilbronn|P
74015|Heilbronn|P
74016|Heilbronn|P
74017|Heilbronn|P
74018|Heilbronn|P
74019|Heilbronn|P
74020|Heilbronn|P
74021|Heilbronn|P
74022|Heilbronn|P
74023|Heilbronn|P
74024|Heilbronn|P
74025|Heilbronn|P
74026|Heilbronn|P
74027|Heilbronn|P
74028|Heilbronn|P
74080|Heilbronn|N
74082|Heilbronn|P
74083|Heilbronn|P
74099|Heilbronn|G
74100|Heilbronn|G
74068|Heilbronn|G
74098|Heilbronn|G
74071|Heilbronn|G
74232|Abstatt|H
74177|Bad Friedrichshall|H
74173|Bad Friedrichshall|P
74174|Bad Friedrichshall|P
74906|Bad Rappenau|H
74904|Bad Rappenau|G
74898|Bad Rappenau|P
74899|Bad Rappenau|P
74900|Bad Rappenau|P
74903|Bad Rappenau|G
74206|Bad Wimpfen|H
74201|Bad Wimpfen|P
71717|Beilstein|H
71720|Obere Ölmühle|H
71720|Untere Ölmühle|H
71543|Stocksberg, Gm Beilstein|H
74336|Brackenheim|H
74357|Bellevue|H
74334|Brackenheim|P
74389|Cleebronn|H
74389|Cleebronn|P
74246|Eberstadt|H
74248|Ellhofen|H
74248|Ellhofen|P
75031|Eppingen|H
75020|Eppingen|P
75021|Eppingen|P
75022|Eppingen|P
75023|Eppingen|P
74235|Erlenbach|H
74233|Erlenbach|P
74223|Flein|H
74220|Flein|P
74221|Flein|P
75050|Gemmingen|H
75046|Gemmingen|P
75047|Gemmingen|P
74363|Güglingen|H
74361|Güglingen|P
74831|Gundelsheim|H
74825|Gundelsheim|P
74826|Gundelsheim|P
74827|Gundelsheim|P
74360|Ilsfeld|H
74358|Ilsfeld|P
74930|Ittlingen|H
74930|Ittlingen|P
74249|Jagsthausen|H
74912|Kirchardt|H
74910|Kirchardt|P
74348|Lauffen|H
74344|Lauffen|P
74345|Lauffen|P
74251|Lehrensteinsfeld|H
74211|Leingarten|H
74207|Leingarten|P
74208|Leingarten|P
74245|Löwenstein|H
74252|Massenbachhausen|H
74252|Massenbachhausen|P
74219|Möckmühl|H
74215|Möckmühl|P
74216|Möckmühl|P
74172|Neckarsulm|H
74168|Neckarsulm|G
74169|Neckarsulm|G
74170|Neckarsulm|G
74148|Neckarsulm|P
74149|Neckarsulm|P
74150|Neckarsulm|P
74151|Neckarsulm|P
74166|Neckarsulm|G
74167|Neckarsulm|G
74382|Neckarwestheim|H
74360|Pfahlhof|H
74861|Neudenau|H
74196|Neuenstadt|H
74194|Neuenstadt|P
74226|Nordheim|H
74224|Nordheim|P
74229|Oedheim|H
74227|Oedheim|P
74196|Grollenhof|H
74254|Offenau|H
74397|Pfaffenhofen|H
74255|Roigheim|H
74193|Schwaigern|H
74936|Siegelsbach|H
74388|Talheim|H
74386|Talheim|P
74257|Untereisesheim|H
74257|Untereisesheim|P
74199|Untergruppenbach|H
74197|Untergruppenbach|P
74189|Weinsberg|H
74183|Weinsberg|P
74184|Weinsberg|P
74185|Weinsberg|P
74259|Widdern|H
74259|Widdern|P
71543|Wüstenrot|H
71577|Hals|H
71541|Wüstenrot|P
74374|Zaberfeld|H
74182|Obersulm|H
74239|Hardthausen|H
74249|Buchhof, Gem Hardthausen|H
74243|Langenbrettach|H
74626|Bretzfeld|H
74622|Bretzfeld|P
74623|Bretzfeld|P
74677|Dörzbach|H
74670|Forchtenberg|H
74249|Trautenhof|H
74632|Haberhof|H
74632|Orbachshof|H
74639|Schießhof|H
74668|Forchtenberg|P
74653|Ingelfingen|H
74665|Ingelfingen|P
74238|Krautheim|H
74653|Künzelsau|H
74650|Künzelsau|G
74651|Künzelsau|G
74641|Künzelsau|P
74642|Künzelsau|P
74643|Künzelsau|P
74644|Künzelsau|P
74635|Kupferzell|H
74633|Kupferzell|P
74673|Mulfingen|H
74671|Mulfingen|P
74632|Neuenstein|H
74630|Neuenstein|P
74676|Niedernhall|H
74674|Niedernhall|P
74613|Öhringen|H
74249|Buchhof, Gem Öhringen|H
74611|Öhringen|G
74629|Pfedelbach|H
74627|Pfedelbach|P
74214|Schöntal|H
74638|Waldenburg|H
74545|Hinterziegelhalden|H
74679|Weißbach|H
74639|Zweiflingen|H
74572|Blaufelden|H
74571|Blaufelden|G
74568|Blaufelden|P
74569|Blaufelden|G
74542|Braunsbach|H
74523|Bühlerzimmern|H
74424|Bühlertann|H
74424|Bühlertann|P
74426|Bühlerzell|H
74564|Crailsheim|H
74597|Mittelmühle|H
74551|Crailsheim|P
74552|Crailsheim|P
74553|Crailsheim|P
74554|Crailsheim|P
74555|Crailsheim|P
74556|Crailsheim|P
74561|Crailsheim|G
74427|Fichtenberg|H
71540|Hornberger Reute|H
74405|Gaildorf|H
74401|Gaildorf|P
74402|Gaildorf|P
74582|Gerabronn|H
74585|Horschhof|H
74580|Gerabronn|P
74532|Ilshofen|H
74530|Ilshofen|P
74592|Kirchberg|H
74595|Langenburg|H
74535|Mainhardt|H
74523|Scherbenmühle|H
74523|Traubenmühle|H
74533|Mainhardt|P
74544|Michelbach an der Bilz|H
74523|Burgbretzingen|H
74523|Einkorn|H
74545|Michelfeld|H
74420|Oberrot|H
74418|Oberrot|P
74423|Obersontheim|H
74585|Rot am See|H
74589|Satteldorf|H
74564|Auhof|H
74564|Heldenmühle|H
74564|Schummhof|H
74588|Satteldorf|G
74587|Satteldorf|G
74575|Schrozberg|H
74573|Schrozberg|P
74523|Schwäbisch Hall|H
74520|Schwäbisch Hall|G
74501|Schwäbisch Hall|P
74502|Schwäbisch Hall|P
74503|Schwäbisch Hall|P
74504|Schwäbisch Hall|P
74505|Schwäbisch Hall|P
74506|Schwäbisch Hall|P
74510|Schwäbisch Hall|P
74507|Schwäbisch Hall|P
74508|Schwäbisch Hall|P
74509|Schwäbisch Hall|G
74429|Sulzbach-Laufen|H
74547|Untermünkheim|H
74541|Vellberg|H
74599|Wallhausen|H
74549|Wolpertshausen|H
74532|Landturm|H
74538|Rosengarten|H
74536|Rosengarten|P
74594|Kreßberg|H
74579|Fichtenau|H
74586|Frankenhardt|H
74597|Stimpfach|H
73489|Ölmühle|H
73489|Sperrhof|H
97959|Assamstadt|H
97980|Bad Mergentheim|H
97961|Bad Mergentheim|P
97962|Bad Mergentheim|P
97963|Bad Mergentheim|P
97964|Bad Mergentheim|P
97965|Bad Mergentheim|P
97966|Bad Mergentheim|P
97967|Bad Mergentheim|P
97968|Bad Mergentheim|P
97944|Boxberg|H
97993|Creglingen|H
97990|Standorf|H
97991|Creglingen|P
97896|Freudenberg|H
97950|Großrinderfeld|H
97947|Grünsfeld|H
97999|Igersheim|H
97957|Bowiesen|H
97953|Königheim|H
97900|Külsheim|H
97996|Niederstetten|H
97980|Mönchshof|H
97994|Niederstetten|P
97941|Tauberbischofsheim|H
97931|Tauberbischofsheim|P
97932|Tauberbischofsheim|P
97933|Tauberbischofsheim|P
97934|Tauberbischofsheim|P
97935|Tauberbischofsheim|P
97990|Weikersheim|H
97984|Weikersheim|P
97985|Weikersheim|P
97956|Werbach|H
97877|Wertheim|H
97861|Wertheim|P
97862|Wertheim|P
97863|Wertheim|P
97864|Wertheim|P
97865|Wertheim|P
97866|Wertheim|P
97867|Wertheim|P
97957|Wittighausen|H
74744|Ahorn|H
97922|Lauda-Königshofen|H
97911|Lauda-Königshofen|P
97912|Lauda-Königshofen|P
97913|Lauda-Königshofen|P
89561|Dischingen|H
73450|Hochstatter Hof|H
89547|Gerstetten|H
89543|Gerstetten|P
89544|Gerstetten|P
89537|Giengen|H
89522|Christophruhe|H
89526|Giengen|P
89527|Giengen|P
89528|Giengen|P
89529|Giengen|P
89530|Giengen|P
89531|Giengen|P
89534|Giengen|P
89518|Heidenheim|H
89520|Heidenheim|N
89522|Heidenheim|N
89516|Heidenheim|G
89501|Heidenheim|P
89502|Heidenheim|P
89503|Heidenheim|P
89504|Heidenheim|P
89505|Heidenheim|P
89506|Heidenheim|P
89507|Heidenheim|P
89508|Heidenheim|P
89509|Heidenheim|P
89542|Herbrechtingen|H
89522|Asbach|H
89522|Buchhof|H
89522|Neu Asbach|H
89538|Herbrechtingen|P
89539|Herbrechtingen|P
89568|Hermaringen|H
89537|Gerschweiler|H
89568|Hermaringen|P
89551|Königsbronn|H
89564|Nattheim|H
89168|Niederstotzingen|H
89166|Niederstotzingen|P
89567|Sontheim|H
89555|Steinheim|H
73566|Bibersohl|H
73566|Irmannsweiler|H
89552|Steinheim|P
89553|Steinheim|P
73453|Abtsgmünd|H
73453|Rötenbach|H
73451|Abtsgmünd|P
73486|Adelmannsfelden|H
73453|Schleifhäusle|H
73566|Bartholomä|H
73560|Böbingen|H
73441|Bopfingen|H
73438|Bopfingen|P
73439|Bopfingen|P
73568|Durlangen|H
73565|Mooswiese|H
73565|Stutzenklinge|H
73568|Durlangen|P
73488|Ellenberg|H
73479|Ellwangen|H
73477|Ellwangen|G
73471|Ellwangen|P
73472|Ellwangen|P
73473|Ellwangen|P
73569|Eschach|H
73457|Essingen|H
73563|Sixenhof|H
73566|Birkenteich|H
73571|Göggingen|H
73574|Mühlhölzle|H
73574|Pfaffenhäusle|H
74417|Gschwend|H
74415|Gschwend|P
73540|Heubach|H
73538|Heubach|G
73533|Heubach|P
73534|Heubach|P
73535|Heubach|P
73572|Heuchlingen|H
73460|Hüttlingen|H
73434|Untersiegenbühl|H
73453|Fuchshäusle|H
73453|Obersiegenbühl|H
73453|Zanken|H
73574|Iggingen|H
73489|Jagstzell|H
74579|Buchmühle|H
74579|Finkenberg|H
74579|Finkenhaus|H
74579|Hahnenmühle|H
74579|Neumühle|H
74579|Ratzensägmühle|H
74597|Eulenmühle|H
74597|Riegersheim|H
73467|Kirchheim|H
73441|Heerhof|H
73441|Osterholz|H
73466|Lauchheim|H
73575|Leinzell|H
73575|Leinzell|P
73547|Lorch|H
73545|Lorch|G
73541|Lorch|P
73542|Lorch|P
73563|Mögglingen|H
73561|Mögglingen|P
73557|Mutlangen|H
73554|Mutlangen|P
73555|Mutlangen|P
73450|Neresheim|H
73441|Hohenlohe|H
73448|Neresheim|P
73491|Neuler|H
73479|Adlersteige|H
73569|Obergröningen|H
73453|Algishofen|H
73453|Brandhof|H
73453|Fach|H
73453|Schlauchhof|H
73453|Suhhaus|H
73453|Wahlenhalden|H
73569|Bräunlesrain|H
73569|Buchhof|H
73569|Reute|H
73447|Oberkochen|H
73446|Oberkochen|G
73442|Oberkochen|P
73443|Oberkochen|P
73444|Oberkochen|P
73494|Rosenberg|H
73577|Ruppertshofen|H
73579|Schechingen|H
73525|Schwäbisch Gmünd|H
73072|Schurrenhof|H
73527|Schwäbisch Gmünd|N
73550|Hummelshalden|H
73521|Schwäbisch Gmünd|G
73522|Schwäbisch Gmünd|G
73501|Schwäbisch Gmünd|P
73502|Schwäbisch Gmünd|P
73503|Schwäbisch Gmünd|P
73504|Schwäbisch Gmünd|P
73505|Schwäbisch Gmünd|P
73506|Schwäbisch Gmünd|P
73507|Schwäbisch Gmünd|P
73508|Schwäbisch Gmünd|P
73509|Schwäbisch Gmünd|P
73510|Schwäbisch Gmünd|P
73529|Pfeilhalde|H
73072|Kratzerhöfle|H
73553|Haselbach-Söldhaus|H
73529|Schwäbisch Gmünd|N
73513|Schwäbisch Gmünd|P
73514|Schwäbisch Gmünd|P
73515|Schwäbisch Gmünd|P
73516|Schwäbisch Gmünd|P
73523|Schwäbisch Gmünd|G
73520|Schwäbisch Gmünd|G
73524|Schwäbisch Gmünd|G
73565|Spraitbach|H
73568|Leinhäusle|H
73568|Weggen-Ziegelhütte|H
73577|Heiligenbruck|H
73577|Schilpenbühl|H
73564|Spraitbach|P
73568|Leinhäusle|P
73568|Weggen-Ziegelhütte|P
73495|Stödtlen|H
73527|Täferrot|H
73497|Tannhausen|H
73485|Ellrichsbronn|H
73485|Unterschneidheim|H
73550|Waldstetten|H
73548|Waldstetten|P
73072|Frauenholz|H
73463|Westhausen|H
73461|Westhausen|P
73499|Wört|H
73469|Riesbürg|H
73430|Aalen|H
73431|Aalen|N
73432|Aalen|N
73433|Aalen|N
73434|Aalen|N
73453|Langenhalde|H
73428|Aalen|G
73401|Aalen|P
73402|Aalen|P
73403|Aalen|P
73404|Aalen|P
73405|Aalen|P
73406|Aalen|P
73407|Aalen|P
73408|Aalen|P
73409|Aalen|P
73413|Aalen|P
73414|Aalen|P
73416|Aalen|P
73410|Aalen|P
73427|Aalen|G
73425|Aalen|G
73492|Rainau|H
76530|Baden-Baden|H
76532|Baden-Baden|N
76534|Baden-Baden|N
76520|Baden-Baden|G
76522|Baden-Baden|G
76523|Baden-Baden|G
76524|Baden-Baden|G
76525|Baden-Baden|G
76526|Baden-Baden|G
76481|Baden-Baden|P
76482|Baden-Baden|P
76483|Baden-Baden|P
76484|Baden-Baden|P
76485|Baden-Baden|P
76486|Baden-Baden|P
76487|Baden-Baden|P
76488|Baden-Baden|P
76490|Baden-Baden|P
76491|Baden-Baden|P
76492|Baden-Baden|P
76494|Baden-Baden|P
76498|Baden-Baden|P
76528|Baden-Baden|G
76493|Baden-Baden|P
76519|Baden-Baden|G
76521|Baden-Baden|G
76495|Baden-Baden|P
76518|Baden-Baden|G
76527|Baden-Baden|G
76517|Baden-Baden|G
76131|Karlsruhe|H
76133|Karlsruhe|N
76135|Karlsruhe|N
76137|Karlsruhe|N
76139|Karlsruhe|N
76149|Karlsruhe|N
76185|Karlsruhe|N
76187|Karlsruhe|N
76189|Karlsruhe|N
76199|Karlsruhe|N
76227|Karlsruhe|N
76228|Karlsruhe|N
76229|Karlsruhe|N
76112|Karlsruhe|G
76113|Karlsruhe|G
76114|Karlsruhe|G
76115|Karlsruhe|G
76119|Karlsruhe|G
76120|Karlsruhe|G
76121|Karlsruhe|G
76122|Karlsruhe|G
76123|Karlsruhe|G
76124|Karlsruhe|G
76125|Karlsruhe|G
76126|Karlsruhe|G
76127|Karlsruhe|G
76128|Karlsruhe|G
76147|Karlsruhe|G
76181|Karlsruhe|G
76182|Karlsruhe|G
76225|Karlsruhe|G
76001|Karlsruhe|P
76002|Karlsruhe|P
76003|Karlsruhe|P
76004|Karlsruhe|P
76005|Karlsruhe|P
76006|Karlsruhe|P
76007|Karlsruhe|P
76008|Karlsruhe|P
76009|Karlsruhe|P
76010|Karlsruhe|P
76011|Karlsruhe|P
76012|Karlsruhe|P
76013|Karlsruhe|P
76014|Karlsruhe|P
76015|Karlsruhe|P
76016|Karlsruhe|P
76017|Karlsruhe|P
76018|Karlsruhe|P
76019|Karlsruhe|P
76020|Karlsruhe|P
76021|Karlsruhe|P
76022|Karlsruhe|P
76023|Karlsruhe|P
76024|Karlsruhe|P
76025|Karlsruhe|P
76026|Karlsruhe|P
76027|Karlsruhe|P
76028|Karlsruhe|P
76029|Karlsruhe|P
76030|Karlsruhe|P
76031|Karlsruhe|P
76032|Karlsruhe|P
76033|Karlsruhe|P
76034|Karlsruhe|P
76035|Karlsruhe|P
76036|Karlsruhe|P
76037|Karlsruhe|P
76038|Karlsruhe|P
76039|Karlsruhe|P
76040|Karlsruhe|P
76041|Karlsruhe|P
76042|Karlsruhe|P
76043|Karlsruhe|P
76044|Karlsruhe|P
76045|Karlsruhe|P
76046|Karlsruhe|P
76047|Karlsruhe|P
76048|Karlsruhe|P
76049|Karlsruhe|P
76050|Karlsruhe|P
76141|Karlsruhe|P
76142|Karlsruhe|P
76143|Karlsruhe|P
76151|Karlsruhe|P
76152|Karlsruhe|P
76153|Karlsruhe|P
76154|Karlsruhe|P
76155|Karlsruhe|P
76156|Karlsruhe|P
76157|Karlsruhe|P
76158|Karlsruhe|P
76159|Karlsruhe|P
76160|Karlsruhe|P
76161|Karlsruhe|P
76162|Karlsruhe|P
76163|Karlsruhe|P
76164|Karlsruhe|P
76191|Karlsruhe|P
76192|Karlsruhe|P
76193|Karlsruhe|P
76201|Karlsruhe|P
76202|Karlsruhe|P
76203|Karlsruhe|P
76204|Karlsruhe|P
76205|Karlsruhe|P
76206|Karlsruhe|P
76207|Karlsruhe|P
76208|Karlsruhe|P
76209|Karlsruhe|P
76210|Karlsruhe|P
76216|Karlsruhe|P
76217|Karlsruhe|P
76231|Karlsruhe|P
76248|Karlsruhe|G
76249|Karlsruhe|G
76111|Karlsruhe|G
76051|Karlsruhe|P
76052|Karlsruhe|P
76053|Karlsruhe|P
76054|Karlsruhe|P
76055|Karlsruhe|P
76056|Karlsruhe|P
76057|Karlsruhe|P
76058|Karlsruhe|P
76059|Karlsruhe|P
76060|Karlsruhe|P
76061|Karlsruhe|P
76062|Karlsruhe|P
76063|Karlsruhe|P
76064|Karlsruhe|P
76065|Karlsruhe|P
76232|Karlsruhe|P
76233|Karlsruhe|P
76234|Karlsruhe|P
76247|Karlsruhe|G
76245|Karlsruhe|G
76246|Karlsruhe|G
76180|Karlsruhe|G
76243|Karlsruhe|G
76110|Karlsruhe|G
76100|Karlsruhe|G
76109|Karlsruhe|G
76118|Karlsruhe|G
76250|Karlsruhe|G
76116|Karlsruhe|G
76251|Karlsruhe|G
76252|Karlsruhe|G
76117|Karlsruhe|G
76253|Karlsruhe|G
76107|Karlsruhe|G
76254|Karlsruhe|G
76098|Karlsruhe|G
76097|Karlsruhe|G
76088|Karlsruhe|G
76089|Karlsruhe|G
76095|Karlsruhe|G
76073|Karlsruhe|G
76108|Karlsruhe|G
76240|Karlsruhe|G
76230|Karlsruhe|G
76070|Karlsruhe|G
76099|Karlsruhe|G
76183|Karlsruhe|G
76150|Karlsruhe|G
75015|Bretten|H
75013|Bretten|G
75001|Bretten|P
75002|Bretten|P
75003|Bretten|P
75004|Bretten|P
75005|Bretten|P
75006|Bretten|P
76646|Bruchsal|H
76642|Bruchsal|G
76643|Bruchsal|G
76601|Bruchsal|P
76602|Bruchsal|P
76603|Bruchsal|P
76604|Bruchsal|P
76605|Bruchsal|P
76606|Bruchsal|P
76607|Bruchsal|P
76608|Bruchsal|P
76609|Bruchsal|P
76610|Bruchsal|P
76611|Bruchsal|P
76612|Bruchsal|P
76613|Bruchsal|P
76614|Bruchsal|P
76615|Bruchsal|P
76616|Bruchsal|P
76625|Bruchsal|P
76626|Bruchsal|P
76627|Bruchsal|P
76275|Ettlingen|H
76359|Schöllbronner Mühle|H
76273|Ettlingen|G
76255|Ettlingen|P
76256|Ettlingen|P
76257|Ettlingen|P
76258|Ettlingen|P
76259|Ettlingen|P
76260|Ettlingen|P
76261|Ettlingen|P
76262|Ettlingen|P
76263|Ettlingen|P
76272|Ettlingen|G
76694|Forst|H
76690|Forst|P
76691|Forst|P
75053|Gondelsheim|H
76707|Hambrücken|H
76709|Kronau|H
75057|Kürnbach|H
76316|Malsch|H
76314|Malsch|G
76308|Malsch|P
76309|Malsch|P
76310|Malsch|P
76359|Marxzell|H
75038|Oberderdingen|H
75032|Oberderdingen|P
75033|Oberderdingen|P
75035|Oberderdingen|P
76684|Östringen|H
76680|Östringen|P
76683|Östringen|G
76661|Philippsburg|H
76652|Philippsburg|P
76653|Philippsburg|P
76654|Philippsburg|P
76658|Philippsburg|P
75056|Sulzfeld|H
75031|Gießhübelmühle|H
75031|Neuhof|H
75059|Egonmühle|H
75054|Sulzfeld|P
76698|Ubstadt-Weiher|H
75045|Walzbachtal|H
75039|Walzbachtal|P
75040|Walzbachtal|P
76356|Weingarten|H
76356|Werrabronn|H
76352|Weingarten|P
76353|Weingarten|P
75059|Zaisenhausen|H
76307|Karlsbad|H
76359|Fischweier|H
76298|Karlsbad|P
76299|Karlsbad|P
76300|Karlsbad|P
76703|Kraichtal|H
76699|Kraichtal|P
76700|Kraichtal|P
76676|Graben-Neudorf|H
76673|Graben-Neudorf|P
76674|Graben-Neudorf|P
76669|Bad Schönborn|H
76662|Bad Schönborn|P
76663|Bad Schönborn|P
76664|Bad Schönborn|P
76327|Pfinztal|H
76344|Eggenstein-Leopoldshafen|H
76338|Eggenstein-Leopoldshafen|P
76339|Eggenstein-Leopoldshafen|P
76689|Karlsdorf-Neuthard|H
76351|Linkenheim-Hochstetten|H
76345|Linkenheim-Hochstetten|P
76346|Linkenheim-Hochstetten|P
76347|Linkenheim-Hochstetten|P
68753|Waghäusel|H
68743|Waghäusel|P
68744|Waghäusel|P
68745|Waghäusel|P
68794|Oberhausen-Rheinhausen|H
68790|Oberhausen-Rheinhausen|P
68791|Oberhausen-Rheinhausen|P
68792|Oberhausen-Rheinhausen|P
76287|Rheinstetten|H
76276|Rheinstetten|P
76277|Rheinstetten|P
76297|Stutensee|H
76288|Stutensee|P
76289|Stutensee|P
76291|Stutensee|P
76337|Waldbronn|H
76333|Waldbronn|P
76334|Waldbronn|P
76706|Dettenheim|H
76704|Dettenheim|P
76474|Au|H
76467|Bietigheim|H
76462|Bietigheim|P
76463|Bietigheim|P
76476|Bischweier|H
77815|Bühl|H
77813|Bühl|G
77830|Bühlertal|H
77828|Bühlertal|P
76448|Durmersheim|H
76441|Durmersheim|P
76442|Durmersheim|P
76443|Durmersheim|P
76444|Durmersheim|P
76477|Elchesheim-Illingen|H
76477|Elchesheim-Illingen|P
76596|Forbach|H
76594|Forbach|P
76571|Gaggenau|H
76568|Gaggenau|G
76551|Gaggenau|P
76552|Gaggenau|P
76553|Gaggenau|P
76554|Gaggenau|P
76555|Gaggenau|P
76556|Gaggenau|P
76560|Gaggenau|P
76561|Gaggenau|P
76562|Gaggenau|P
76593|Gernsbach|H
76584|Gernsbach|P
76585|Gernsbach|P
76586|Gernsbach|P
76587|Gernsbach|P
76549|Hügelsheim|H
76473|Iffezheim|H
76456|Kuppenheim|H
76449|Kuppenheim|P
76450|Kuppenheim|P
76451|Kuppenheim|P
77839|Lichtenau|H
77837|Lichtenau|P
76597|Loffenau|H
76332|Plotzsägemühle|H
76461|Muggensturm|H
76457|Muggensturm|P
76458|Muggensturm|P
76470|Ötigheim|H
76468|Ötigheim|P
77833|Ottersweier|H
76437|Rastatt|H
76432|Rastatt|G
76401|Rastatt|P
76402|Rastatt|P
76403|Rastatt|P
76404|Rastatt|P
76405|Rastatt|P
76406|Rastatt|P
76407|Rastatt|P
76408|Rastatt|P
76409|Rastatt|P
76410|Rastatt|P
76411|Rastatt|P
76412|Rastatt|P
76413|Rastatt|P
76414|Rastatt|P
76547|Sinzheim|H
76479|Steinmauern|H
76599|Weisenbach|H
77836|Rheinmünster|H
77834|Rheinmünster|P
69115|Heidelberg|H
69117|Heidelberg|N
69118|Heidelberg|N
69120|Heidelberg|N
69121|Heidelberg|N
69123|Heidelberg|N
69124|Heidelberg|N
69126|Heidelberg|N
69111|Heidelberg|G
69112|Heidelberg|G
69001|Heidelberg|P
69002|Heidelberg|P
69003|Heidelberg|P
69004|Heidelberg|P
69005|Heidelberg|P
69006|Heidelberg|P
69007|Heidelberg|P
69008|Heidelberg|P
69009|Heidelberg|P
69010|Heidelberg|P
69011|Heidelberg|P
69012|Heidelberg|P
69013|Heidelberg|P
69014|Heidelberg|P
69015|Heidelberg|P
69016|Heidelberg|P
69017|Heidelberg|P
69018|Heidelberg|P
69019|Heidelberg|P
69020|Heidelberg|P
69021|Heidelberg|P
69022|Heidelberg|P
69023|Heidelberg|P
69024|Heidelberg|P
69025|Heidelberg|P
69026|Heidelberg|P
69027|Heidelberg|P
69028|Heidelberg|P
69029|Heidelberg|P
69030|Heidelberg|P
69031|Heidelberg|P
69032|Heidelberg|P
69033|Heidelberg|P
69034|Heidelberg|P
69035|Heidelberg|P
69036|Heidelberg|P
69037|Heidelberg|P
69038|Heidelberg|P
69039|Heidelberg|P
69040|Heidelberg|P
69041|Heidelberg|P
69042|Heidelberg|P
69043|Heidelberg|P
69044|Heidelberg|P
69045|Heidelberg|P
69046|Heidelberg|P
69047|Heidelberg|P
69048|Heidelberg|P
69049|Heidelberg|P
69050|Heidelberg|P
69051|Heidelberg|P
69052|Heidelberg|P
69065|Heidelberg|P
69066|Heidelberg|P
69067|Heidelberg|P
69068|Heidelberg|P
69071|Heidelberg|P
69072|Heidelberg|P
69110|Heidelberg|G
69108|Heidelberg|G
69113|Heidelberg|G
69090|Heidelberg|G
68159|Mannheim|H
68161|Mannheim|N
68163|Mannheim|N
68165|Mannheim|N
68167|Mannheim|N
68169|Mannheim|N
68199|Mannheim|N
68219|Mannheim|N
68229|Mannheim|N
68239|Mannheim|N
68259|Mannheim|N
68305|Mannheim|N
68307|Mannheim|N
68309|Mannheim|N
68123|Mannheim|G
68126|Mannheim|G
68127|Mannheim|G
68128|Mannheim|G
68131|Mannheim|G
68132|Mannheim|G
68133|Mannheim|G
68135|Mannheim|G
68136|Mannheim|G
68137|Mannheim|G
68138|Mannheim|G
68139|Mannheim|G
68140|Mannheim|G
68141|Mannheim|G
68142|Mannheim|G
68143|Mannheim|G
68144|Mannheim|G
68145|Mannheim|G
68146|Mannheim|G
68147|Mannheim|G
68148|Mannheim|G
68149|Mannheim|G
68150|Mannheim|G
68151|Mannheim|G
68197|Mannheim|G
68298|Mannheim|G
68299|Mannheim|G
68300|Mannheim|G
68301|Mannheim|G
68302|Mannheim|G
68001|Mannheim|P
68002|Mannheim|P
68003|Mannheim|P
68004|Mannheim|P
68005|Mannheim|P
68006|Mannheim|P
68007|Mannheim|P
68008|Mannheim|P
68009|Mannheim|P
68010|Mannheim|P
68011|Mannheim|P
68012|Mannheim|P
68013|Mannheim|P
68014|Mannheim|P
68015|Mannheim|P
68016|Mannheim|P
68017|Mannheim|P
68018|Mannheim|P
68019|Mannheim|P
68020|Mannheim|P
68021|Mannheim|P
68022|Mannheim|P
68023|Mannheim|P
68024|Mannheim|P
68025|Mannheim|P
68026|Mannheim|P
68027|Mannheim|P
68028|Mannheim|P
68029|Mannheim|P
68030|Mannheim|P
68031|Mannheim|P
68032|Mannheim|P
68033|Mannheim|P
68034|Mannheim|P
68052|Mannheim|P
68053|Mannheim|P
68054|Mannheim|P
68055|Mannheim|P
68056|Mannheim|P
68057|Mannheim|P
68058|Mannheim|P
68059|Mannheim|P
68060|Mannheim|P
68061|Mannheim|P
68062|Mannheim|P
68063|Mannheim|P
68064|Mannheim|P
68065|Mannheim|P
68066|Mannheim|P
68067|Mannheim|P
68068|Mannheim|P
68069|Mannheim|P
68070|Mannheim|P
68071|Mannheim|P
68072|Mannheim|P
68084|Mannheim|P
68085|Mannheim|P
68171|Mannheim|P
68172|Mannheim|P
68173|Mannheim|P
68174|Mannheim|P
68175|Mannheim|P
68176|Mannheim|P
68177|Mannheim|P
68201|Mannheim|P
68202|Mannheim|P
68203|Mannheim|P
68204|Mannheim|P
68205|Mannheim|P
68221|Mannheim|P
68222|Mannheim|P
68241|Mannheim|P
68242|Mannheim|P
68243|Mannheim|P
68261|Mannheim|P
68262|Mannheim|P
68263|Mannheim|P
68264|Mannheim|P
68265|Mannheim|P
68266|Mannheim|P
68267|Mannheim|P
68268|Mannheim|P
68273|Mannheim|P
68275|Mannheim|P
68276|Mannheim|P
68277|Mannheim|P
68280|Mannheim|P
68281|Mannheim|P
68282|Mannheim|P
68310|Mannheim|P
68311|Mannheim|P
68312|Mannheim|P
69901|Mannheim|P
69902|Mannheim|P
69903|Mannheim|P
69904|Mannheim|P
69905|Mannheim|P
69906|Mannheim|P
69907|Mannheim|P
69909|Mannheim|P
69911|Mannheim|P
69912|Mannheim|P
69913|Mannheim|P
69914|Mannheim|P
69915|Mannheim|P
69916|Mannheim|P
69917|Mannheim|P
69918|Mannheim|P
69919|Mannheim|P
69920|Mannheim|P
69921|Mannheim|P
69922|Mannheim|P
69923|Mannheim|P
69924|Mannheim|P
69925|Mannheim|P
69926|Mannheim|P
69928|Mannheim|P
69929|Mannheim|P
69931|Mannheim|P
69932|Mannheim|P
69933|Mannheim|P
69935|Mannheim|P
69936|Mannheim|P
69937|Mannheim|P
69938|Mannheim|P
69939|Mannheim|P
69940|Mannheim|P
69941|Mannheim|P
69942|Mannheim|P
69943|Mannheim|P
69944|Mannheim|P
69945|Mannheim|P
69946|Mannheim|P
69947|Mannheim|P
69948|Mannheim|P
69949|Mannheim|P
69950|Mannheim|P
69951|Mannheim|P
69952|Mannheim|P
69953|Mannheim|P
69954|Mannheim|P
69955|Mannheim|P
69956|Mannheim|P
69957|Mannheim|P
69958|Mannheim|P
69959|Mannheim|P
69960|Mannheim|P
69961|Mannheim|P
69962|Mannheim|P
69963|Mannheim|P
69964|Mannheim|P
69965|Mannheim|P
69966|Mannheim|P
69967|Mannheim|P
69968|Mannheim|P
69969|Mannheim|P
69970|Mannheim|P
69971|Mannheim|P
69972|Mannheim|P
69973|Mannheim|P
69974|Mannheim|P
69975|Mannheim|P
69976|Mannheim|P
69977|Mannheim|P
69978|Mannheim|P
69979|Mannheim|P
69988|Mannheim|P
69989|Mannheim|P
69990|Mannheim|P
69991|Mannheim|P
69992|Mannheim|P
69993|Mannheim|P
69994|Mannheim|P
69995|Mannheim|P
69996|Mannheim|P
69997|Mannheim|P
69999|Mannheim|P
68124|Mannheim|G
68500|Mannheim|G
68122|Mannheim|G
68134|Mannheim|G
68130|Mannheim|G
69930|Mannheim|G
68129|Mannheim|G
68156|Mannheim|G
68120|Mannheim|G
68121|Mannheim|G
68340|Mannheim|G
68051|Mannheim|G
68152|Mannheim|G
68112|Mannheim|G
69927|Mannheim|G
69934|Mannheim|G
68207|Mannheim|G
69910|Mannheim|G
69998|Mannheim|G
74740|Adelsheim|H
74858|Aglasterhausen|H
74842|Billigheim|H
74862|Binau|H
74722|Buchen|H
74710|Buchen|P
74711|Buchen|P
74712|Buchen|P
74713|Buchen|P
74714|Buchen|P
74864|Fahrenbach|H
74736|Hardheim|H
74732|Hardheim|P
74733|Hardheim|P
74855|Haßmersheim|H
74851|Haßmersheim|P
74852|Haßmersheim|P
74746|Höpfingen|H
74746|Höpfingen|P
74928|Hüffenhardt|H
74838|Limbach|H
74834|Heidersbacher Mühle|H
74835|Limbach|P
74821|Mosbach|H
74819|Mosbach|G
74801|Mosbach|P
74802|Mosbach|P
74803|Mosbach|P
74804|Mosbach|P
74805|Mosbach|P
74806|Mosbach|P
74807|Mosbach|P
74811|Mosbach|P
74812|Mosbach|P
69427|Mudau|H
69425|Mudau|P
69437|Neckargerach|H
69437|Neckargerach|P
74865|Neckarzimmern|H
74867|Neunkirchen|H
74847|Obrigheim|H
74706|Osterburken|H
74701|Osterburken|P
74702|Osterburken|P
74703|Osterburken|P
74749|Rosenberg|H
74743|Seckach|H
74731|Walldürn|H
63928|Spritzenmühle|H
74723|Walldürn|P
74724|Walldürn|P
74725|Walldürn|P
74726|Walldürn|P
74731|Storchhof|H
69439|Zwingenberg|H
74747|Ravenstein|H
74850|Schefflenz|H
74869|Schwarzach|H
74869|Schwarzach|P
74834|Elztal|H
74832|Elztal|P
69429|Waldbrunn|H
69428|Waldbrunn|P
68804|Altlußheim|H
68800|Altlußheim|P
68801|Altlußheim|P
69245|Bammental|H
69243|Bammental|P
68782|Brühl|H
68776|Brühl|P
68777|Brühl|P
68778|Brühl|P
69234|Dielheim|H
69232|Dielheim|P
69221|Dossenheim|H
69215|Dossenheim|P
69216|Dossenheim|P
69412|Eberbach|H
64754|Badisch Schöllenbach|H
69412|Igelsbach|H
69434|Brombach|H
69401|Eberbach|P
69402|Eberbach|P
69403|Eberbach|P
69404|Eberbach|P
69405|Eberbach|P
69429|Unterdielbach|H
74925|Epfenbach|H
69214|Eppelheim|H
69208|Eppelheim|P
69209|Eppelheim|P
69210|Eppelheim|P
74927|Eschelbronn|H
69251|Gaiberg|H
69251|Gaiberg|P
69434|Heddesbach|H
68542|Heddesheim|H
68536|Heddesheim|P
68537|Heddesheim|P
68538|Heddesheim|P
69253|Heiligkreuzsteinach|H
69502|Hemsbach|H
69494|Hemsbach|P
69495|Hemsbach|P
69496|Hemsbach|P
69497|Hemsbach|P
68766|Hockenheim|H
68754|Hockenheim|P
68755|Hockenheim|P
68756|Hockenheim|P
68757|Hockenheim|P
68758|Hockenheim|P
68759|Hockenheim|P
68760|Hockenheim|P
68761|Hockenheim|P
68764|Hockenheim|G
68549|Ilvesheim|H
68543|Ilvesheim|P
68544|Ilvesheim|P
68545|Ilvesheim|P
68775|Ketsch|H
68767|Ketsch|P
68768|Ketsch|P
68769|Ketsch|P
68770|Ketsch|P
68721|Ketsch|G
68526|Ladenburg|H
68520|Ladenburg|P
68521|Ladenburg|P
68522|Ladenburg|P
69514|Laudenbach|H
69510|Laudenbach|P
69511|Laudenbach|P
69181|Leimen|H
69169|Leimen|P
69170|Leimen|P
69171|Leimen|P
69172|Leimen|P
69175|Leimen|P
69178|Leimen|G
69254|Malsch|H
69254|Malsch|P
69256|Mauer|H
69256|Mauer|P
74909|Meckesheim|H
69242|Mühlhausen|H
69240|Mühlhausen|P
74924|Neckarbischofsheim|H
69151|Neckargemünd|H
69139|Neckargemünd|P
69140|Neckargemünd|P
69141|Neckargemünd|P
69142|Neckargemünd|P
74933|Neidenstein|H
68809|Neulußheim|H
68805|Neulußheim|P
68806|Neulußheim|P
68807|Neulußheim|P
69226|Nußloch|H
69222|Nußloch|P
69223|Nußloch|P
68723|Oftersheim|H
68735|Oftersheim|P
68736|Oftersheim|P
68723|Plankstadt|H
68739|Plankstadt|P
68740|Plankstadt|P
69231|Rauenberg|H
69227|Rauenberg|P
74934|Reichartshausen|H
74934|Reichartshausen|P
68799|Reilingen|H
68795|Reilingen|P
68796|Reilingen|P
69207|Sandhausen|H
69199|Sandhausen|P
69200|Sandhausen|P
69201|Sandhausen|P
69202|Sandhausen|P
69250|Schönau|H
69246|Schönau|P
69247|Schönau|P
69436|Schönbrunn|H
69198|Schriesheim|H
69191|Schriesheim|P
69192|Schriesheim|P
69193|Schriesheim|P
69194|Schriesheim|P
68723|Schwetzingen|H
74889|Sinsheim|H
74887|Sinsheim|G
74871|Sinsheim|P
74872|Sinsheim|P
74873|Sinsheim|P
74874|Sinsheim|P
74875|Sinsheim|P
74876|Sinsheim|P
74877|Sinsheim|P
74878|Sinsheim|P
74879|Sinsheim|P
74937|Spechbach|H
74915|Waibstadt|H
74913|Waibstadt|P
69190|Walldorf|H
69182|Walldorf|P
69183|Walldorf|P
69184|Walldorf|P
69185|Walldorf|P
69189|Walldorf|G
69469|Weinheim|H
69465|Weinheim|G
69441|Weinheim|P
69442|Weinheim|P
69443|Weinheim|P
69444|Weinheim|P
69445|Weinheim|P
69446|Weinheim|P
69447|Weinheim|P
69448|Weinheim|P
69449|Weinheim|P
69450|Weinheim|P
69451|Weinheim|P
69452|Weinheim|P
69459|Weinheim|P
69460|Weinheim|P
69257|Wiesenbach|H
69168|Wiesloch|H
69152|Wiesloch|P
69153|Wiesloch|P
69154|Wiesloch|P
69155|Wiesloch|P
69156|Wiesloch|P
69157|Wiesloch|P
69159|Wiesloch|G
69259|Wilhelmsfeld|H
74939|Zuzenhausen|H
74918|Angelbachtal|H
74916|Angelbachtal|P
68789|St. Leon-Rot|H
68783|St. Leon-Rot|P
68784|St. Leon-Rot|P
68786|St. Leon-Rot|P
68787|St. Leon-Rot|P
74931|Lobbach|H
68535|Edingen-Neckarhausen|H
68527|Edingen-Neckarhausen|P
68528|Edingen-Neckarhausen|P
68529|Edingen-Neckarhausen|P
74921|Helmstadt-Bargen|H
74919|Helmstadt-Bargen|P
69493|Hirschberg|H
69489|Hirschberg|P
69491|Hirschberg|P
75172|Pforzheim|H
75173|Pforzheim|N
75175|Pforzheim|N
75177|Pforzheim|N
75179|Pforzheim|N
75180|Pforzheim|N
75181|Pforzheim|N
75158|Pforzheim|G
75159|Pforzheim|G
75170|Pforzheim|G
75101|Pforzheim|P
75102|Pforzheim|P
75103|Pforzheim|P
75104|Pforzheim|P
75105|Pforzheim|P
75106|Pforzheim|P
75107|Pforzheim|P
75108|Pforzheim|P
75109|Pforzheim|P
75110|Pforzheim|P
75111|Pforzheim|P
75112|Pforzheim|P
75113|Pforzheim|P
75114|Pforzheim|P
75115|Pforzheim|P
75116|Pforzheim|P
75117|Pforzheim|P
75118|Pforzheim|P
75119|Pforzheim|P
75120|Pforzheim|P
75134|Pforzheim|P
75136|Pforzheim|P
75138|Pforzheim|P
75139|Pforzheim|P
75090|Pforzheim|P
75093|Pforzheim|G
75091|Pforzheim|P
75100|Pforzheim|G
75162|Pforzheim|G
75169|Pforzheim|G
72213|Altensteig|H
72206|Altensteig|P
72207|Altensteig|P
72208|Altensteig|P
75382|Althengstett|H
75379|Althengstett|P
75380|Althengstett|P
75378|Bad Liebenzell|H
75335|Dobel|H
75335|Dobel|P
72224|Ebhausen|H
72222|Ebhausen|P
72227|Egenhausen|H
72227|Egenhausen|P
75337|Enzklösterle|H
75337|Enzklösterle|P
75391|Gechingen|H
72221|Haiterbach|H
72219|Haiterbach|P
76332|Bad Herrenalb|H
76328|Bad Herrenalb|P
76329|Bad Herrenalb|P
75339|Höfen|H
72202|Nagold|H
72191|Nagold|P
72192|Nagold|P
72193|Nagold|P
72194|Nagold|P
72195|Nagold|P
72200|Nagold|G
75387|Neubulach|H
75386|Neubulach|P
75385|Lautenbachhof|H
75389|Neuweiler|H
75385|Dachshof|H
75385|Glasmühle|H
75394|Oberreichenbach|H
75395|Ostelsheim|H
72229|Rohrdorf|H
75328|Schömberg|H
75399|Untere Mühle|H
75399|Untere Mühle|P
72226|Simmersfeld|H
75397|Simmozheim|H
75399|Unterreichenbach|H
75399|Unterreichenbach|P
75323|Bad Wildbad|H
75313|Bad Wildbad|P
75316|Bad Wildbad|P
75317|Bad Wildbad|P
72218|Wildberg|H
72214|Wildberg|P
72215|Wildberg|P
75385|Bad Teinach-Zavelstein|H
75365|Calw|H
75363|Calw|G
75351|Calw|P
75352|Calw|P
75353|Calw|P
75354|Calw|P
75357|Calw|P
75358|Calw|P
75217|Birkenfeld|H
75211|Birkenfeld|P
75212|Birkenfeld|P
75213|Birkenfeld|P
75239|Eisingen|H
75237|Eisingen|P
75331|Engelsbrand|H
71292|Friolzheim|H
71288|Friolzheim|P
71296|Heimsheim|H
71293|Heimsheim|P
71294|Heimsheim|P
75428|Illingen|H
75424|Illingen|P
75425|Illingen|P
75228|Ispringen|H
75224|Ispringen|P
75225|Ispringen|P
75249|Kieselbronn|H
75438|Knittlingen|H
75434|Knittlingen|P
75435|Knittlingen|P
75433|Maulbronn|H
75429|Maulbronn|P
75430|Maulbronn|P
71297|Mönsheim|H
71297|Mönsheim|P
75417|Mühlacker|H
75415|Mühlacker|G
75401|Mühlacker|P
75402|Mühlacker|P
75403|Mühlacker|P
75404|Mühlacker|P
75405|Mühlacker|P
75406|Mühlacker|P
75305|Neuenbürg|H
75242|Neuhausen|H
75240|Neuhausen|P
75399|Nagoldtal|H
75399|Nagoldtal|P
75223|Niefern-Öschelbronn|H
75218|Niefern-Öschelbronn|P
75219|Niefern-Öschelbronn|P
75220|Niefern-Öschelbronn|P
75221|Niefern-Öschelbronn|P
75443|Ötisheim|H
75439|Ötisheim|P
75440|Ötisheim|P
75447|Sternenfels|H
75233|Tiefenbronn|H
75231|Tiefenbronn|P
75446|Wiernsheim|H
75444|Wiernsheim|P
71299|Wimsheim|H
75449|Wurmberg|H
75210|Keltern|H
75204|Keltern|P
75196|Remchingen|H
75334|Straubenhardt|H
75332|Straubenhardt|P
75245|Neulingen|H
75177|Katharinenthalerhof|H
75243|Neulingen|P
75236|Kämpfelbach|H
75234|Kämpfelbach|P
75248|Ölbronn-Dürrn|H
75203|Königsbach-Stein|H
75197|Königsbach-Stein|P
75198|Königsbach-Stein|P
75201|Königsbach-Stein|P
72275|Alpirsbach|H
72270|Baiersbronn|H
72256|Baiersbronn|P
72257|Baiersbronn|P
72258|Baiersbronn|P
72261|Baiersbronn|P
72263|Baiersbronn|P
72280|Dornstetten|H
72276|Dornstetten|P
72277|Dornstetten|P
72278|Dornstetten|P
72186|Empfingen|H
72185|Empfingen|P
72184|Eutingen|H
72160|Oberer Eutinger Talhof|H
72250|Freudenstadt|H
72231|Freudenstadt|P
72232|Freudenstadt|P
72233|Freudenstadt|P
72234|Freudenstadt|P
72235|Freudenstadt|P
72236|Freudenstadt|P
72237|Freudenstadt|P
72238|Freudenstadt|P
72239|Freudenstadt|P
72240|Freudenstadt|P
72293|Glatten|H
72294|Grömbach|H
72297|Pfaffenstube|H
72297|Völmlesmühle|H
72160|Horb|H
72151|Horb|P
72152|Horb|P
72153|Horb|P
72154|Horb|P
72290|Loßburg|H
72286|Loßburg|P
72287|Loßburg|P
72285|Pfalzgrafenweiler|H
72281|Pfalzgrafenweiler|P
72282|Pfalzgrafenweiler|P
72283|Pfalzgrafenweiler|P
72296|Schopfloch|H
72299|Wörnersberg|H
72297|Seewald|H
72178|Waldachtal|H
72176|Waldachtal|P
77776|Bad Rippoldsau-Schapbach|H
79098|Freiburg|H
79100|Freiburg|N
79102|Freiburg|N
79104|Freiburg|N
79106|Freiburg|N
79108|Freiburg|N
79110|Freiburg|N
79111|Freiburg|N
79112|Freiburg|N
79114|Freiburg|N
79115|Freiburg|N
79117|Freiburg|N
79077|Freiburg|G
79078|Freiburg|G
79079|Freiburg|G
79080|Freiburg|G
79081|Freiburg|G
79083|Freiburg|G
79084|Freiburg|G
79085|Freiburg|G
79086|Freiburg|G
79088|Freiburg|G
79089|Freiburg|G
79090|Freiburg|G
79091|Freiburg|G
79093|Freiburg|G
79094|Freiburg|G
79095|Freiburg|G
79001|Freiburg|P
79002|Freiburg|P
79003|Freiburg|P
79004|Freiburg|P
79005|Freiburg|P
79006|Freiburg|P
79007|Freiburg|P
79008|Freiburg|P
79009|Freiburg|P
79010|Freiburg|P
79011|Freiburg|P
79012|Freiburg|P
79013|Freiburg|P
79014|Freiburg|P
79015|Freiburg|P
79016|Freiburg|P
79017|Freiburg|P
79018|Freiburg|P
79019|Freiburg|P
79020|Freiburg|P
79021|Freiburg|P
79022|Freiburg|P
79023|Freiburg|P
79025|Freiburg|P
79026|Freiburg|P
79036|Freiburg|P
79041|Freiburg|P
79120|Freiburg|P
79140|Freiburg|G
79121|Freiburg|P
79122|Freiburg|P
79123|Freiburg|P
79061|Freiburg|P
79062|Freiburg|P
79300|Freiburg|G
79073|Freiburg|G
79139|Freiburg|G
79071|Freiburg|G
79087|Freiburg|G
79138|Freiburg|G
79131|Freiburg|G
79133|Freiburg|G
79280|Au|H
79424|Auggen|H
79189|Bad Krozingen|H
79188|Bad Krozingen|G
79184|Bad Krozingen|P
79185|Bad Krozingen|P
79410|Badenweiler|H
79282|Ballrechten-Dottingen|H
79268|Bötzingen|H
79283|Bollschweil|H
79206|Breisach|H
79874|Breitnau|H
79256|Buchenbach|H
79426|Buggingen|H
79285|Ebringen|H
79356|Eichstetten|H
79871|Eisenbach|H
79427|Eschbach|H
79868|Feldberg|H
79877|Friedenweiler|H
79286|Glottertal|H
79288|Gottenheim|H
79194|Gundelfingen|H
79258|Hartheim|H
79423|Heitersheim|H
79419|Heitersheim|P
79420|Heitersheim|P
79421|Heitersheim|P
79194|Heuweiler|H
79856|Hinterzarten|H
79854|Hinterzarten|P
79289|Horben|H
79241|Ihringen|H
79239|Ihringen|P
79199|Kirchzarten|H
79195|Kirchzarten|P
79196|Kirchzarten|P
79853|Lenzkirch|H
79849|Lenzkirch|P
79850|Lenzkirch|P
79843|Löffingen|H
79291|Merdingen|H
79249|Merzhausen|H
79245|Merzhausen|P
79246|Merzhausen|P
79379|Müllheim|H
79371|Müllheim|P
79372|Müllheim|P
79373|Müllheim|P
79374|Müllheim|P
79375|Müllheim|P
79395|Neuenburg|H
79389|Neuenburg|P
79390|Neuenburg|P
79391|Neuenburg|P
79254|Oberried|H
79292|Pfaffenweiler|H
79274|St. Märgen|H
79271|St. Peter|H
79269|St. Peter|P
79227|Schallstadt|H
79225|Schallstadt|P
79859|Schluchsee|H
79857|Schluchsee|P
79294|Sölden|H
79219|Staufen|H
79216|Staufen|P
79217|Staufen|P
79252|Stegen|H
79295|Sulzburg|H
79822|Titisee-Neustadt|H
79821|Titisee-Neustadt|G
79811|Titisee-Neustadt|P
79812|Titisee-Neustadt|P
79813|Titisee-Neustadt|P
79815|Titisee-Neustadt|P
79814|Titisee-Neustadt|P
79224|Umkirch|H
79220|Umkirch|P
79221|Umkirch|P
79299|Wittnau|H
79244|Münstertal|H
79238|Ehrenkirchen|H
79232|March|H
79228|March|P
79229|March|P
79230|March|P
79235|Vogtsburg|H
79353|Bahlingen|H
79351|Bahlingen|P
79215|Biederbach|H
79211|Denzlingen|H
79207|Denzlingen|P
79208|Denzlingen|P
79215|Elzach|H
79312|Emmendingen|H
79310|Emmendingen|G
79346|Endingen|H
79362|Forchheim|H
79261|Gutach|H
79336|Herbolzheim|H
79332|Herbolzheim|P
79333|Herbolzheim|P
79341|Kenzingen|H
79337|Kenzingen|P
79338|Kenzingen|P
79364|Malterdingen|H
79276|Reute|H
79359|Riegel|H
79361|Sasbach|H
79350|Sexau|H
79349|Sexau|P
79263|Simonswald|H
79262|Simonswald|P
79331|Teningen|H
79325|Teningen|P
79326|Teningen|P
79327|Teningen|P
79312|Landeck|H
79330|Teningen|G
79279|Vörstetten|H
79367|Weisweil|H
79369|Wyhl|H
79365|Rheinhausen|H
79366|Rheinhausen|P
79348|Freiamt|H
79297|Winden|H
79183|Waldkirch|H
77855|Achern|H
77854|Achern|G
77767|Appenweier|H
77740|Bad Peterstal-Griesbach|H
72250|Zuflucht|H
77737|Bad Peterstal-Griesbach|P
77791|Berghaupten|H
77781|Biberach|H
77779|Biberach|P
77770|Durbach|H
77768|Durbach|P
77955|Ettenheim|H
77949|Ettenheim|P
77950|Ettenheim|P
77951|Ettenheim|P
77716|Fischerbach|H
77948|Friesenheim|H
77723|Gengenbach|H
77793|Gutach|H
77793|Gutach|P
77716|Haslach|H
77756|Hausach|H
77750|Hausach|P
77751|Hausach|P
77752|Hausach|P
77716|Hofstetten|H
77749|Hohberg|H
78132|Hornberg|H
78127|Hornberg|P
78128|Hornberg|P
78129|Hornberg|P
77876|Kappelrodeck|H
77872|Kappelrodeck|P
77873|Kappelrodeck|P
77694|Kehl|H
77692|Kehl|G
77691|Kehl|G
77971|Kippenheim|H
77933|Lahr|H
77931|Lahr|G
77901|Lahr|P
77902|Lahr|P
77903|Lahr|P
77904|Lahr|P
77905|Lahr|P
77906|Lahr|P
77907|Lahr|P
77908|Lahr|P
77909|Lahr|P
77910|Lahr|P
77911|Lahr|P
77912|Lahr|P
77913|Lahr|P
77914|Lahr|P
77922|Lahr|P
77930|Lahr|G
77929|Lahr|G
77927|Lahr|G
77928|Lahr|G
77926|Lahr|G
77794|Lautenbach|H
77886|Lauf|H
77884|Lauf|P
77972|Mahlberg|H
77972|Mahlberg|P
77974|Meißenheim|H
77796|Mühlenbach|H
77787|Nordrach|H
77785|Nordrach|P
77784|Oberharmersbach|H
77704|Oberkirch|H
77709|Oberwolfach|H
77652|Offenburg|H
77654|Offenburg|N
77656|Offenburg|N
77633|Offenburg|G
77640|Offenburg|G
77646|Offenburg|G
77647|Offenburg|G
77649|Offenburg|G
77601|Offenburg|P
77602|Offenburg|P
77603|Offenburg|P
77604|Offenburg|P
77605|Offenburg|P
77606|Offenburg|P
77607|Offenburg|P
77608|Offenburg|P
77609|Offenburg|P
77610|Offenburg|P
77611|Offenburg|P
77612|Offenburg|P
77613|Offenburg|P
77614|Offenburg|P
77615|Offenburg|P
77616|Offenburg|P
77648|Offenburg|G
77660|Offenburg|P
77661|Offenburg|P
77662|Offenburg|P
77663|Offenburg|G
77617|Offenburg|P
77618|Offenburg|P
77666|Offenburg|G
77700|Offenburg|G
77642|Offenburg|G
77667|Offenburg|G
77954|Offenburg|G
77644|Offenburg|G
77797|Ohlsbach|H
77728|Oppenau|H
77724|Oppenau|P
77725|Oppenau|P
77799|Ortenberg|H
77883|Ottenhöfen|H
77871|Renchen|H
77867|Renchen|P
77868|Renchen|P
77869|Renchen|G
77870|Renchen|G
77975|Ringsheim|H
77977|Rust|H
77977|Rust|P
77880|Sasbach|H
77887|Sasbachwalden|H
77978|Schuttertal|H
77746|Schutterwald|H
77744|Schutterwald|P
77889|Seebach|H
77960|Seelbach|H
77956|Seelbach|P
77957|Seelbach|P
77790|Steinach|H
77788|Steinach|P
77731|Willstätt|H
77709|Wolfach|H
77705|Wolfach|P
77706|Wolfach|P
77736|Zell|H
77732|Zell|P
77733|Zell|P
77963|Schwanau|H
77961|Schwanau|P
77743|Neuried|H
77966|Kappel-Grafenhausen|H
77866|Rheinau|H
78733|Aichhalden|H
78731|Aichhalden|P
78662|Bösingen|H
78661|Dietingen|H
72175|Dornhan|H
78655|Dunningen|H
78653|Dunningen|P
78713|Gifizenmoos|H
78736|Epfendorf|H
78739|Hardt|H
78739|Hardt|P
78730|Lauterbach|H
78727|Oberndorf|H
78628|Rottweil|H
78652|Unterrotenstein|H
78611|Rottweil|P
78612|Rottweil|P
78613|Rottweil|P
78614|Rottweil|P
78615|Rottweil|P
78616|Rottweil|P
78617|Rottweil|P
78618|Rottweil|P
77773|Schenkenzell|H
78733|Neuhaus|H
77761|Schiltach|H
78733|Breitreute|H
78713|Schramberg|H
78701|Schramberg|P
78702|Schramberg|P
78703|Schramberg|P
78704|Schramberg|P
78707|Schramberg|P
78142|Schramberg|P
78144|Schramberg|H
72172|Sulz|H
72160|Oberhof|H
72186|Weiherhof|H
78667|Villingendorf|H
78667|Villingendorf|P
72189|Vöhringen|H
72187|Vöhringen|P
78669|Wellendingen|H
78658|Zimmern|H
78652|Wildenstein|H
78656|Zimmern|P
78737|Fluorn-Winzeln|H
78664|Eschbronn|H
78652|Deißlingen|H
78648|Deißlingen|P
78649|Deißlingen|P
78073|Bad Dürrheim|H
78065|Bad Dürrheim|P
78066|Bad Dürrheim|P
78067|Bad Dürrheim|P
78068|Bad Dürrheim|P
78069|Bad Dürrheim|P
78176|Blumberg|H
78170|Blumberg|P
78171|Blumberg|P
78172|Blumberg|P
78173|Blumberg|P
78199|Bräunlingen|H
78083|Dauchingen|H
78166|Donaueschingen|H
78151|Donaueschingen|P
78152|Donaueschingen|P
78153|Donaueschingen|P
78154|Donaueschingen|P
78155|Donaueschingen|P
78156|Donaueschingen|P
78157|Donaueschingen|P
78158|Donaueschingen|P
78159|Donaueschingen|P
78120|Furtwangen|H
78113|Furtwangen|P
78114|Furtwangen|P
78115|Furtwangen|P
78116|Furtwangen|P
78148|Gütenbach|H
78183|Hüfingen|H
78177|Hüfingen|P
78178|Hüfingen|P
78179|Hüfingen|P
78126|Königsfeld|H
78121|Königsfeld|P
78122|Königsfeld|P
78123|Königsfeld|P
78087|Mönchweiler|H
78087|Mönchweiler|P
78078|Niedereschach|H
78083|Ebersteinhof|H
78074|Niedereschach|P
78112|St. Georgen|H
78112|Schoren|H
78103|St. Georgen|P
78104|St. Georgen|P
78105|St. Georgen|P
78106|St. Georgen|P
78107|St. Georgen|P
78141|Schönwald|H
78137|Schönwald|P
78138|Schönwald|P
78136|Schonach|H
78133|Schonach|P
78134|Schonach|P
78098|Triberg|H
78091|Triberg|P
78092|Triberg|P
78093|Triberg|P
78094|Triberg|P
78609|Tuningen|H
78609|Tuningen|P
78089|Unterkirnach|H
78147|Vöhrenbach|H
78145|Vöhrenbach|P
78048|Villingen-Schwenningen|H
78050|Villingen-Schwenningen|N
78052|Villingen-Schwenningen|N
78054|Villingen-Schwenningen|N
78056|Villingen-Schwenningen|N
78045|Villingen-Schwenningen|G
78046|Villingen-Schwenningen|G
78001|Villingen-Schwenningen|P
78002|Villingen-Schwenningen|P
78003|Villingen-Schwenningen|P
78004|Villingen-Schwenningen|P
78005|Villingen-Schwenningen|P
78006|Villingen-Schwenningen|P
78007|Villingen-Schwenningen|P
78008|Villingen-Schwenningen|P
78009|Villingen-Schwenningen|P
78010|Villingen-Schwenningen|P
78011|Villingen-Schwenningen|P
78012|Villingen-Schwenningen|P
78057|Villingen-Schwenningen|P
78058|Villingen-Schwenningen|P
78013|Villingen-Schwenningen|P
78044|Villingen-Schwenningen|G
78100|Villingen-Schwenningen|G
78060|Villingen-Schwenningen|G
78041|Villingen-Schwenningen|G
78086|Brigachtal|H
78554|Aldingen|H
78550|Aldingen|P
78551|Aldingen|P
78580|Bärenthal|H
78582|Balgheim|H
78583|Böttingen|H
78585|Bubsheim|H
88637|Buchheim|H
78567|Scheuerlehof|H
78586|Deilingen|H
78588|Denkingen|H
78554|Erlenmühle|H
78589|Dürbheim|H
78591|Durchhausen|H
78592|Egesheim|H
78580|Hammer|H
78567|Fridingen|H
78665|Frittlingen|H
78554|Michelhölzle|H
78187|Geisingen|H
78559|Gosheim|H
78555|Gosheim|P
78556|Gosheim|P
78594|Gunningen|H
78595|Hausen|H
78194|Immendingen|H
78188|Immendingen|P
78189|Immendingen|P
78190|Immendingen|P
78597|Irndorf|H
78598|Königsheim|H
78600|Kolbingen|H
78601|Mahlstetten|H
78570|Mühlheim|H
78568|Mühlheim|P
78579|Neuhausen|H
78577|Neuhausen|P
78564|Reichenbach|H
78603|Renquishausen|H
78549|Spaichingen|H
78543|Spaichingen|P
78544|Spaichingen|P
78545|Spaichingen|P
78546|Spaichingen|P
78607|Talheim|H
78647|Trossingen|H
78635|Trossingen|P
78636|Trossingen|P
78637|Trossingen|P
78638|Trossingen|P
78639|Trossingen|P
78640|Trossingen|P
78532|Tuttlingen|H
78501|Tuttlingen|P
78502|Tuttlingen|P
78503|Tuttlingen|P
78505|Tuttlingen|P
78506|Tuttlingen|P
78507|Tuttlingen|P
78508|Tuttlingen|P
78509|Tuttlingen|P
78510|Tuttlingen|P
78511|Tuttlingen|P
78512|Tuttlingen|P
78513|Tuttlingen|P
78564|Wehingen|H
78560|Wehingen|P
78561|Wehingen|P
78573|Wurmlingen|H
78571|Wurmlingen|P
78606|Seitingen-Oberflacht|H
78604|Rietheim-Weilheim|H
78576|Emmingen-Liptingen|H
78267|Aach|H
78476|Allensbach|H
78472|Allensbach|P
78473|Allensbach|P
78266|Büsingen|H
78263|Büsingen|P
78264|Büsingen|P
78253|Eigeltingen|H
78251|Eigeltingen|P
78234|Engen|H
78228|Engen|P
78229|Engen|P
78230|Engen|P
78231|Engen|P
78343|Gaienhofen|H
78338|Gaienhofen|P
78262|Gailingen|H
78260|Gailingen|P
78244|Gottmadingen|H
78240|Gottmadingen|P
78241|Gottmadingen|P
78247|Hilzingen|H
78245|Hilzingen|P
78462|Konstanz|H
78464|Konstanz|N
78465|Insel Mainau|H
78465|Konstanz|N
78467|Konstanz|N
78459|Konstanz|G
78461|Konstanz|G
78401|Konstanz|P
78402|Konstanz|P
78403|Konstanz|P
78404|Konstanz|P
78405|Konstanz|P
78406|Konstanz|P
78407|Konstanz|P
78408|Konstanz|P
78409|Konstanz|P
78410|Konstanz|P
78411|Konstanz|P
78412|Konstanz|P
78413|Konstanz|P
78414|Konstanz|P
78415|Konstanz|P
78416|Konstanz|P
78417|Konstanz|P
78418|Konstanz|P
78419|Konstanz|P
78420|Konstanz|P
78421|Konstanz|P
78422|Konstanz|P
78423|Konstanz|P
78429|Konstanz|P
78430|Konstanz|P
78431|Konstanz|P
78432|Konstanz|P
78433|Konstanz|P
78434|Konstanz|P
78435|Konstanz|P
78436|Konstanz|P
78460|Konstanz|G
78457|Konstanz|G
78437|Konstanz|P
78456|Konstanz|G
78458|Konstanz|G
78455|Konstanz|G
78454|Konstanz|G
78345|Moos|H
78357|Mühlingen|H
78337|Öhningen|H
78315|Radolfzell|H
78301|Radolfzell|P
78302|Radolfzell|P
78303|Radolfzell|P
78304|Radolfzell|P
78305|Radolfzell|P
78306|Radolfzell|P
78307|Radolfzell|P
78479|Reichenau|H
78477|Reichenau|P
78224|Singen|H
78221|Singen|G
78201|Singen|P
78202|Singen|P
78203|Singen|P
78204|Singen|P
78205|Singen|P
78206|Singen|P
78207|Singen|P
78208|Singen|P
78209|Singen|P
78210|Singen|P
78211|Singen|P
78212|Singen|P
78213|Singen|P
78256|Steißlingen|H
78254|Steißlingen|P
78333|Stockach|H
78250|Tengen|H
78269|Volkertshausen|H
78269|Volkertshausen|P
78355|Hohenfels|H
78259|Mühlhausen-Ehingen|H
78257|Mühlhausen-Ehingen|P
78351|Bodman-Ludwigshafen|H
78359|Orsingen-Nenzingen|H
78239|Rielasingen-Worblingen|H
79677|Aitern|H
79415|Bad Bellingen|H
79589|Binzen|H
79677|Böllen|H
79588|Efringen-Kirchen|H
79591|Eimeldingen|H
79592|Fischingen|H
79677|Fröhnd|H
79686|Hasel|H
79688|Hausen|H
79687|Hausen|P
79594|Inzlingen|H
79400|Kandern|H
79396|Kandern|P
79397|Kandern|P
79539|Lörrach|H
79540|Lörrach|N
79541|Lörrach|N
79537|Lörrach|G
79533|Lörrach|G
79689|Maulburg|H
79690|Maulburg|P
79618|Rheinfelden|H
79601|Rheinfelden|P
79602|Rheinfelden|P
79603|Rheinfelden|P
79604|Rheinfelden|P
79605|Rheinfelden|P
79606|Rheinfelden|P
79607|Rheinfelden|P
79608|Rheinfelden|P
79595|Rümmingen|H
79597|Schallbach|H
79418|Schliengen|H
79677|Schönau|H
79675|Schönau|P
79677|Schönenberg|H
79650|Schopfheim|H
79739|Schwörstadt|H
79585|Steinen|H
79674|Todtnau|H
79670|Todtnau|P
79677|Tunau|H
79694|Utzenfeld|H
79576|Weil am Rhein|H
79574|Weil am Rhein|G
79677|Wembach|H
79695|Wieden|H
79599|Wittlingen|H
79669|Zell|H
79429|Malsburg-Marzell|H
79639|Grenzach-Wyhlen|H
79629|Grenzach-Wyhlen|P
79630|Grenzach-Wyhlen|P
79631|Grenzach-Wyhlen|P
79633|Grenzach-Wyhlen|P
79634|Grenzach-Wyhlen|P
79685|Häg-Ehrsberg|H
79692|Kleines Wiesental|H
79774|Albbruck|H
79772|Albbruck|P
79872|Bernau|H
79848|Bonndorf|H
79844|Bonndorf|P
79845|Bonndorf|P
79875|Dachsberg|H
79875|Luchle|H
79837|Oberkutterau|H
79802|Dettighofen|H
79804|Dogern|H
79803|Dogern|P
79733|Görwihl|H
79865|Grafenhausen|H
79837|Häusern|H
79838|Häusern|P
79737|Herrischried|H
79738|Herrischried|P
79862|Höchenschwand|H
79860|Höchenschwand|P
79801|Hohentengen|H
79799|Hohentengen|P
79837|Ibach|H
79798|Jestetten|H
79771|Klettgau|H
79787|Lauchringen|H
79781|Lauchringen|P
79782|Lauchringen|P
79783|Lauchringen|P
79725|Laufenburg|H
79807|Lottstetten|H
79806|Lottstetten|P
79730|Murg|H
79726|Murg|P
79727|Murg|P
79736|Rickenbach|H
79713|Bad Säckingen|H
79837|St. Blasien|H
79829|St. Blasien|P
79830|St. Blasien|P
79831|St. Blasien|P
79780|Stühlingen|H
79682|Todtmoos|H
79664|Wehr|H
79662|Wehr|G
79660|Wehr|P
79809|Weilheim|H
79793|Wutöschingen|H
79805|Eggingen|H
79790|Küssaberg|H
79761|Waldshut-Tiengen|H
79741|Waldshut-Tiengen|P
79751|Waldshut-Tiengen|P
79752|Waldshut-Tiengen|P
79753|Waldshut-Tiengen|P
79749|Waldshut-Tiengen|G
79879|Wutach|H
79777|Ühlingen-Birkendorf|H
72581|Dettingen|H
72575|Dettingen|P
72576|Dettingen|P
72577|Dettingen|P
72800|Eningen|H
72813|Oberer Lindenhof|H
72794|Eningen|P
72795|Eningen|P
72796|Eningen|P
72532|Gomadingen|H
72582|Grabenstetten|H
72661|Grafenberg|H
72534|Hayingen|H
72584|Hülben|H
72584|Hülben|P
72537|Mehrstetten|H
72555|Metzingen|H
72541|Metzingen|P
72542|Metzingen|P
72543|Metzingen|P
72544|Metzingen|P
72545|Metzingen|P
72546|Metzingen|P
72525|Münsingen|H
72521|Münsingen|P
72522|Münsingen|P
72523|Münsingen|P
72539|Pfronstetten|H
72793|Pfullingen|H
72783|Pfullingen|P
72784|Pfullingen|P
72785|Pfullingen|P
72786|Pfullingen|P
72787|Pfullingen|P
72124|Pliezhausen|H
72120|Pliezhausen|P
72121|Pliezhausen|P
72760|Reutlingen|H
72762|Reutlingen|N
72764|Reutlingen|N
72766|Reutlingen|N
72768|Reutlingen|N
72770|Reutlingen|N
72757|Reutlingen|G
72701|Reutlingen|P
72702|Reutlingen|P
72703|Reutlingen|P
72704|Reutlingen|P
72705|Reutlingen|P
72706|Reutlingen|P
72707|Reutlingen|P
72708|Reutlingen|P
72709|Reutlingen|P
72710|Reutlingen|P
72711|Reutlingen|P
72712|Reutlingen|P
72713|Reutlingen|P
72714|Reutlingen|P
72715|Reutlingen|P
72716|Reutlingen|P
72717|Reutlingen|P
72718|Reutlingen|P
72719|Reutlingen|P
72720|Reutlingen|P
72731|Reutlingen|P
72734|Reutlingen|P
72735|Reutlingen|P
72736|Reutlingen|P
72737|Reutlingen|P
72740|Reutlingen|P
72741|Reutlingen|P
72742|Reutlingen|P
72771|Reutlingen|P
72772|Reutlingen|P
72773|Reutlingen|P
72774|Reutlingen|P
72780|Reutlingen|G
72700|Reutlingen|G
72758|Reutlingen|G
72781|Reutlingen|G
72585|Riederich|H
72818|Trochtelfingen|H
72814|Trochtelfingen|P
72815|Trochtelfingen|P
72574|Bad Urach|H
72562|Bad Urach|P
72563|Bad Urach|P
72564|Bad Urach|P
72565|Bad Urach|P
72566|Bad Urach|P
72567|Bad Urach|P
72827|Wannweil|H
72821|Wannweil|P
72822|Wannweil|P
72823|Wannweil|P
88529|Zwiefalten|H
88529|Zwiefalten|P
72141|Walddorfhäslach|H
72587|Römerstein|H
72829|Engstingen|H
72829|Engstingen|P
72531|Hohenstein|H
72820|Sonnenbühl|H
72805|Lichtenstein|H
72801|Lichtenstein|P
72802|Lichtenstein|P
72813|St. Johann|H
72411|Bodelshausen|H
72407|Bodelshausen|P
72408|Bodelshausen|P
72135|Dettenhausen|H
72132|Dettenhausen|P
72133|Dettenhausen|P
72144|Dußlingen|H
72142|Dußlingen|P
72810|Gomaringen|H
72806|Gomaringen|P
72807|Gomaringen|P
72145|Hirrlingen|H
72138|Kirchentellinsfurt|H
72136|Kirchentellinsfurt|P
72127|Kusterdingen|H
72138|Im Hengstrain|H
72125|Kusterdingen|P
72126|Kusterdingen|P
72116|Mössingen|H
72109|Mössingen|P
72110|Mössingen|P
72111|Mössingen|P
72147|Nehren|H
72131|Ofterdingen|H
72128|Ofterdingen|P
72129|Ofterdingen|P
72108|Rottenburg|H
72105|Rottenburg|G
72070|Tübingen|H
72072|Tübingen|N
72074|Tübingen|N
72076|Tübingen|N
72001|Tübingen|P
72002|Tübingen|P
72003|Tübingen|P
72004|Tübingen|P
72005|Tübingen|P
72006|Tübingen|P
72007|Tübingen|P
72008|Tübingen|P
72009|Tübingen|P
72010|Tübingen|P
72011|Tübingen|P
72012|Tübingen|P
72013|Tübingen|P
72014|Tübingen|P
72015|Tübingen|P
72016|Tübingen|P
72017|Tübingen|P
72025|Tübingen|P
72026|Tübingen|P
72027|Tübingen|P
72028|Tübingen|P
72119|Ammerbuch|H
72070|Hohenentringen|H
72117|Ammerbuch|P
72149|Neustetten|H
72181|Starzach|H
72336|Balingen|H
72334|Balingen|G
72301|Balingen|P
72302|Balingen|P
72303|Balingen|P
72304|Balingen|P
72305|Balingen|P
72306|Balingen|P
72307|Balingen|P
72308|Balingen|P
72309|Balingen|P
72310|Balingen|P
72311|Balingen|P
72312|Balingen|P
72322|Balingen|P
72323|Balingen|P
72332|Balingen|G
72406|Bisingen|H
72402|Bisingen|P
72403|Bisingen|P
72379|Burg Hohenzollern|H
72475|Bitz|H
72475|Bitz|P
72393|Burladingen|H
72386|Burladingen|P
72387|Burladingen|P
72388|Burladingen|P
72356|Dautmergen|H
72358|Dormettingen|H
72359|Dotternhausen|H
72351|Geislingen|H
72349|Geislingen|P
72415|Grosselfingen|H
72415|Grosselfingen|P
72401|Haigerloch|H
72361|Hausen|H
72379|Hechingen|H
72417|Jungingen|H
72417|Jungingen|P
72469|Meßstetten|H
72362|Nusplingen|H
72362|Nusplingen|P
72364|Obernheim|H
72414|Rangendingen|H
72412|Rangendingen|P
72365|Ratshausen|H
72348|Rosenfeld|H
72355|Schömberg|H
72479|Straßberg|H
72458|Linderhof|H
72367|Weilen|H
72474|Winterlingen|H
72369|Zimmern|H
72458|Albstadt|H
72459|Albstadt|N
72461|Albstadt|N
72421|Albstadt|P
72422|Albstadt|P
72423|Albstadt|P
72424|Albstadt|P
72425|Albstadt|P
72426|Albstadt|P
72434|Albstadt|P
72435|Albstadt|P
72436|Albstadt|P
72437|Albstadt|P
72438|Albstadt|P
72439|Albstadt|P
72440|Albstadt|P
72427|Albstadt|P
72428|Albstadt|P
72429|Albstadt|P
89073|Ulm|H
89075|Ulm|N
89077|Ulm|N
89079|Ulm|N
89081|Seligweiler|H
89160|Himmelweiler|H
89068|Ulm|G
89069|Ulm|G
89070|Ulm|G
89001|Ulm|P
89002|Ulm|P
89003|Ulm|P
89004|Ulm|P
89005|Ulm|P
89006|Ulm|P
89007|Ulm|P
89008|Ulm|P
89009|Ulm|P
89010|Ulm|P
89011|Ulm|P
89012|Ulm|P
89013|Ulm|P
89014|Ulm|P
89015|Ulm|P
89016|Ulm|P
89017|Ulm|P
89018|Ulm|P
89019|Ulm|P
89020|Ulm|P
89021|Ulm|P
89022|Ulm|P
89023|Ulm|P
89024|Ulm|P
89025|Ulm|P
89026|Ulm|P
89027|Ulm|P
89028|Ulm|P
89029|Ulm|P
89030|Ulm|P
89031|Ulm|P
89032|Ulm|P
89033|Ulm|P
89081|Ulm|N
89085|Ulm|P
89090|Ulm|G
89100|Ulm|G
89065|Ulm|G
89210|Ulm|P
89215|Ulm|P
89206|Ulm|P
89207|Ulm|P
89203|Ulm|P
89209|Ulm|P
89216|Ulm|P
89212|Ulm|P
89204|Ulm|P
89211|Ulm|P
89205|Ulm|P
89214|Ulm|P
89202|Ulm|P
89213|Ulm|P
89229|Ulm|G
89201|Ulm|P
89208|Ulm|P
89604|Allmendingen|H
89605|Altheim|H
89174|Altheim|H
73340|Amstetten|H
73338|Amstetten|P
89176|Asselfingen|H
89177|Ballendorf|H
89179|Beimerstetten|H
89180|Berghülen|H
89143|Hinterer Hessenhof|H
89182|Bernstadt|H
89143|Blaubeuren|H
89177|Börslingen|H
89183|Breitingen|H
89165|Dietenheim|H
89161|Dietenheim|P
89162|Dietenheim|P
89160|Dornstadt|H
89156|Dornstadt|P
89584|Ehingen|H
89582|Ehingen|G
89571|Ehingen|P
89572|Ehingen|P
89573|Ehingen|P
89574|Ehingen|P
89575|Ehingen|P
88499|Emeringen|H
89607|Emerkingen|H
89155|Erbach|H
89151|Erbach|P
89152|Erbach|P
89608|Griesingen|H
89613|Grundsheim|H
89597|Hausen|H
89183|Holzkirch|H
89185|Hüttisheim|H
89186|Illerrieden|H
89150|Laichingen|H
89144|Laichingen|P
89145|Laichingen|P
89146|Laichingen|P
89129|Langenau|H
89122|Langenau|P
89584|Lauterach|H
89173|Lonsee|H
89188|Merklingen|H
89597|Munderkingen|H
89593|Munderkingen|P
89594|Munderkingen|P
89189|Neenstetten|H
89191|Nellingen|H
89129|Nerenstetten|H
89129|Wettingen|H
89610|Oberdischingen|H
89611|Obermarchtal|H
89613|Oberstadion|H
89129|Öllingen|H
89614|Öpfingen|H
89192|Rammingen|H
89611|Rechtenstein|H
89611|Brühlhof|H
89616|Rottenacker|H
89601|Schelklingen|H
89194|Schnürpflingen|H
89129|Setzingen|H
89617|Untermarchtal|H
89619|Unterstadion|H
89597|Unterwachingen|H
89197|Weidenstetten|H
72589|Westerheim|H
72589|Westerheim|P
89198|Westerstetten|H
89171|Illerkirchberg|H
89195|Staig|H
72535|Heroldstatt|H
88481|Balzheim|H
89165|Halbertshof|H
89134|Blaustein|H
89130|Blaustein|P
88480|Achstetten|H
88422|Alleshausen|H
88348|Allmannsweiler|H
88499|Altheim|H
88448|Attenweiler|H
88422|Bad Buchau|H
88417|Bad Buchau|P
88418|Bad Buchau|P
88419|Bad Buchau|P
88427|Bad Schussenried|H
88423|Bad Schussenried|P
88424|Bad Schussenried|P
88450|Berkheim|H
88422|Betzenweiler|H
88400|Biberach|H
88396|Biberach|G
88397|Biberach|G
88381|Biberach|P
88382|Biberach|P
88383|Biberach|P
88384|Biberach|P
88385|Biberach|P
88386|Biberach|P
88387|Biberach|P
88388|Biberach|P
88389|Biberach|P
88398|Biberach|G
88395|Biberach|G
88392|Biberach|G
88399|Biberach|G
88391|Biberach|P
88483|Burgrieden|H
88451|Dettingen|H
88525|Dürmentingen|H
88422|Dürnau|H
88436|Eberhardzell|H
88416|Erlenmoos|H
88453|Erolzheim|H
88521|Ertingen|H
88454|Hochdorf|H
88436|Venusberg|H
88456|Ingoldingen|H
88400|Birkhof|H
88422|Kanzach|H
88486|Kirchberg|H
88457|Kirchdorf|H
88515|Langenenslingen|H
88471|Laupheim|H
88437|Maselheim|H
88487|Mietingen|H
88441|Mittelbiberach|H
88422|Moosburg|H
88416|Ochsenhausen|H
88411|Ochsenhausen|P
88412|Ochsenhausen|P
88422|Oggelshausen|H
88400|Bahnstock|H
88499|Riedlingen|H
88498|Riedlingen|G
88491|Riedlingen|P
88492|Riedlingen|P
88493|Riedlingen|P
88430|Rot|H
88430|Emishalden|H
88477|Schwendi|H
88475|Schwendi|P
88422|Seekirch|H
88416|Steinhausen|H
88459|Tannheim|H
88422|Tiefenbach|H
88444|Ummendorf|H
88527|Unlingen|H
88524|Uttenweiler|H
88489|Wain|H
89165|Dürach|H
89165|Oberführbuch|H
89165|Unterführbuch|H
88447|Warthausen|H
88445|Warthausen|P
88400|Scholterhaus|H
88433|Schemmerhofen|H
88484|Gutenzell-Hürbel|H
88697|Bermatingen|H
88718|Daisendorf|H
88097|Eriskirch|H
88095|Eriskirch|P
88699|Frickingen|H
88045|Friedrichshafen|H
88046|Friedrichshafen|N
88048|Friedrichshafen|N
88038|Friedrichshafen|G
88039|Friedrichshafen|G
88040|Friedrichshafen|G
88041|Friedrichshafen|G
88001|Friedrichshafen|P
88002|Friedrichshafen|P
88003|Friedrichshafen|P
88004|Friedrichshafen|P
88005|Friedrichshafen|P
88006|Friedrichshafen|P
88007|Friedrichshafen|P
88008|Friedrichshafen|P
88009|Friedrichshafen|P
88010|Friedrichshafen|P
88011|Friedrichshafen|P
88012|Friedrichshafen|P
88013|Friedrichshafen|P
88014|Friedrichshafen|P
88015|Friedrichshafen|P
88025|Friedrichshafen|P
88026|Friedrichshafen|P
88043|Friedrichshafen|G
88709|Hagnau|H
88633|Heiligenberg|H
88090|Immenstaad|H
88079|Kressbronn|H
88085|Langenargen|H
88677|Markdorf|H
88669|Markdorf|P
88670|Markdorf|P
88671|Markdorf|P
88672|Markdorf|P
88074|Meckenbeuren|H
88070|Meckenbeuren|P
88071|Meckenbeuren|P
88709|Meersburg|H
88701|Meersburg|P
88702|Meersburg|P
88703|Meersburg|P
88704|Meersburg|P
88099|Neukirch|H
88094|Oberteuringen|H
88696|Owingen|H
88682|Salem|H
88678|Salem|P
88679|Salem|P
78354|Sipplingen|H
88719|Stetten|H
88069|Tettnang|H
88079|Reichen|H
88079|Wiesach|H
88060|Tettnang|P
88061|Tettnang|P
88062|Tettnang|P
88063|Tettnang|P
88064|Tettnang|P
88662|Überlingen|H
88660|Überlingen|G
88690|Uhldingen-Mühlhofen|H
88693|Deggenhausertal|H
88147|Achberg|H
88317|Aichstetten|H
88319|Aitrach|H
88361|Altshausen|H
88279|Amtzell|H
88277|Amtzell|P
88326|Aulendorf|H
88321|Aulendorf|P
88322|Aulendorf|P
88323|Aulendorf|P
88325|Aulendorf|G
88339|Bad Waldsee|H
88336|Bad Waldsee|G
88330|Bad Waldsee|P
88331|Bad Waldsee|P
88332|Bad Waldsee|P
88333|Bad Waldsee|P
88334|Bad Waldsee|P
88410|Bad Wurzach|H
88404|Bad Wurzach|P
88405|Bad Wurzach|P
88406|Bad Wurzach|P
88255|Baienfurt|H
88251|Baienfurt|P
88252|Baienfurt|P
88255|Baindt|H
88276|Berg|H
88368|Bergatreute|H
88285|Bodnegg|H
88361|Boms|H
88370|Ebenweiler|H
88361|Eichstegen|H
88373|Fleischwangen|H
88287|Grünkraut|H
88379|Guggenhausen|H
88373|Muttenhaus|H
88374|Hoßkirch|H
88316|Isny|H
88315|Isny|G
88305|Isny|P
88306|Isny|P
88307|Isny|P
88308|Isny|P
88309|Isny|P
88353|Kißlegg|H
88349|Kißlegg|P
88350|Kißlegg|P
88376|Königseggwald|H
88299|Leutkirch|H
88297|Leutkirch|G
88291|Leutkirch|P
88292|Leutkirch|P
88293|Leutkirch|P
88294|Leutkirch|P
88296|Leutkirch|P
88212|Ravensburg|H
88213|Ravensburg|N
88214|Ravensburg|N
88209|Ravensburg|G
88181|Ravensburg|P
88182|Ravensburg|P
88183|Ravensburg|P
88184|Ravensburg|P
88185|Ravensburg|P
88186|Ravensburg|P
88187|Ravensburg|P
88188|Ravensburg|P
88189|Ravensburg|P
88190|Ravensburg|P
88191|Ravensburg|P
88192|Ravensburg|P
88193|Ravensburg|P
88194|Ravensburg|P
88225|Ravensburg|G
88200|Ravensburg|G
88201|Ravensburg|P
88202|Ravensburg|P
88226|Ravensburg|G
88377|Riedhausen|H
88281|Schlier|H
88379|Unterwaldhausen|H
88267|Vogt|H
88289|Waldburg|H
88239|Wangen|H
88237|Wangen|G
88227|Wangen|P
88228|Wangen|P
88229|Wangen|P
88230|Wangen|P
88231|Wangen|P
88250|Weingarten|H
88248|Weingarten|G
88219|Weingarten|P
88216|Weingarten|P
88217|Weingarten|P
88271|Wilhelmsdorf|H
88268|Wilhelmsdorf|P
88269|Wilhelmsdorf|P
88364|Wolfegg|H
88362|Wolfegg|P
88284|Wolpertswende|H
88371|Ebersbach-Musbach|H
88260|Argenbühl|H
88263|Horgenzell|H
88273|Fronreute|H
88631|Beuron|H
72511|Bingen|H
72501|Gammertingen|H
88518|Herbertingen|H
88516|Herbertingen|P
72513|Hettingen|H
72419|Stollbeck|H
72501|Pistre|H
88367|Hohentengen|H
88636|Illmensee|H
72514|Inzigkofen|H
72505|Krauchenwies|H
72502|Krauchenwies|P
72503|Krauchenwies|P
88637|Leibertingen|H
88512|Mengen|H
88508|Mengen|P
88509|Mengen|P
88605|Meßkirch|H
88601|Meßkirch|P
88602|Meßkirch|P
72419|Neufra|H
88356|Ostrach|H
88354|Ostrach|P
88630|Pfullendorf|H
88629|Pfullendorf|G
88617|Pfullendorf|P
88618|Pfullendorf|P
88619|Pfullendorf|P
88620|Pfullendorf|P
88621|Pfullendorf|P
88622|Pfullendorf|P
88623|Pfullendorf|P
88348|Bad Saulgau|H
88340|Bad Saulgau|P
88341|Bad Saulgau|P
88342|Bad Saulgau|P
88343|Bad Saulgau|P
88344|Bad Saulgau|P
72516|Scheer|H
72477|Schwenningen|H
72488|Sigmaringen|H
72481|Sigmaringen|P
72482|Sigmaringen|P
72484|Sigmaringen|P
72485|Sigmaringen|P
72486|Sigmaringen|P
72517|Sigmaringendorf|H
72517|Sigmaringendorf|P
72510|Stetten|H
72506|Stetten|P
72507|Stetten|P
72519|Veringenstadt|H
88639|Wald|H
88605|Sauldorf|H
88634|Herdwangen-Schönach|H
85049|Ingolstadt|H
85051|Ingolstadt|H
85053|Ingolstadt|H
85055|Ingolstadt|H
85057|Ingolstadt|H
85045|Ingolstadt|G
85046|Ingolstadt|G
85001|Ingolstadt|P
85002|Ingolstadt|P
85003|Ingolstadt|P
85004|Ingolstadt|P
85005|Ingolstadt|P
85006|Ingolstadt|P
85007|Ingolstadt|P
85008|Ingolstadt|P
85009|Ingolstadt|P
85010|Ingolstadt|P
85016|Ingolstadt|P
85017|Ingolstadt|P
85018|Ingolstadt|P
85019|Ingolstadt|P
85020|Ingolstadt|P
85021|Ingolstadt|P
85022|Ingolstadt|P
85023|Ingolstadt|P
85024|Ingolstadt|P
85025|Ingolstadt|P
85040|Ingolstadt|P
85047|Ingolstadt|G
85037|Ingolstadt|G
80331|München|H
80333|München|H
80335|München|H
80336|München|H
80337|München|H
80339|München|H
80469|München|H
80538|München|H
80539|München|H
80634|München|H
80636|München|H
80637|München|H
80638|München|H
80639|München|H
80686|München|H
80687|München|H
80689|München|H
80796|München|H
80797|München|H
80798|München|H
80799|München|H
80801|München|H
80802|München|H
80803|München|H
80804|München|H
80805|München|H
80807|München|H
80809|München|H
80933|München|H
80935|München|H
80937|München|H
80939|München|H
80992|München|H
80993|München|H
80995|München|H
80997|München|H
80999|München|H
81243|München|H
81245|München|H
81249|München|H
81369|München|H
81371|München|H
81373|München|H
81375|München|H
81377|München|H
81379|München|H
81475|München|H
81476|München|H
81477|München|H
81479|München|H
81539|München|H
81541|München|H
81543|München|H
81545|München|H
81547|München|H
81549|München|H
81667|München|H
81669|München|H
81671|München|H
81673|München|H
81675|München|H
81677|München|H
81679|München|H
81735|München|H
81737|München|H
81739|München|H
81825|München|H
81827|München|H
81829|München|H
81925|München|H
81927|München|H
81929|München|H
80097|München|G
80222|München|G
80264|München|G
80266|München|G
80267|München|G
80268|München|G
80269|München|G
80270|München|G
80271|München|G
80273|München|G
80275|München|G
80276|München|G
80277|München|G
80278|München|G
80279|München|G
80280|München|G
80281|München|G
80282|München|G
80283|München|G
80284|München|G
80285|München|G
80287|München|G
80289|München|G
80290|München|G
80291|München|G
80292|München|G
80294|München|G
80295|München|G
80297|München|G
80298|München|G
80300|München|G
80301|München|G
80302|München|G
80303|München|G
80304|München|G
80306|München|G
80308|München|G
80309|München|G
80311|München|G
80313|München|G
80315|München|G
80316|München|G
80317|München|G
80318|München|G
80323|München|G
80324|München|G
80326|München|G
80327|München|G
80328|München|G
80524|München|G
80525|München|G
80530|München|G
80534|München|G
80535|München|G
80632|München|G
80684|München|G
80788|München|G
80789|München|G
80790|München|G
80791|München|G
80792|München|G
80794|München|G
80931|München|G
80991|München|G
81236|München|G
81237|München|G
81238|München|G
81360|München|G
81362|München|G
81364|München|G
81366|München|G
81535|München|G
81536|München|G
81663|München|G
81664|München|G
81728|München|G
81729|München|G
81731|München|G
81732|München|G
81922|München|G
80001|München|P
80002|München|P
80003|München|P
80004|München|P
80005|München|P
80006|München|P
80007|München|P
80008|München|P
80009|München|P
80010|München|P
80011|München|P
80012|München|P
80013|München|P
80014|München|P
80015|München|P
80016|München|P
80017|München|P
80018|München|P
80019|München|P
80020|München|P
80021|München|P
80030|München|P
80031|München|P
80032|München|P
80033|München|P
80034|München|P
80035|München|P
80036|München|P
80037|München|P
80042|München|P
80043|München|P
80044|München|P
80045|München|P
80046|München|P
80047|München|P
80048|München|P
80049|München|P
80050|München|P
80051|München|P
80052|München|P
80058|München|P
80059|München|P
80061|München|P
80062|München|P
80063|München|P
80064|München|P
80065|München|P
80066|München|P
80067|München|P
80068|München|P
80069|München|P
80075|München|P
80076|München|P
80077|München|P
80078|München|P
80079|München|P
80080|München|P
80081|München|P
80082|München|P
80083|München|P
80084|München|P
80085|München|P
80086|München|P
80087|München|P
80088|München|P
80089|München|P
80098|München|P
80099|München|P
80100|München|P
80451|München|P
80452|München|P
80453|München|P
80454|München|P
80455|München|P
80456|München|P
80501|München|P
80502|München|P
80503|München|P
80504|München|P
80505|München|P
80506|München|P
80601|München|P
80602|München|P
80603|München|P
80604|München|P
80605|München|P
80606|München|P
80607|München|P
80608|München|P
80609|München|P
80614|München|P
80615|München|P
80671|München|P
80672|München|P
80673|München|P
80674|München|P
80675|München|P
80701|München|P
80702|München|P
80703|München|P
80704|München|P
80705|München|P
80706|München|P
80707|München|P
80708|München|P
80709|München|P
80710|München|P
80711|München|P
80712|München|P
80713|München|P
80714|München|P
80715|München|P
80716|München|P
80717|München|P
80718|München|P
80719|München|P
80720|München|P
80750|München|P
80751|München|P
80752|München|P
80753|München|P
80901|München|P
80902|München|P
80903|München|P
80904|München|P
80905|München|P
80906|München|P
80910|München|P
80911|München|P
80912|München|P
80913|München|P
80914|München|P
80915|München|P
80916|München|P
80971|München|P
80972|München|P
80973|München|P
80974|München|P
80975|München|P
80976|München|P
81201|München|P
81202|München|P
81203|München|P
81204|München|P
81205|München|P
81206|München|P
81207|München|P
81208|München|P
81213|München|P
81214|München|P
81215|München|P
81218|München|P
81219|München|P
81220|München|P
81301|München|P
81302|München|P
81303|München|P
81304|München|P
81305|München|P
81306|München|P
81307|München|P
81308|München|P
81309|München|P
81310|München|P
81311|München|P
81312|München|P
81313|München|P
81314|München|P
81315|München|P
81316|München|P
81317|München|P
81318|München|P
81319|München|P
81320|München|P
81331|München|P
81332|München|P
81333|München|P
81334|München|P
81335|München|P
81336|München|P
81337|München|P
81338|München|P
81339|München|P
81451|München|P
81452|München|P
81453|München|P
81454|München|P
81455|München|P
81456|München|P
81457|München|P
81458|München|P
81459|München|P
81460|München|P
81501|München|P
81502|München|P
81503|München|P
81504|München|P
81505|München|P
81506|München|P
81507|München|P
81508|München|P
81509|München|P
81510|München|P
81511|München|P
81517|München|P
81518|München|P
81519|München|P
81520|München|P
81601|München|P
81602|München|P
81603|München|P
81604|München|P
81605|München|P
81606|München|P
81607|München|P
81608|München|P
81609|München|P
81610|München|P
81611|München|P
81612|München|P
81613|München|P
81614|München|P
81615|München|P
81616|München|P
81617|München|P
81618|München|P
81619|München|P
81620|München|P
81628|München|P
81629|München|P
81630|München|P
81631|München|P
81632|München|P
81633|München|P
81634|München|P
81635|München|P
81701|München|P
81702|München|P
81703|München|P
81704|München|P
81705|München|P
81706|München|P
81707|München|P
81708|München|P
81709|München|P
81710|München|P
81801|München|P
81802|München|P
81803|München|P
81804|München|P
81805|München|P
81806|München|P
81807|München|P
81901|München|P
81902|München|P
81903|München|P
81904|München|P
81905|München|P
81906|München|P
81907|München|P
81908|München|P
81909|München|P
81910|München|P
80321|München|G
81921|München|G
81727|München|G
81733|München|G
81823|München|G
81989|München|G
81999|München|G
80319|München|G
80676|München|P
81241|München|H
81247|München|H
80683|München|G
80977|München|P
80784|München|G
81997|München|G
80102|München|P
80103|München|P
80104|München|P
80105|München|P
80260|München|G
80754|München|P
81660|München|G
80700|München|G
80221|München|G
80466|München|G
81987|München|G
80101|München|P
81550|München|G
81662|München|G
80320|München|G
80310|München|G
80682|München|G
81666|München|G
80227|München|G
80249|München|G
80920|München|G
81531|München|G
81820|München|G
80228|München|G
81918|München|G
80253|München|G
81659|München|G
81911|München|G
81914|München|G
81915|München|G
81916|München|G
81917|München|G
80786|München|G
81716|München|G
80272|München|G
80258|München|G
81714|München|G
81715|München|G
81713|München|G
81658|München|G
81248|München|H
81718|München|G
81534|München|G
81363|München|G
81365|München|G
81532|München|G
81355|München|G
81356|München|G
81359|München|G
81655|München|G
80286|München|G
81350|München|G
81354|München|G
80322|München|G
80246|München|G
81627|München|G
80200|München|G
80329|München|G
81537|München|G
81919|München|G
81920|München|G
80263|München|G
81357|München|G
81358|München|G
80261|München|G
80721|München|P
80722|München|P
80314|München|G
81665|München|G
85540|München|H
81726|München|G
81988|München|G
80217|München|G
80250|München|G
81533|München|G
80340|München|G
81995|München|G
80325|München|G
81725|München|G
80240|München|G
81723|München|G
80251|München|G
81340|München|G
80787|München|G
80218|München|G
80219|München|G
80259|München|G
81367|München|G
83022|Rosenheim|H
83024|Rosenheim|H
83026|Rosenheim|H
83001|Rosenheim|P
83002|Rosenheim|P
83003|Rosenheim|P
83004|Rosenheim|P
83005|Rosenheim|P
83006|Rosenheim|P
83007|Rosenheim|P
83008|Rosenheim|P
83011|Rosenheim|P
83012|Rosenheim|P
83013|Rosenheim|P
83027|Rosenheim|P
83028|Rosenheim|P
83034|Rosenheim|G
83019|Rosenheim|G
83014|Rosenheim|P
83018|Rosenheim|G
84503|Altötting|H
84495|Altötting|P
84496|Altötting|P
84497|Altötting|P
84498|Altötting|P
84489|Burghausen|H
84479|Burghausen|P
84480|Burghausen|P
84481|Burghausen|P
84482|Burghausen|P
84483|Burghausen|P
84484|Burghausen|P
84508|Burgkirchen|H
84504|Burgkirchen|P
84505|Burgkirchen|P
84547|Emmerting|H
84567|Erlbach|H
84550|Feichten|H
84518|Garching|H
84514|Garching|P
84515|Garching|P
84533|Haiming|H
84553|Halsbach|H
84556|Kastl|H
84558|Kirchweidach|H
84533|Marktl|H
84561|Mehring|H
84524|Neuötting|H
84519|Neuötting|P
84520|Neuötting|P
84521|Neuötting|P
84567|Perach|H
84568|Pleiskirchen|H
84571|Reischach|H
84533|Stammham|H
84576|Teising|H
84503|Holzhauser Eck|H
84513|Töging|H
84509|Töging|P
84510|Töging|P
84577|Tüßling|H
84577|Tüßling|P
84558|Tyrlaching|H
84579|Unterneukirchen|H
84543|Winhöring|H
83404|Ainring|H
83454|Anger|H
83435|Bad Reichenhall|H
83457|Bayerisch Gmain|H
83455|Bayerisch Gmain|P
83471|Berchtesgaden|H
83471|Purtschellerhaus|H
83461|Berchtesgaden|P
83462|Berchtesgaden|P
83463|Berchtesgaden|P
83464|Berchtesgaden|P
83465|Berchtesgaden|P
83483|Bischofswiesen|H
83395|Freilassing|H
83381|Freilassing|P
83382|Freilassing|P
83383|Freilassing|P
83384|Freilassing|P
83385|Freilassing|P
83386|Freilassing|P
83387|Freilassing|P
83388|Freilassing|P
83393|Freilassing|G
83400|Freilassing|G
83394|Freilassing|G
83410|Laufen|H
83405|Laufen|P
83406|Laufen|P
83407|Laufen|P
83487|Marktschellenberg|H
83471|Stöhrhaus|H
83451|Piding|H
83448|Piding|P
83449|Piding|P
83486|Ramsau|H
83486|Blaueishütte|H
83486|Watzmannhaus|H
83486|Wimbachgrieshütte|H
83486|Wimbachschloß|H
83416|Saaldorf-Surheim|H
83416|Saaldorf-Surheim|P
83458|Schneizlreuth|H
83471|Schönau|H
83471|Kärlingerhaus|H
83317|Teisendorf|H
83364|Adligstadt|H
83364|Atzlbach|H
83364|Au|H
83364|Bach|H
83364|Fuchssteig|H
83364|Gierstling|H
83364|Graben|H
83364|Grabenhäusl|H
83364|Grub|H
83364|Gschwend|H
83364|Hörbering|H
83364|Hinterleiten|H
83364|Hinterloh|H
83364|Hochhorn|H
83364|Kendl|H
83364|Krainwinkl|H
83364|Loch|H
83364|Mauerreuten|H
83364|Mitterleiten|H
83364|Mitterstatt|H
83364|Mühlpoint|H
83364|Neukirchen a.Teisenberg|H
83364|Oberachthal|H
83364|Oberreut|H
83364|Point|H
83364|Rainer|H
83364|Roll|H
83364|Schnaidt|H
83364|Schwammgraben|H
83364|Schwarzenberg|H
83364|Schütz|H
83364|Spittenreut|H
83364|Sprung|H
83364|Stadl|H
83364|Strußberg|H
83364|Vorderleiten|H
83364|Vorderloh|H
83364|Wald|H
83364|Wetzelsberg|H
83364|Wildberg|H
83314|Teisendorf|P
83315|Teisendorf|P
83364|Weitwies|H
83670|Bad Heilbrunn|H
83667|Bad Heilbrunn|P
83668|Bad Heilbrunn|P
83646|Bad Tölz|H
83631|Bad Tölz|P
83632|Bad Tölz|P
83633|Bad Tölz|P
83634|Bad Tölz|P
83635|Bad Tölz|P
83636|Bad Tölz|P
83637|Bad Tölz|P
83671|Benediktbeuern|H
83671|Benediktbeuern|P
83673|Bichl|H
83623|Dietramszell|H
82544|Egling|H
82547|Eurasburg|H
83674|Gaißach|H
82538|Geretsried|H
82532|Geretsried|P
82533|Geretsried|P
82534|Geretsried|P
83677|Greiling|H
83677|Greiling|P
82057|Icking|H
83676|Jachenau|H
82431|Kochel|H
82432|Herzogstand|H
82432|Urfeld|H
82432|Walchensee|H
82432|Zwergern|H
82549|Königsdorf|H
83661|Lenggries|H
82541|Münsing|H
83677|Reichersbeuern|H
83677|Reichersbeuern|P
83679|Sachsenkam|H
82444|Schlehdorf|H
82439|Kreut|H
83646|Wackersberg|H
82515|Wolfratshausen|H
82501|Wolfratshausen|P
82502|Wolfratshausen|P
82503|Wolfratshausen|P
82504|Wolfratshausen|P
82505|Wolfratshausen|P
82506|Wolfratshausen|P
82510|Wolfratshausen|P
82507|Wolfratshausen|P
85250|Altomünster|H
85232|Bergkirchen|H
85230|Bergkirchen|P
85217|Bergkirchen|G
85221|Dachau|H
85219|Dachau|G
85201|Dachau|P
85202|Dachau|P
85203|Dachau|P
85204|Dachau|P
85205|Dachau|P
85206|Dachau|P
85207|Dachau|P
85208|Dachau|P
85209|Dachau|P
85210|Dachau|P
85253|Erdweg|H
85251|Erdweg|P
85778|Haimhausen|H
85778|Haimhausen|P
85241|Hebertshausen|H
85764|Hackermoos|H
85757|Karlsfeld|H
85749|Karlsfeld|P
85750|Karlsfeld|P
85751|Karlsfeld|P
85752|Karlsfeld|P
85229|Markt Indersdorf|H
85227|Markt Indersdorf|P
85235|Odelzhausen|H
85238|Petershausen|H
85235|Pfaffenhofen|H
85244|Röhrmoos|H
85247|Schwabhausen|H
85254|Sulzemoos|H
85254|Einsbach|H
85259|Wiedenzhausen|H
86567|Hilgertshausen-Tandern|H
85256|Vierkirchen|H
85258|Weichs|H
85258|Weichs|P
85646|Anzing|H
85570|Köppelmühle|H
85644|Anzing|P
85617|Aßling|H
85615|Aßling|P
85625|Baiern|H
85567|Bruck|H
85560|Ebersberg|H
85552|Ebersberg|P
85553|Ebersberg|P
85554|Ebersberg|P
85555|Ebersberg|P
85658|Egmating|H
85661|Forstinning|H
85661|Forstinning|P
83553|Frauenneuharting|H
85625|Glonn|H
85623|Glonn|P
85567|Grafing|H
85664|Hohenlinden|H
85614|Kirchseeon|H
85610|Kirchseeon|P
85611|Kirchseeon|P
85570|Markt Schwaben|H
85568|Markt Schwaben|P
85665|Moosach|H
85667|Oberpframmern|H
85591|Vaterstetten|H
85598|Baldham|H
85599|Hergolding|H
85599|Parsdorf|H
85622|Weißenfeld|H
85646|Neufarn|H
85646|Purfing|H
85587|Vaterstetten|P
85588|Vaterstetten|P
85652|Pliening|H
85650|Pliening|P
85586|Poing|H
85580|Poing|P
85581|Poing|P
85582|Poing|P
83550|Emmering|H
85643|Steinhöring|H
85641|Steinhöring|P
85604|Zorneding|H
85111|Adelschlag|H
93336|Altmannstein|H
92339|Beilngries|H
92345|Pfenninghof|H
92335|Beilngries|P
92336|Beilngries|P
85113|Böhmfeld|H
85114|Buxheim|H
85095|Denkendorf|H
91795|Dollnstein|H
91795|Dollnstein|P
85116|Egweil|H
85072|Eichstätt|H
85071|Eichstätt|G
85065|Eichstätt|P
85066|Eichstätt|P
85067|Eichstätt|P
85117|Eitensheim|H
85080|Gaimersheim|H
85098|Großmehring|H
85096|Großmehring|P
85120|Hepberg|H
85122|Hitzhofen|H
85125|Kinding|H
85110|Kipfenberg|H
85108|Kipfenberg|P
85092|Kösching|H
85089|Kösching|P
85101|Lenting|H
85099|Lenting|P
93349|Mindelstetten|H
91804|Mörnsheim|H
91807|Lichtenberg|H
91807|Maxberg|H
85128|Nassenfels|H
85129|Oberdolling|H
85104|Pförring|H
85131|Pollenfeld|H
85132|Schernfeld|H
85072|Harthof|H
85134|Stammham|H
85092|Köschinger Waldhaus|H
85135|Titting|H
85137|Walting|H
91809|Wellheim|H
85139|Wettstetten|H
85459|Berglern|H
85461|Bockhorn|H
85656|Buch|H
85669|Ödenbach|H
84405|Dorfen|H
84428|Bachzelten|H
84401|Dorfen|P
84402|Dorfen|P
84403|Dorfen|P
84428|Bachzelten|P
85462|Eitting|H
85435|Erding|H
85421|Erding|P
85422|Erding|P
85423|Erding|P
85424|Erding|P
85425|Erding|P
85426|Erding|P
85436|Erding|G
85464|Finsing|H
85659|Forstern|H
85447|Fraunberg|H
84432|Hohenpolding|H
84416|Inning|H
84424|Isen|H
84420|Isen|P
84421|Isen|P
84434|Kirchberg|H
85465|Langenpreising|H
84435|Lengdorf|H
85452|Moosinning|H
85467|Neuching|H
85445|Oberding|H
85356|München-Flughafen|H
85570|Ottenhofen|H
85669|Pastetten|H
84427|Sankt Wolfgang|H
84419|Birnbach|H
84425|Sankt Wolfgang|P
84439|Steinkirchen|H
84416|Taufkirchen|H
84412|Taufkirchen|P
84413|Taufkirchen|P
85469|Walpertskirchen|H
85456|Wartenberg|H
85447|Weg|H
85457|Wörth|H
85391|Allershausen|H
85395|Attenkirchen|H
84072|Au|H
85386|Eching|H
85385|Eching|G
85378|Eching|P
85379|Eching|P
85380|Eching|P
84104|Rudelzhausen|H
85777|Fahrenzhausen|H
85775|Fahrenzhausen|P
85354|Freising|H
85356|Freising|H
85356|München-Flughafen|H
85350|Freising|G
85311|Freising|P
85312|Freising|P
85313|Freising|P
85314|Freising|P
85315|Freising|P
85316|Freising|P
85317|Freising|P
85318|Freising|P
85319|Freising|P
85324|München-Flughafen|P
85325|München-Flughafen|P
85326|München-Flughafen|P
85327|München-Flughafen|P
85328|München-Flughafen|P
85329|München-Flughafen|P
85333|München-Flughafen|P
85334|München-Flughafen|P
85335|München-Flughafen|P
85336|München-Flughafen|P
85359|Freising|G
85330|München-Flughafen|P
85500|Freising|G
85340|München-Flughafen|G
85322|Freising|G
85811|München-Flughafen|G
85812|München-Flughafen|G
85813|München-Flughafen|G
85814|München-Flughafen|G
85815|München-Flughafen|G
85816|München-Flughafen|G
85817|München-Flughafen|G
85818|München-Flughafen|G
85819|München-Flughafen|G
85820|München-Flughafen|G
85821|München-Flughafen|G
85408|Gammelsdorf|H
85410|Haag|H
85406|Wälschbuch|H
85399|Hallbergmoos|H
85737|Zwillingshof|H
85396|Hallbergmoos|P
85356|München-Flughafen|H
85397|Hallbergmoos|P
85413|Hörgertshausen|H
85411|Hohenkammer|H
85414|Kirchdorf|H
85402|Kranzberg|H
85416|Langenbach|H
85417|Marzling|H
85419|Mauern|H
85368|Moosburg|H
85366|Moosburg|G
85360|Moosburg|P
85361|Moosburg|P
85362|Moosburg|P
85405|Nandlstadt|H
85395|Oberholzhäuseln|H
85375|Neufahrn|H
85376|Giggenhausen|H
85376|Hetzenhausen|H
85376|Massenhausen|H
85376|Moosmühle|H
85376|Schaidenhausen|H
85369|Neufahrn|P
85370|Neufahrn|P
85371|Neufahrn|P
85372|Neufahrn|P
85374|Neufahrn|G
85307|Paunzhausen|H
85368|Wang|H
85395|Wolfersdorf|H
85406|Zolling|H
82276|Adelshofen|H
82239|Alling|H
82278|Althegnenberg|H
82281|Egenhofen|H
82223|Eichenau|H
82217|Eichenau|P
82218|Eichenau|P
82219|Eichenau|P
82275|Emmering|H
82223|Roggenstein|H
82256|Fürstenfeldbruck|H
82241|Fürstenfeldbruck|P
82242|Fürstenfeldbruck|P
82243|Fürstenfeldbruck|P
82244|Fürstenfeldbruck|P
82245|Fürstenfeldbruck|P
82246|Fürstenfeldbruck|P
82247|Fürstenfeldbruck|P
82254|Fürstenfeldbruck|G
82175|Fürstenfeldbruck|G
82110|Germering|H
82101|Germering|P
82102|Germering|P
82103|Germering|P
82104|Germering|P
82300|Germering|G
82322|Germering|G
80400|Germering|G
81057|Germering|G
82284|Grafrath|H
82284|Grafrath|P
82194|Gröbenzell|H
82179|Gröbenzell|P
82180|Gröbenzell|P
82181|Gröbenzell|P
82182|Gröbenzell|P
82183|Gröbenzell|P
82184|Gröbenzell|P
82185|Gröbenzell|P
82285|Hattenhofen|H
82287|Jesenwang|H
82288|Kottgeisering|H
82290|Landsberied|H
82216|Maisach|H
82212|Maisach|P
82213|Maisach|P
82291|Mammendorf|H
82293|Mittelstetten|H
82272|Moorenweis|H
82270|Moorenweis|P
82294|Oberschweinbach|H
82140|Olching|H
82133|Olching|P
82134|Olching|P
82135|Olching|P
82178|Puchheim|H
82296|Schöngeising|H
82299|Türkenfeld|H
82433|Bad Kohlgrub|H
82435|Bad Bayersoien|H
82438|Eschenlohe|H
82488|Ettal|H
82490|Farchant|H
82490|Farchant|P
82467|Garmisch-Partenkirchen|H
82475|Schneefernerhaus|H
82451|Garmisch-Partenkirchen|P
82452|Garmisch-Partenkirchen|P
82453|Garmisch-Partenkirchen|P
82454|Garmisch-Partenkirchen|P
82455|Garmisch-Partenkirchen|P
82456|Garmisch-Partenkirchen|P
82457|Garmisch-Partenkirchen|P
82458|Garmisch-Partenkirchen|P
82459|Garmisch-Partenkirchen|P
82460|Garmisch-Partenkirchen|P
82491|Grainau|H
82439|Großweil|H
82494|Krün|H
82467|Plattele|H
82493|Elmau|H
82493|Gerold|H
82493|Klais|H
82493|Kranzbach|H
82481|Mittenwald|H
82477|Mittenwald|P
82478|Mittenwald|P
82418|Murnau|H
82411|Murnau|P
82412|Murnau|P
82413|Murnau|P
82414|Murnau|P
82487|Oberammergau|H
82482|Oberammergau|P
82483|Oberammergau|P
82484|Oberammergau|P
82496|Oberau|H
82441|Ohlstadt|H
82441|Ohlstadt|P
82418|Riegsee|H
82442|Saulgrub|H
82445|Schwaigen|H
82418|Seehausen|H
82447|Spatzenhausen|H
82418|Hofheim|H
82449|Uffing|H
82497|Unterammergau|H
82499|Wallgau|H
82432|Obernach|H
82499|Wallgau|P
86974|Apfeldorf|H
86920|Denklingen|H
86911|Dießen|H
82279|Eching|H
86492|Egling|H
86922|Eresing|H
86926|Algertshausen|H
86926|Pflaumdorf|H
86941|St. Ottilien|H
86923|Finning|H
86925|Fuchstal|H
82269|Geltendorf|H
86926|Greifenberg|H
86928|Hofstetten|H
86857|Hurlach|H
86859|Igling|H
86916|Kaufering|H
86912|Kaufering|P
86913|Kaufering|P
86915|Kaufering|G
86981|Kinsau|H
86899|Landsberg|H
86895|Landsberg|G
86896|Landsberg|G
86881|Landsberg|P
86882|Landsberg|P
86883|Landsberg|P
86884|Landsberg|P
86885|Landsberg|P
86886|Landsberg|P
86887|Landsberg|P
86932|Thalhofen|H
86890|Landsberg|P
86891|Landsberg|P
86892|Landsberg|P
86894|Landsberg|G
86836|Obermeitingen|H
86929|Penzing|H
86946|Vilgertshofen|H
86931|Prittriching|H
86934|Reichling|H
86935|Rott|H
86937|Scheuring|H
86938|Schondorf|H
86940|Schwifting|H
86932|Pürgen|H
86943|Thaining|H
86944|Unterdießen|H
86919|Utting|H
86917|Utting|P
86947|Weil|H
86949|Windach|H
83707|Bad Wiessee|H
83704|Bad Wiessee|P
83705|Bad Wiessee|P
83735|Bayrischzell|H
83727|Rotwandhaus|H
83730|Fischbachau|H
83703|Gmund|H
83701|Gmund|P
83734|Hausham|H
83731|Hausham|P
83732|Hausham|P
83607|Holzkirchen|H
83601|Holzkirchen|P
83602|Holzkirchen|P
83603|Holzkirchen|P
83604|Holzkirchen|P
83737|Irschenberg|H
83708|Kreuth|H
83700|Oberhof|H
83700|Reitrain|H
83707|Ringsee|H
83700|Weißach|H
83708|Kreuth|P
83714|Miesbach|H
83711|Miesbach|P
83712|Miesbach|P
83713|Miesbach|P
83624|Otterfing|H
83624|Otterfing|P
83700|Rottach-Egern|H
83727|Schliersee|H
83722|Schliersee|P
83724|Schliersee|P
83684|Tegernsee|H
83681|Tegernsee|P
83682|Tegernsee|P
83626|Valley|H
83666|Waakirchen|H
83627|Warngau|H
83629|Weyarn|H
83626|Grabenstoffl|H
84539|Ampfing|H
84534|Ampfing|P
84535|Ampfing|P
84536|Ampfing|P
84544|Aschau|H
84544|Aschau|P
84428|Buchbach|H
84428|Buchbach|P
84546|Egglkofen|H
84513|Erharting|H
83536|Gars|H
83546|Au|H
83546|Berg|H
83546|Biburg|H
83546|Dornhecken|H
83546|Elbrechting|H
83546|Ensdorf|H
83546|Frimberg|H
83546|Gaisberg|H
83546|Gerer|H
83546|Höllthal|H
83546|Hopfgarten|H
83546|Kronberg|H
83546|Obereinöd|H
83546|Reisleite|H
83546|Sattlthambach|H
83546|Schachen|H
83546|Stampfl|H
83546|Steinau|H
83546|Tiefenweg|H
83546|Trescherberg|H
83546|Untereinöd|H
83546|Untermödling|H
83546|Wörth|H
83546|Weingarten|H
83546|Winterberg|H
83555|Gars Bahnhof|H
83555|Haiden|H
83555|Hochstraß|H
83555|Mailham|H
83555|Thal|H
83559|Heuwinkl|H
83559|Krücklham|H
83559|Lohen|H
83559|Mittergars|H
83559|Reiser|H
83527|Haag|H
83523|Haag|P
83524|Haag|P
83525|Haag|P
84431|Heldenstein|H
84555|Jettenbach|H
83527|Kirchdorf|H
84559|Kraiburg|H
84559|Kraiburg|P
84494|Lohkirchen|H
83558|Maitenbeth|H
84562|Mettenheim|H
84453|Mühldorf|H
84441|Mühldorf|P
84442|Mühldorf|P
84444|Mühldorf|P
84445|Mühldorf|P
84446|Mühldorf|P
84447|Mühldorf|P
84494|Neumarkt-Sankt Veit|H
84494|Niederbergkirchen|H
84494|Niedertaufkirchen|H
84564|Oberbergkirchen|H
84565|Oberneukirchen|H
84419|Obertaufkirchen|H
84570|Polling|H
84431|Rattenkirchen|H
83562|Rechtmehring|H
84437|Reichertsheim|H
84573|Schönberg|H
84419|Schwindegg|H
84417|Schwindegg|P
84574|Taufkirchen|H
83567|Unterreit|H
84478|Waldkraiburg|H
84464|Waldkraiburg|P
84465|Waldkraiburg|P
84466|Waldkraiburg|P
84467|Waldkraiburg|P
84468|Waldkraiburg|P
84469|Waldkraiburg|P
84470|Waldkraiburg|P
84471|Waldkraiburg|P
84472|Waldkraiburg|P
84539|Zangberg|H
85609|Aschheim|H
85605|Aschheim|P
85606|Aschheim|P
85608|Aschheim|G
82065|Baierbrunn|H
82065|Baierbrunn|P
85649|Brunnthal|H
85647|Brunnthal|P
85622|Feldkirchen|H
85618|Feldkirchen|P
85619|Feldkirchen|P
85748|Garching|H
85747|Garching|G
85738|Garching|P
85739|Garching|P
85740|Garching|P
85741|Garching|P
85742|Garching|P
85743|Garching|P
85746|Garching|G
82166|Gräfelfing|H
85630|Grasbrunn|H
85626|Grasbrunn|P
85627|Grasbrunn|P
82031|Grünwald|H
85540|Haar|H
85529|Haar|P
85530|Haar|P
85531|Haar|P
85635|Höhenkirchen-Siegertbrn|H
85631|Höhenkirchen-Siegertbrn|P
85632|Höhenkirchen-Siegertbrn|P
85662|Hohenbrunn|H
85521|Riemerling|H
85663|Hohenbrunn|P
85501|Riemerling|P
85502|Riemerling|P
85503|Riemerling|P
85504|Riemerling|P
85505|Riemerling|P
85506|Riemerling|P
85737|Ismaning|H
85736|Ismaning|G
85729|Ismaning|P
85730|Ismaning|P
85731|Ismaning|P
85732|Ismaning|P
85733|Ismaning|P
85551|Kirchheim|H
82061|Neuried|H
82131|Kasten|H
82041|Oberhaching|H
82041|Ödenpullach|H
82041|Deisenhofen|H
82041|Furth|H
82041|Gerblinghausen|H
82041|Kreuzpullach|H
82041|Laufzorn|H
82041|Oberbiberg|H
82064|Jettenhausen|H
82032|Deisenhofen|P
82033|Deisenhofen|P
82034|Deisenhofen|P
82035|Deisenhofen|P
82036|Deisenhofen|P
82038|Oberhaching|G
82030|Oberhaching|G
82039|Oberhaching|G
82047|Oberhaching|G
85764|Oberschleißheim|H
85758|Oberschleißheim|P
85759|Oberschleißheim|P
85761|Oberschleißheim|G
85521|Ottobrunn|H
85509|Ottobrunn|P
85510|Ottobrunn|P
85511|Ottobrunn|P
85653|Aying|H
82152|Planegg|H
82141|Planegg|P
82142|Planegg|P
82143|Planegg|P
82144|Planegg|P
82145|Planegg|P
82049|Pullach|H
85640|Putzbrunn|H
85639|Putzbrunn|G
82054|Sauerlach|H
82069|Schäftlarn|H
82067|Ebenhausen|H
82067|Kloster Schäftlarn|H
82067|Zell|H
82069|Hohenschäftlarn|H
82064|Straßlach-Dingharting|H
82024|Taufkirchen|H
82018|Taufkirchen|P
82019|Taufkirchen|P
82020|Taufkirchen|P
85579|Neubiberg|H
85577|Neubiberg|G
85571|Neubiberg|P
85572|Neubiberg|P
85573|Neubiberg|P
85774|Unterföhring|H
85772|Unterföhring|G
85773|Unterföhring|G
85765|Unterföhring|P
85766|Unterföhring|P
85767|Unterföhring|P
85769|Unterföhring|G
85770|Unterföhring|G
82008|Unterhaching|H
82001|Unterhaching|P
82002|Unterhaching|P
82004|Unterhaching|P
85716|Unterschleißheim|H
85711|Unterschleißheim|G
85701|Unterschleißheim|P
85702|Unterschleißheim|P
85703|Unterschleißheim|P
85704|Unterschleißheim|P
85705|Unterschleißheim|P
85706|Unterschleißheim|P
85762|Unterschleißheim|G
86561|Aresing|H
86562|Berg im Gau|H
86673|Bergheim|H
86564|Brunnen|H
86666|Burgheim|H
86676|Ehekirchen|H
86565|Gachenbach|H
86668|Karlshuld|H
85123|Karlskron|H
86571|Langenmosen|H
86633|Neuburg|H
86697|Oberhausen|H
86643|Rennertshofen|H
86701|Rohrenfels|H
86529|Schrobenhausen|H
86521|Schrobenhausen|P
86522|Schrobenhausen|P
86523|Schrobenhausen|P
86524|Schrobenhausen|P
86669|Königsmoos|H
86579|Waidhofen|H
86706|Weichering|H
85107|Baar-Ebenhausen|H
85105|Baar-Ebenhausen|P
85119|Ernsgaden|H
85290|Geisenfeld|H
85284|Geisenfeld|P
85285|Geisenfeld|P
85286|Geisenfeld|P
85302|Gerolsbach|H
85276|Hettenshausen|H
85276|Feldmühle|H
85276|Jahnhöhe|H
85276|Posthof|H
85276|Reisgang|H
85276|Washof|H
85276|Webling|H
85304|Ehrensberg|H
85304|Harres|H
85304|Leiten|H
85304|Prambach|H
85304|Schaibmaierhof|H
85304|Winden|H
85307|Entrischenbrunn|H
85307|Streitberg|H
86558|Hohenwart|H
85304|Ilmmünster|H
85305|Jetzendorf|H
85077|Manching|H
85073|Manching|P
85074|Manching|P
85126|Münchsmünster|H
85276|Pfaffenhofen|H
85273|Pfaffenhofen|G
85261|Pfaffenhofen|P
85262|Pfaffenhofen|P
85263|Pfaffenhofen|P
85264|Pfaffenhofen|P
85265|Pfaffenhofen|P
85266|Pfaffenhofen|P
85309|Pörnbach|H
85293|Reichertshausen|H
85291|Reichertshausen|P
85084|Reichertshofen|H
85081|Reichertshofen|P
85296|Rohrbach|H
85298|Scheyern|H
85301|Schweitenkirchen|H
85088|Vohburg|H
85085|Vohburg|P
85086|Vohburg|P
85283|Wolnzach|H
85279|Wolnzach|P
85280|Wolnzach|P
83123|Amerang|H
83123|Amerang|P
83229|Aschau|H
83225|Aschau|P
83226|Aschau|P
83228|Aschau|G
83547|Babensham|H
83043|Bad Aibling|H
83233|Bernau|H
83230|Bernau|P
83231|Bernau|P
83098|Brannenburg|H
83094|Brannenburg|P
83095|Brannenburg|P
83254|Breitbrunn|H
83052|Bruckmühl|H
83044|Bruckmühl|P
83045|Bruckmühl|P
83046|Bruckmühl|P
83047|Bruckmühl|P
83256|Chiemsee|H
83209|Herrenchiemsee|H
83256|Frauenchiemsee|H
83533|Edling|H
83531|Edling|P
83125|Eggstätt|H
83125|Eggstätt|P
83549|Eiselfing|H
83093|Bad Endorf|H
83089|Bad Endorf|P
83090|Bad Endorf|P
83075|Bad Feilnbach|H
83620|Feldkirchen-Westerham|H
83618|Feldkirchen-Westerham|P
83126|Flintsbach|H
83112|Frasdorf|H
83556|Griesstätt|H
83109|Großkarolinenfeld|H
83105|Großkarolinenfeld|P
83106|Großkarolinenfeld|P
83257|Gstadt|H
83128|Halfing|H
83135|Schechen|H
83129|Höslwang|H
83088|Kiefersfelden|H
83084|Kiefersfelden|P
83085|Kiefersfelden|P
83059|Kolbermoor|H
83053|Kolbermoor|P
83054|Kolbermoor|P
83055|Kolbermoor|P
83056|Kolbermoor|P
83029|Kolbermoor|P
83030|Kolbermoor|P
83100|Kolbermoor|G
83115|Neubeuern|H
83131|Nußdorf|H
83080|Oberaudorf|H
83076|Oberaudorf|P
83077|Oberaudorf|P
83539|Pfaffing|H
83537|Pfaffing|P
83209|Prien|H
83201|Prien|P
83202|Prien|P
83203|Prien|P
83204|Prien|P
83205|Prien|P
83210|Prien|P
83134|Prutting|H
83561|Ramerberg|H
83064|Raubling|H
83060|Raubling|P
83061|Raubling|P
83083|Riedering|H
83253|Rimsting|H
83251|Rimsting|P
83101|Rohrdorf|H
83543|Rott|H
83540|Rott|P
83541|Rott|P
83122|Samerberg|H
83137|Schonstett|H
83139|Söchtenau|H
83564|Soyen|H
83071|Stephanskirchen|H
83065|Stephanskirchen|P
83066|Stephanskirchen|P
83067|Stephanskirchen|P
83104|Tuntenhausen|H
83102|Tuntenhausen|P
83569|Vogtareuth|H
83512|Wasserburg|H
83512|Reitmehring|H
83501|Wasserburg|P
83502|Wasserburg|P
83503|Wasserburg|P
83504|Wasserburg|P
83505|Wasserburg|P
83506|Wasserburg|P
83507|Wasserburg|P
83513|Wasserburg|P
83508|Reitmehring|G
83544|Albaching|H
82335|Berg|H
82346|Andechs|H
82340|Feldafing|H
82131|Gauting|H
82131|Stockdorf|H
82116|Gauting|P
82117|Gauting|P
82118|Gauting|P
82119|Gauting|P
82120|Gauting|P
82121|Gauting|P
82122|Gauting|P
82132|Stockdorf|P
82205|Gilching|H
82211|Herrsching|H
82266|Inning|H
82152|Krailling|H
82205|Hüll|H
82349|Frohnloh|H
82349|Pentenried|H
82149|Krailling|P
82229|Seefeld|H
82224|Seefeld|P
82225|Seefeld|P
82343|Pöcking|H
82319|Seewiesen|H
82341|Pöcking|P
82319|Starnberg|H
82317|Starnberg|G
82301|Starnberg|P
82302|Starnberg|P
82303|Starnberg|P
82304|Starnberg|P
82305|Starnberg|P
82306|Starnberg|P
82307|Starnberg|P
82311|Starnberg|P
82308|Starnberg|P
82309|Starnberg|P
82320|Starnberg|P
82310|Starnberg|P
82327|Tutzing|H
82323|Tutzing|P
82324|Tutzing|P
82234|Weßling|H
82237|Wörthsee|H
83352|Altenmarkt|H
83350|Altenmarkt|P
83346|Bergen|H
83346|Brünndling-Alm|H
83346|Hochfellnhaus|H
83339|Chieming|H
83335|Chieming|P
83336|Chieming|P
84549|Engelsberg|H
83413|Fridolfing|H
83411|Fridolfing|P
83355|Grabenstätt|H
83353|Grabenstätt|P
83224|Grassau|H
83250|Fahrnpoint|H
83219|Grassau|P
83220|Grassau|P
83221|Grassau|P
83334|Inzell|H
83330|Inzell|P
83331|Inzell|P
83361|Kienberg|H
83417|Kirchanschöring|H
83329|Horn|H
83250|Marquartstein|H
83365|Nußdorf|H
83119|Obing|H
83349|Palling|H
83347|Palling|P
83367|Petting|H
83132|Pittenhart|H
83242|Reit im Winkl|H
83324|Ruhpolding|H
83318|Ruhpolding|P
83319|Ruhpolding|P
83320|Ruhpolding|P
83321|Ruhpolding|P
83259|Schleching|H
83530|Schnaitsee|H
83358|Grafenanger|H
83358|Seebruck|H
83370|Seeon|H
83376|Apperting|H
83376|Höllthal|H
83376|Steinrab|H
83376|Truchtlaching|H
83313|Siegsdorf|H
83309|Siegsdorf|P
83310|Siegsdorf|P
83224|Staudach-Egerndach|H
83362|Surberg|H
83342|Tacherting|H
83373|Taching|H
84529|Tittmoning|H
84525|Tittmoning|P
84526|Tittmoning|P
83301|Traunreut|H
83368|St Georgen|H
83371|Stein a.d.Traun|H
83374|Traunwalchen|H
83278|Traunstein|H
83276|Traunstein|G
83261|Traunstein|P
83262|Traunstein|P
83263|Traunstein|P
83264|Traunstein|P
83265|Traunstein|P
83266|Traunstein|P
83267|Traunstein|P
83268|Traunstein|P
83269|Traunstein|P
83274|Traunstein|G
83308|Trostberg|H
83302|Trostberg|P
83303|Trostberg|P
83304|Trostberg|P
83236|Übersee|H
83246|Unterwössen|H
83250|Hochgernhaus|H
83243|Unterwössen|P
83244|Unterwössen|P
83377|Vachendorf|H
83377|Lug|H
83329|Waging a. See|H
83367|Ebing|H
83367|Parschall|H
83367|Schuhegg|H
83367|Unterholzen|H
83379|Wonneberg|H
86972|Altenstadt|H
82387|Antdorf|H
86975|Bernbeuren|H
82347|Bernried|H
82389|Böbing|H
82380|Bruckerhof|H
82380|Osterwald|H
86977|Burggen|H
82390|Eberfing|H
82436|Eglfing|H
82392|Habach|H
86978|Hohenfurch|H
82383|Hohenpeißenberg|H
82381|Hohenpeißenberg|P
82386|Huglfing|H
82393|Iffeldorf|H
86980|Ingenried|H
82386|Oberhausen|H
82395|Obersöchering|H
82396|Pähl|H
82380|Peißenberg|H
82378|Peißenberg|P
86971|Peiting|H
86989|Deutenried|H
86967|Peiting|P
86968|Peiting|P
86989|Deutenried|P
82377|Penzberg|H
82398|Polling|H
82380|Roßlaich|H
86984|Prem|H
82399|Raisting|H
82401|Rottenbuch|H
86956|Schongau|H
86951|Schongau|P
86952|Schongau|P
86953|Schongau|P
86986|Schwabbruck|H
86987|Schwabsoien|H
82402|Seeshaupt|H
82404|Sindelsdorf|H
86989|Steingaden|H
86989|Steingaden|P
82362|Weilheim|H
82360|Weilheim|G
82351|Weilheim|P
82352|Weilheim|P
82353|Weilheim|P
82354|Weilheim|P
82355|Weilheim|P
82356|Weilheim|P
82357|Weilheim|P
82363|Weilheim|G
82405|Wessobrunn|H
82407|Wielenbach|H
82362|Schörghof|H
82407|Wielenbach|P
82409|Wildsteig|H
84028|Landshut|H
84030|Landshut|H
84032|Landshut|H
84034|Landshut|H
84036|Landshut|H
84023|Landshut|G
84024|Landshut|G
84026|Landshut|G
84001|Landshut|P
84002|Landshut|P
84003|Landshut|P
84004|Landshut|P
84007|Landshut|P
84008|Landshut|P
84009|Landshut|P
84010|Landshut|P
84011|Landshut|P
84012|Landshut|P
84005|Landshut|P
84037|Landshut|P
84006|Landshut|P
84014|Landshut|P
84200|Landshut|G
84022|Landshut|G
84018|Landshut|G
84016|Landshut|P
94032|Passau|H
94034|Passau|H
94036|Passau|H
94030|Passau|G
94001|Passau|P
94002|Passau|P
94003|Passau|P
94004|Passau|P
94005|Passau|P
94006|Passau|P
94007|Passau|P
94008|Passau|P
94009|Passau|P
94010|Passau|P
94011|Passau|P
94012|Passau|P
94013|Passau|P
94014|Passau|P
94015|Passau|P
94016|Passau|P
94028|Passau|G
94315|Straubing|H
94301|Straubing|P
94302|Straubing|P
94303|Straubing|P
94304|Straubing|P
94305|Straubing|P
94306|Straubing|P
94307|Straubing|P
94313|Straubing|P
94310|Straubing|G
94308|Straubing|P
94300|Straubing|G
94312|Straubing|G
94527|Aholming|H
94530|Auerbach|H
94532|Außernzell|H
94505|Bernried|H
94374|Eckhütt|H
94533|Buchhofen|H
94469|Deggendorf|H
94451|Deggendorf|P
94452|Deggendorf|P
94453|Deggendorf|P
94454|Deggendorf|P
94455|Deggendorf|P
94456|Deggendorf|P
94457|Deggendorf|P
94458|Deggendorf|P
94459|Deggendorf|P
94460|Deggendorf|P
94466|Deggendorf|G
94539|Grafling|H
94541|Grattersdorf|H
94551|Reigersberg|H
94491|Hengersberg|H
94487|Hengersberg|P
94488|Hengersberg|P
94551|Hunding|H
94547|Iggensbach|H
94550|Künzing|H
94501|Mairing|H
94551|Lalling|H
94526|Metten|H
94526|Lehmberg|H
94523|Metten|P
94554|Moos|H
94557|Niederalteich|H
94562|Oberpöring|H
94560|Offenberg|H
94486|Osterhofen|H
94482|Osterhofen|P
94483|Osterhofen|P
94563|Otzing|H
94447|Plattling|H
94441|Plattling|P
94442|Plattling|P
94443|Plattling|P
94571|Schaufling|H
94508|Schöllnach|H
94569|Stephansposching|H
94574|Wallerfing|H
94577|Winzer|H
94536|Eppenschlag|H
94078|Freyung|H
94073|Freyung|P
94074|Freyung|P
94075|Freyung|P
94142|Fürsteneck|H
94481|Grafenau|H
94568|Auwies|H
94475|Grafenau|P
94476|Grafenau|P
94477|Grafenau|P
94143|Grainet|H
94145|Haidmühle|H
94146|Hinterschmiding|H
94545|Hohenau|H
94548|Innernzell|H
94118|Jandelsbrunn|H
94151|Mauth|H
94089|Neureichenau|H
94157|Perlesreut|H
94158|Philippsreut|H
94160|Ringelai|H
94133|Röhrnbach|H
94163|Saldenburg|H
94566|Riedlhütte|H
94568|St. Oswald|H
94572|Schöfweg|H
94556|Neuschönau|H
94513|Schönberg|H
94509|Schönberg|P
94510|Schönberg|P
94518|Spiegelau|H
94481|Rehbruck|H
94514|Spiegelau|P
94515|Spiegelau|P
94169|Thurmansbang|H
94065|Waldkirchen|H
94061|Waldkirchen|P
94062|Waldkirchen|P
94579|Zenting|H
93326|Abensberg|H
93320|Abensberg|P
93321|Abensberg|P
93322|Abensberg|P
84089|Aiglsbach|H
84091|Attenhofen|H
84076|Spitzau|H
84076|Spitzau|H
93077|Bad Abbach|H
93074|Bad Abbach|P
93075|Bad Abbach|P
93354|Biburg|H
93343|Essing|H
93345|Hausen|H
84097|Herrngiersdorf|H
93346|Ihrlerstein|H
93309|Kelheim|H
93308|Kelheim|G
93348|Kirchdorf|H
84085|Langquaid|H
84083|Langquaid|P
84048|Mainburg|H
84042|Mainburg|P
84043|Mainburg|P
84044|Mainburg|P
93333|Neustadt|H
93351|Painten|H
84094|Elsendorf|H
93339|Riedenburg|H
93352|Rohr|H
93342|Saal|H
93354|Siegenburg|H
93356|Teugn|H
93358|Train|H
84106|Volkenschwand|H
93359|Wildenberg|H
84166|Adlkofen|H
84168|Aham|H
84032|Altdorf|H
84169|Altfraunhofen|H
84171|Baierbach|H
84092|Bayerbach|H
84155|Bodenkirchen|H
84153|Bodenkirchen|P
84172|Buch|H
84174|Eching|H
84030|Ergolding|H
84061|Ergoldsbach|H
84088|Salzburg|H
84051|Essenbach|H
84095|Furth|H
84032|Linden|H
84144|Geisenhausen|H
84137|Aiteröd|H
84175|Gerzen|H
84175|Gerzen|P
84098|Hohenthann|H
84178|Kröning|H
84036|Kumhausen|H
84088|Neufahrn|H
84086|Neufahrn|P
84181|Neufraunhofen|H
84100|Niederaichbach|H
84101|Obersüßbach|H
84076|Pfeffenhausen|H
84103|Postau|H
84056|Rottenburg|H
84052|Rottenburg|P
84053|Rottenburg|P
84175|Schalkham|H
84175|Schalkham|P
84184|Tiefenbach|H
84149|Velden|H
84137|Vilsbiburg|H
84131|Vilsbiburg|P
84132|Vilsbiburg|P
84133|Vilsbiburg|P
84134|Vilsbiburg|P
84186|Vilsheim|H
84107|Weihmichl|H
84187|Weng|H
84164|Dreifaltigkeitsberg|H
84109|Wörth|H
84189|Wurmsham|H
84079|Bruckberg|H
94529|Aicha|H
94501|Aidenbach|H
94501|Aldersbach|H
94072|Bad Füssing|H
94066|Bad Füssing|P
94067|Bad Füssing|P
94068|Bad Füssing|P
94501|Beutelsbach|H
94139|Breitenberg|H
94139|Breitenberg|P
94124|Büchlberg|H
94535|Eging a.See|H
94535|Eging a.See|P
94538|Fürstenstein|H
94081|Fürstenzell|H
94079|Fürstenzell|P
94086|Bad Griesbach|H
94082|Bad Griesbach|P
94083|Bad Griesbach|P
94542|Haarbach|H
94501|Freudenheim|H
94051|Hauzenberg|H
94544|Hofkirchen|H
94116|Hutthurm|H
94114|Hutthurm|P
94148|Kirchham|H
94149|Kößlarn|H
94149|Kößlarn|P
94094|Malching|H
94127|Neuburg|H
94036|Abraham|H
94152|Neuhaus|H
94152|Neuhaus|P
94154|Neukirchen|H
94130|Obernzell|H
94107|Rollhäusl|H
94128|Obernzell|P
94496|Ortenburg|H
94492|Ortenburg|P
94493|Ortenburg|P
94060|Pocking|H
94052|Pocking|P
94053|Pocking|P
94054|Pocking|P
94055|Pocking|P
94094|Rotthalmünster|H
94090|Rotthalmünster|P
94091|Rotthalmünster|P
94161|Ruderting|H
94099|Ruhstorf|H
94121|Salzweg|H
94119|Salzweg|P
94164|Sonnen|H
94167|Tettenweis|H
94060|Breitwies|H
94136|Thyrnau|H
94134|Thyrnau|P
94113|Tiefenbach|H
94104|Tittling|H
94100|Tittling|P
94107|Untergriesbach|H
94105|Untergriesbach|P
94474|Vilshofen|H
94470|Vilshofen|P
94471|Vilshofen|P
94472|Vilshofen|P
94110|Wegscheid|H
94108|Wegscheid|P
94575|Windorf|H
94104|Witzmannsberg|H
94250|Achslach|H
93471|Arnbruck|H
93471|Arnbruck|P
94252|Bayerisch Eisenstein|H
94253|Bischofsmais|H
94249|Bodenmais|H
94245|Bodenmais|P
94246|Bodenmais|P
94255|Böbrach|H
94256|Drachselsried|H
94258|Frauenau|H
94518|Linden|H
94244|Geiersthal|H
94239|Gotteszell|H
94259|Kirchberg i. Wald|H
94261|Kirchdorf i.Wald|H
94262|Kollnburg|H
94264|Langdorf|H
94227|Lindberg|H
94227|Schwellhäusl|H
94265|Patersdorf|H
94267|Prackenbach|H
94209|Regen|H
94201|Regen|P
94202|Regen|P
94203|Regen|P
94204|Regen|P
94269|Rinchnach|H
94239|Ruhmannsfelden|H
94235|Ruhmannsfelden|P
94244|Teisnach|H
94240|Teisnach|P
94234|Viechtach|H
94233|Viechtach|G
94228|Viechtach|P
94229|Viechtach|P
94230|Viechtach|P
94231|Viechtach|P
94232|Viechtach|G
94239|Zachenberg|H
94227|Zwiesel|H
94220|Zwiesel|P
94221|Zwiesel|P
94222|Zwiesel|P
94223|Zwiesel|P
94224|Zwiesel|P
94424|Arnstorf|H
94137|Bayerbach|H
84364|Bad Birnbach|H
84371|Dachsbergau|H
84360|Bad Birnbach|P
84361|Bad Birnbach|P
84378|Dietersburg|H
84307|Eggenfelden|H
84301|Eggenfelden|P
84302|Eggenfelden|P
84303|Eggenfelden|P
84304|Eggenfelden|P
84385|Egglham|H
94140|Ering|H
84326|Falkenberg|H
84140|Gangkofen|H
84552|Geratskirchen|H
84332|Hebertsfelden|H
84381|Johanniskirchen|H
84387|Julbach|H
84375|Kirchdorf|H
84372|Kirchdorf|P
84333|Malgersdorf|H
84323|Massing|H
84320|Massing|P
84335|Mitterskirchen|H
84347|Pfarrkirchen|H
84341|Pfarrkirchen|P
84342|Pfarrkirchen|P
84343|Pfarrkirchen|P
84344|Pfarrkirchen|P
84389|Postmünster|H
84367|Reut|H
84326|Rimbach|H
94439|Roßbach|H
84337|Schönau|H
84359|Simbach|H
84353|Simbach|P
84354|Simbach|P
84355|Simbach|P
94166|Stubenberg|H
84367|Tann|H
84365|Tann|P
84371|Triftern|H
84368|Triftern|P
84339|Unterdietfurt|H
84384|Wittibreut|H
84329|Wurmannsquick|H
84367|Zeilarn|H
94345|Aholfing|H
94330|Aiterhofen|H
94328|Aiterhofen|P
94347|Ascha|H
94348|Atting|H
94327|Bogen|H
94350|Falkenfels|H
94351|Feldkirchen|H
94333|Geiselhöring|H
94353|Haibach|H
94354|Haselbach|H
94336|Hunderdorf|H
94342|Irlbach|H
94356|Kirchroth|H
94357|Konzell|H
84082|Laberweinting|H
84080|Laberweinting|P
94339|Leiblfing|H
94359|Loitzendorf|H
84066|Mallersdorf-Pfaffenberg|H
84062|Mallersdorf-Pfaffenberg|P
84063|Mallersdorf-Pfaffenberg|P
94553|Mariaposching|H
94360|Mitterfels|H
94360|Mitterfels|P
94362|Neukirchen|H
94559|Niederwinkling|H
94559|Niederwinkling|P
94363|Oberschneiding|H
94365|Parkstetten|H
94366|Perasdorf|H
94374|Oberlindberg|H
94368|Perkam|H
94369|Rain|H
94371|Rattenberg|H
94372|Rattiszell|H
94330|Salching|H
94379|Sankt Englmar|H
94374|Schwarzach|H
94375|Stallwang|H
94357|Höhenstein|H
94377|Steinach|H
94342|Straßkirchen|H
94344|Wiesenfelden|H
94336|Windberg|H
84130|Dingolfing|H
84122|Dingolfing|P
84123|Dingolfing|P
84124|Dingolfing|P
84125|Dingolfing|P
84126|Dingolfing|P
94428|Eichendorf|H
84160|Frontenhausen|H
84156|Frontenhausen|P
84157|Frontenhausen|P
84177|Gottfrieding|H
94405|Landau|H
94401|Landau|P
94402|Landau|P
94403|Landau|P
84180|Loiching|H
94437|Mamming|H
84163|Marklkofen|H
84161|Marklkofen|P
84162|Marklkofen|G
84152|Mengkofen|H
84150|Mengkofen|P
84164|Moosthenning|H
84183|Niederviehbach|H
94431|Pilsting|H
94419|Reisbach|H
94417|Reisbach|P
84163|Wunder|H
94436|Simbach|H
94522|Wallersdorf|H
92224|Amberg|H
92220|Amberg|G
92201|Amberg|P
92202|Amberg|P
92203|Amberg|P
92204|Amberg|P
92205|Amberg|P
92206|Amberg|P
92207|Amberg|P
92208|Amberg|P
92209|Amberg|P
92210|Amberg|P
92211|Amberg|P
92212|Amberg|P
92225|Amberg|P
92219|Amberg|G
92200|Amberg|G
92226|Amberg|G
92218|Amberg|P
92400|Amberg|G
93047|Regensburg|H
93049|Regensburg|H
93051|Regensburg|H
93053|Regensburg|H
93055|Regensburg|H
93057|Regensburg|H
93059|Regensburg|H
93039|Regensburg|G
93040|Regensburg|G
93041|Regensburg|G
93042|Regensburg|G
93043|Regensburg|G
93001|Regensburg|P
93002|Regensburg|P
93003|Regensburg|P
93004|Regensburg|P
93005|Regensburg|P
93006|Regensburg|P
93007|Regensburg|P
93008|Regensburg|P
93009|Regensburg|P
93010|Regensburg|P
93014|Regensburg|P
93015|Regensburg|P
93016|Regensburg|P
93017|Regensburg|P
93018|Regensburg|P
93019|Regensburg|P
93023|Regensburg|P
93024|Regensburg|P
93025|Regensburg|P
93026|Regensburg|P
93027|Regensburg|P
93060|Regensburg|P
93061|Regensburg|P
93062|Regensburg|P
93063|Regensburg|P
93066|Regensburg|G
93035|Regensburg|P
93036|Regensburg|P
93045|Regensburg|G
93100|Regensburg|G
93038|Regensburg|G
93037|Regensburg|G
93012|Regensburg|G
93013|Regensburg|G
93065|Regensburg|G
93044|Regensburg|G
92637|Weiden|H
92630|Weiden|G
92632|Weiden|G
92633|Weiden|G
92601|Weiden|P
92602|Weiden|P
92603|Weiden|P
92604|Weiden|P
92605|Weiden|P
92606|Weiden|P
92607|Weiden|P
92608|Weiden|P
92609|Weiden|P
92610|Weiden|P
92611|Weiden|P
92612|Weiden|P
92613|Weiden|P
92614|Weiden|P
92615|Weiden|P
92616|Weiden|P
92617|Weiden|P
92628|Weiden|G
92631|Weiden|G
92627|Weiden|G
92623|Weiden|P
92624|Weiden|G
92626|Weiden|G
92620|Weiden|G
92618|Weiden|P
92640|Weiden|G
92260|Ammerthal|H
91275|Auerbach|H
91270|Auerbach|P
91271|Auerbach|P
92262|Birgland|H
92263|Ebermannsdorf|H
92265|Edelsfeld|H
92266|Ensdorf|H
92271|Freihung|H
92272|Freudenberg|H
92274|Gebenbach|H
92256|Hahnbach|H
92242|Hirschau|H
92240|Hirschau|G
92238|Hirschau|P
92241|Hirschau|G
92227|Hirschau|G
92529|Hirschau|G
92275|Hirschbach|H
92277|Hohenburg|H
92278|Illschwang|H
92280|Kastl|H
92280|Kastl|P
92281|Königstein|H
92245|Kümmersbruck|H
92268|Etzelwang|H
92259|Neukirchen|H
92257|Neukirchen|P
92284|Poppenricht|H
92286|Rieden|H
92287|Schmidmühlen|H
92253|Schnaittenbach|H
92250|Schnaittenbach|P
92237|Sulzbach-Rosenberg|H
92229|Sulzbach-Rosenberg|P
92230|Sulzbach-Rosenberg|P
92231|Sulzbach-Rosenberg|P
92232|Sulzbach-Rosenberg|P
92289|Ursensollen|H
92249|Vilseck|H
92246|Vilseck|P
92247|Vilseck|P
91249|Weigendorf|H
93473|Arnschwang|H
93437|Dürnberg|H
93437|Enklarn|H
93474|Arrach|H
93476|Blaibach|H
93413|Cham|H
93411|Cham|G
93401|Cham|P
93402|Cham|P
93403|Cham|P
93404|Cham|P
93405|Cham|P
93466|Chamerau|H
93458|Eschlkam|H
93167|Falkenstein|H
93437|Furth im Wald|H
93477|Gleißenberg|H
93479|Grafenwiesen|H
93480|Hohenwarth|H
93479|Watzlsteg|H
93438|Bad Kötzting|P
93439|Bad Kötzting|P
93440|Bad Kötzting|P
93444|Bad Kötzting|H
93462|Lam|H
93459|Lam|P
93460|Lam|P
93185|Michelsneukirchen|H
93468|Miltach|H
93453|Neukirchen|H
93482|Pemfling|H
93483|Pösing|H
93189|Reichenbach|H
93191|Rettenbach|H
93167|Holzmühle|H
93485|Rimbach|H
93426|Roding|H
92444|Rötz|H
92443|Rötz|P
93486|Runding|H
93488|Schönthal|H
93489|Schorndorf|H
93491|Stamsried|H
93464|Tiefenbach|H
93455|Traitsching|H
93492|Treffelstein|H
93199|Zell|H
93494|Waffenbrunn|H
93192|Wald|H
93194|Walderbach|H
93449|Waldmünchen|H
93445|Waldmünchen|P
93446|Waldmünchen|P
93495|Weiding|H
93497|Willmering|H
93499|Zandt|H
93470|Lohberg|H
92334|Berching|H
92348|Berg|H
92361|Berngau|H
92363|Breitenbrunn|H
92364|Deining|H
92345|Dietfurt|H
92342|Freystadt|H
92366|Hohenfels|H
92283|Lauterhofen|H
92331|Lupburg|H
92360|Mühlhausen|H
92359|Mühlhausen|P
92318|Neumarkt|H
92348|Großwiesenhof|H
92301|Neumarkt|P
92302|Neumarkt|P
92303|Neumarkt|P
92304|Neumarkt|P
92305|Neumarkt|P
92306|Neumarkt|P
92307|Neumarkt|P
92308|Neumarkt|P
92331|Parsberg|H
92367|Pilsach|H
92353|Postbauer-Heng|H
90602|Pyrbaum|H
90600|Pyrbaum|P
92369|Sengenthal|H
92358|Seubersdorf|H
92355|Velburg|H
92665|Altenstadt|H
92661|Altenstadt|P
92662|Altenstadt|P
92676|Eschenbach|H
92671|Eschenbach|P
92672|Eschenbach|P
92673|Eschenbach|P
92693|Eslarn|H
92691|Eslarn|P
92694|Etzenricht|H
92685|Floß|H
92696|Flossenbürg|H
92697|Georgenberg|H
92655|Grafenwöhr|H
92699|Irchenrieth|H
92665|Kirchendemenreuth|H
91281|Kirchenthumbach|H
91279|Kirchenthumbach|P
92702|Kohlberg|H
92705|Leuchtenberg|H
92706|Luhe-Wildenau|H
92708|Mantel|H
92708|Mantel|P
92709|Moosbach|H
92660|Neustadt|H
92656|Neustadt|P
92657|Neustadt|P
95514|Neustadt|H
92711|Parkstein|H
92712|Pirk|H
92714|Pleystein|H
92714|Pleystein|P
92724|Trabitz|H
92690|Pressath|H
92686|Pressath|P
92687|Pressath|P
92715|Püchersreuth|H
95703|Auerberg|H
92718|Schirmitz|H
95519|Schlammersdorf|H
92720|Schwarzenbach|H
92676|Speinshart|H
92721|Störnstein|H
92723|Tännesberg|H
92637|Theisseil|H
92648|Vohenstrauß|H
92642|Vohenstrauß|P
92643|Vohenstrauß|P
92644|Vohenstrauß|P
95519|Vorbach|H
92726|Waidhaus|H
92725|Waidhaus|P
92727|Waldthurn|H
92729|Weiherhammer|H
92700|Kaltenbrunn|H
92728|Weiherhammer|P
92670|Windischeschenbach|H
92699|Bechtsrieth|H
93087|Alteglofsheim|H
93177|Altenthann|H
93093|Jagdschloß Thiergarten|H
93089|Aufhausen|H
93090|Bach|H
93092|Barbing|H
93176|Beratzhausen|H
93170|Bernhardswald|H
93179|Brennberg|H
93164|Brunn|H
93180|Deuerling|H
93093|Donaustauf|H
93182|Duggendorf|H
93195|Biersackschlag|H
93095|Hagelstadt|H
93155|Hemau|H
93183|Holzheim|H
93183|Kallmünz|H
93096|Köfering|H
93164|Laaber|H
93162|Laaber|P
93138|Lappersdorf|H
93134|Lappersdorf|P
93135|Lappersdorf|P
93098|Mintraching|H
93099|Mötzing|H
93073|Neutraubling|H
93072|Neutraubling|G
93152|Nittendorf|H
93083|Obertraubling|H
93081|Obertraubling|P
93080|Pentling|H
93078|Pentling|P
93186|Pettendorf|H
93152|Deckelstein|H
93152|Ebenwies|H
93101|Pfakofen|H
93102|Pfatter|H
93188|Pielenhofen|H
93128|Regenstauf|H
93122|Regenstauf|P
93123|Regenstauf|P
93124|Regenstauf|P
93104|Riekofen|H
84069|Schierling|H
84067|Schierling|P
93161|Sinzing|H
93152|Zeiler|H
93152|Hardt|H
93104|Sünching|H
93105|Tegernheim|H
93107|Thalmassing|H
93173|Wenzenbach|H
93109|Wiesent|H
93086|Wörth|H
93084|Wörth|P
93195|Wolfsegg|H
93197|Zeitlarn|H
92540|Altendorf|H
92439|Bodenwöhr|H
92436|Bruck|H
93133|Burglengenfeld|H
93129|Burglengenfeld|P
93130|Burglengenfeld|P
92542|Dieterskirchen|H
92269|Fensterbach|H
92723|Gleiritsch|H
92543|Guteneck|H
93142|Maxhütte-Haidhof|H
93139|Maxhütte-Haidhof|P
92507|Nabburg|H
92501|Nabburg|P
92502|Nabburg|P
92503|Nabburg|P
92445|Neukirchen-Balbini|H
92431|Neunburg|H
92427|Neunburg|P
92428|Neunburg|P
92545|Niedermurach|H
93149|Nittenau|H
93143|Nittenau|P
93144|Nittenau|P
93145|Nittenau|P
93146|Nittenau|P
92533|Wernberg-Köblitz|H
92527|Wernberg-Köblitz|P
92528|Wernberg-Köblitz|P
92526|Oberviechtach|H
92536|Pfreimd|H
92534|Pfreimd|P
92546|Schmidgaden|H
92539|Schönsee|H
92421|Schwandorf|H
92419|Schwandorf|G
92401|Schwandorf|P
92402|Schwandorf|P
92403|Schwandorf|P
92404|Schwandorf|P
92405|Schwandorf|P
92406|Schwandorf|P
92407|Schwandorf|P
92408|Schwandorf|P
92409|Schwandorf|P
92410|Schwandorf|P
92422|Schwandorf|G
92548|Schwarzach|H
92521|Schwarzenfeld|H
92519|Schwarzenfeld|G
92515|Schwarzenfeld|P
92516|Schwarzenfeld|P
92447|Schwarzhofen|H
92549|Stadlern|H
92449|Steinberg am See|H
93149|Spitalhaus|H
92551|Stulln|H
93158|Teublitz|H
93156|Teublitz|P
92552|Teunz|H
92554|Thanstein|H
92555|Trausnitz|H
92442|Wackersdorf|H
92557|Weiding|H
92559|Winklarn|H
95671|Bärnau|H
95682|Brand|H
95683|Ebnath|H
92681|Erbendorf|H
92690|Glashütte|H
92677|Erbendorf|P
92678|Erbendorf|P
95685|Falkenberg|H
95688|Friedenfels|H
95689|Fuchsmühl|H
95505|Immenreuth|H
95506|Kastl|H
95478|Kemnath|H
95474|Kemnath|P
95475|Kemnath|P
95692|Konnersreuth|H
92703|Krummennaab|H
95508|Kulmain|H
95666|Leonberg|H
95695|Mähring|H
95666|Mitterteich|H
95660|Mitterteich|P
95661|Mitterteich|P
95662|Mitterteich|P
95698|Bad Neualbenreuth|H
95700|Neusorg|H
95700|Neusorg|P
95701|Pechbrunn|H
95703|Plößberg|H
95704|Pullenreuth|H
92717|Reuth|H
95643|Tirschenreuth|H
95633|Tirschenreuth|P
95634|Tirschenreuth|P
95635|Tirschenreuth|P
95636|Tirschenreuth|P
95637|Tirschenreuth|P
95679|Waldershof|H
95677|Waldershof|P
95652|Waldsassen|H
95644|Waldsassen|P
95645|Waldsassen|P
95646|Waldsassen|P
95647|Waldsassen|P
95676|Wiesau|H
95689|Hurtingöd|H
95672|Wiesau|P
95673|Wiesau|P
95674|Wiesau|P
96047|Bamberg|H
96049|Bamberg|H
96050|Bamberg|H
96052|Bamberg|H
96044|Bamberg|G
96045|Bamberg|G
96001|Bamberg|P
96002|Bamberg|P
96003|Bamberg|P
96004|Bamberg|P
96005|Bamberg|P
96006|Bamberg|P
96007|Bamberg|P
96008|Bamberg|P
96009|Bamberg|P
96010|Bamberg|P
96011|Bamberg|P
96012|Bamberg|P
96013|Bamberg|P
96014|Bamberg|P
96015|Bamberg|P
96016|Bamberg|P
96017|Bamberg|P
96018|Bamberg|P
96019|Bamberg|P
96020|Bamberg|P
96029|Bamberg|P
96030|Bamberg|P
96031|Bamberg|P
96053|Bamberg|P
96054|Bamberg|P
96055|Bamberg|P
96060|Bamberg|G
96039|Bamberg|G
96061|Bamberg|G
96034|Bamberg|G
96200|Bamberg|G
96056|Bamberg|P
96057|Bamberg|P
96063|Bamberg|G
96058|Bamberg|P
96077|Bamberg|G
96075|Bamberg|G
96078|Bamberg|G
96076|Bamberg|G
96065|Bamberg|G
96066|Bamberg|G
96035|Bamberg|G
95444|Bayreuth|H
95445|Bayreuth|H
95447|Bayreuth|H
95448|Bayreuth|H
95440|Bayreuth|G
95401|Bayreuth|P
95402|Bayreuth|P
95403|Bayreuth|P
95404|Bayreuth|P
95405|Bayreuth|P
95406|Bayreuth|P
95407|Bayreuth|P
95408|Bayreuth|P
95409|Bayreuth|P
95410|Bayreuth|P
95411|Bayreuth|P
95412|Bayreuth|P
95413|Bayreuth|P
95420|Bayreuth|P
95421|Bayreuth|P
95422|Bayreuth|P
95424|Bayreuth|P
95425|Bayreuth|P
95427|Bayreuth|P
95428|Bayreuth|P
95450|Bayreuth|P
95451|Bayreuth|P
95455|Bayreuth|G
95452|Bayreuth|P
95400|Bayreuth|G
96450|Coburg|H
96444|Coburg|G
96401|Coburg|P
96402|Coburg|P
96403|Coburg|P
96404|Coburg|P
96405|Coburg|P
96406|Coburg|P
96407|Coburg|P
96408|Coburg|P
96409|Coburg|P
96410|Coburg|P
96411|Coburg|P
96412|Coburg|P
96413|Coburg|P
96414|Coburg|P
96415|Coburg|P
96416|Coburg|P
96417|Coburg|P
96418|Coburg|P
96419|Coburg|P
96420|Coburg|P
96421|Coburg|P
96422|Coburg|P
96442|Coburg|G
96443|Coburg|G
96446|Coburg|G
96447|Coburg|G
96441|Coburg|G
96448|Coburg|G
96438|Coburg|G
96439|Coburg|G
96440|Coburg|G
96449|Coburg|G
96437|Coburg|G
96436|Coburg|G
96445|Coburg|G
96435|Coburg|G
95028|Hof|H
95030|Hof|H
95032|Hof|H
95026|Hof|G
95001|Hof|P
95002|Hof|P
95003|Hof|P
95004|Hof|P
95005|Hof|P
95006|Hof|P
95010|Hof|P
95011|Hof|P
95012|Hof|P
95013|Hof|P
95014|Hof|P
95015|Hof|P
95016|Hof|P
95007|Hof|P
95025|Hof|G
95027|Hof|G
96146|Altendorf|H
96148|Baunach|H
96120|Bischberg|H
96118|Bischberg|P
96149|Breitengüßbach|H
96149|Breitengüßbach|P
96138|Burgebrach|H
96136|Burgebrach|P
96154|Burgwindheim|H
96155|Buttenheim|H
96155|Buttenheim|P
96157|Ebrach|H
96158|Frensdorf|H
96161|Gerach|H
96163|Gundelsheim|H
96103|Hallstadt|H
91332|Heiligenstadt|H
96114|Hirschaid|H
96111|Hirschaid|P
96112|Hirschaid|P
96113|Hirschaid|P
96164|Kemmern|H
96167|Königsfeld|H
96169|Lauter|H
96170|Lisberg|H
96123|Litzendorf|H
96121|Litzendorf|P
96117|Memmelsdorf|H
96115|Memmelsdorf|P
96173|Oberhaid|H
96173|Oberhaid|P
96175|Pettstadt|H
96178|Pommersfelden|H
96170|Priesendorf|H
96179|Rattelsdorf|H
96179|Rattelsdorf|P
96182|Reckendorf|H
96110|Scheßlitz|H
96185|Schönbrunn|H
96187|Stadelhofen|H
96135|Stegaurach|H
96129|Strullendorf|H
96127|Strullendorf|P
96191|Viereth-Trunstadt|H
96194|Walsdorf|H
96196|Wattendorf|H
96199|Zapfendorf|H
96198|Zapfendorf|P
96132|Schlüsselfeld|H
96130|Schlüsselfeld|P
95491|Ahorntal|H
91344|Fuchshof|H
91347|Aufseß|H
95460|Bad Berneck|H
95456|Bad Berneck|P
95457|Bad Berneck|P
95458|Bad Berneck|P
91282|Betzenstein|H
95463|Bindlach|H
95460|Friedrichshof|H
95461|Bindlach|P
95493|Bischofsgrün|H
95473|Creußen|H
95488|Eckersdorf|H
95517|Emtmannsberg|H
95686|Fichtelberg|H
95686|Fichtelberg|P
95482|Gefrees|H
95236|Hinterbug|H
95236|Hinterbug|P
95494|Gesees|H
95496|Glashütten|H
95497|Goldkronach|H
95497|Goldkronach|P
95473|Haag|H
95500|Heinersreuth|H
96142|Hollfeld|H
96139|Hollfeld|P
96140|Hollfeld|P
95503|Hummeltal|H
95466|Kirchenpingarten|H
95694|Mehlmeisel|H
95511|Mistelbach|H
95490|Mistelgau|H
91257|Pegnitz|H
91251|Pegnitz|P
91252|Pegnitz|P
91253|Pegnitz|P
91254|Pegnitz|P
95515|Plankenfels|H
91287|Plech|H
91278|Pottenstein|H
95473|Prebitz|H
91289|Schnabelwaid|H
95517|Seybothenreuth|H
95469|Speichersdorf|H
95467|Speichersdorf|P
91344|Waischenfeld|H
95485|Warmensteinach|H
95483|Warmensteinach|P
95466|Weidenberg|H
95464|Weidenberg|P
96482|Ahorn|H
96480|Ahorn|P
96487|Dörfles-Esbach|H
96487|Dörfles-Esbach|P
96237|Ebersdorf|H
96232|Ebersdorf|P
96233|Ebersdorf|P
96234|Ebersdorf|P
96269|Großheirath|H
96271|Grub a. Forst|H
96271|Grub a. Forst|P
96274|Itzgrund|H
96486|Lautertal|H
96485|Lautertal|P
96484|Meeder|H
96483|Meeder|P
96465|Neustadt|H
96456|Neustadt|P
96457|Neustadt|P
96458|Neustadt|P
96459|Neustadt|P
96460|Neustadt|P
96489|Niederfüllbach|H
96489|Niederfüllbach|P
96476|Bad Rodach|H
96473|Bad Rodach|P
96474|Bad Rodach|P
96475|Bad Rodach|G
96472|Rödental|H
96145|Seßlach|H
96242|Sonnefeld|H
96238|Sonnefeld|P
96239|Sonnefeld|P
96253|Untersiemau|H
96251|Untersiemau|P
96279|Weidhausen|H
96279|Weidhausen|P
96479|Weitramsdorf|H
96477|Weitramsdorf|P
91077|Dormitz|H
91320|Ebermannstadt|H
91316|Ebermannstadt|P
91317|Ebermannstadt|P
91090|Effeltrich|H
91330|Eggolsheim|H
91328|Eggolsheim|P
91349|Egloffstein|H
91301|Forchheim|H
91299|Forchheim|G
91291|Forchheim|P
91292|Forchheim|P
91293|Forchheim|P
91294|Forchheim|P
91327|Gößweinstein|H
91322|Gräfenberg|H
91321|Gräfenberg|P
91352|Hallerndorf|H
91353|Hausen|H
91336|Heroldsbach|H
91335|Heroldsbach|P
91077|Hetzles|H
91355|Hiltpoltstein|H
91338|Igensdorf|H
91356|Kirchehrenbach|H
91077|Kleinsendelbach|H
91358|Kunreuth|H
91094|Langensendelbach|H
91359|Leutenbach|H
91077|Neunkirchen|H
91075|Neunkirchen|P
91286|Obertrubach|H
91361|Pinzberg|H
91358|Steingraben|H
91099|Poxdorf|H
91362|Pretzfeld|H
91364|Unterleinleiter|H
91365|Weilersbach|H
91367|Weißenohe|H
91369|Wiesenthau|H
91346|Wiesenttal|H
91344|Schottersmühle|H
95138|Bad Steben|H
95180|Berg|H
95182|Döhlau|H
95183|Feilitzsch|H
95185|Gattendorf|H
95179|Geroldsgrün|H
95233|Helmbrechts|H
95222|Helmbrechts|P
95223|Helmbrechts|P
95224|Helmbrechts|P
95225|Helmbrechts|P
95226|Helmbrechts|P
95188|Issigau|H
95189|Köditz|H
95176|Konradsreuth|H
95174|Konradsreuth|P
95191|Leupoldsgrün|H
95192|Lichtenberg|H
95213|Münchberg|H
95212|Münchberg|G
95201|Münchberg|P
95202|Münchberg|P
95203|Münchberg|P
95204|Münchberg|P
95205|Münchberg|P
95119|Naila|H
95112|Naila|P
95113|Naila|P
95114|Naila|P
95150|Naila|G
95145|Oberkotzau|H
95194|Regnitzlosau|H
95111|Rehau|H
95101|Rehau|P
95102|Rehau|P
95103|Rehau|P
95104|Rehau|P
95105|Rehau|P
95197|Schauenstein|H
95197|Schauenstein|P
95126|Schwarzenbach|H
95120|Schwarzenbach|P
95121|Schwarzenbach|P
95122|Schwarzenbach|P
95158|Mittelschieda|H
95131|Schwarzenbach a.Wald|H
95152|Selbitz|H
95146|Selbitz|P
95147|Selbitz|P
95148|Selbitz|P
95234|Sparneck|H
95236|Stammbach|H
95236|Stammbach|P
95183|Töpen|H
95183|Trogen|H
95237|Weißdorf|H
95239|Zell|H
96317|Kronach|H
96328|Küps|H
96324|Küps|P
96325|Küps|P
96337|Ludwigsstadt|H
96333|Ludwigsstadt|P
96334|Ludwigsstadt|P
96268|Mitwitz|H
96365|Nordhalben|H
96332|Pressig|H
96329|Pressig|P
96330|Pressig|P
96358|Reichenbach|H
96277|Schneckenlohe|H
96361|Steinbach|H
96349|Steinwiesen|H
96347|Steinwiesen|P
96342|Stockheim|H
96338|Stockheim|P
96339|Stockheim|P
96355|Tettau|H
96353|Tettau|P
96358|Teuschnitz|H
96356|Teuschnitz|P
96367|Tschirn|H
96364|Marktrodach|H
96362|Marktrodach|P
96346|Wallenfels|H
96343|Wallenfels|P
96344|Wallenfels|P
96369|Weißenbrunn|H
96317|Kaltbuch|H
96352|Wilhelmsthal|H
95356|Grafengehaig|H
95358|Guttenberg|H
95499|Harsdorf|H
95502|Himmelkron|H
95359|Kasendorf|H
95359|Kasendorf|P
95361|Ködnitz|H
95326|Kulmbach|H
96369|Welzmühle|H
95301|Kulmbach|P
95302|Kulmbach|P
95303|Kulmbach|P
95304|Kulmbach|P
95305|Kulmbach|P
95306|Kulmbach|P
95307|Kulmbach|P
95308|Kulmbach|P
95309|Kulmbach|P
95310|Kulmbach|P
95311|Kulmbach|P
95312|Kulmbach|P
95362|Kupferberg|H
95364|Ludwigschorgast|H
95336|Mainleus|H
95334|Mainleus|P
95352|Marktleugast|H
95350|Marktleugast|P
95509|Marktschorgast|H
95512|Neudrossenfeld|H
95512|Neudrossenfeld|P
95339|Neuenmarkt|H
95337|Neuenmarkt|P
95355|Presseck|H
95131|Fels|H
95353|Presseck|P
95365|Rugendorf|H
95346|Stadtsteinach|H
95342|Stadtsteinach|P
95343|Stadtsteinach|P
95349|Thurnau|H
95347|Thurnau|P
95367|Trebgast|H
95369|Untersteinach|H
95339|Wirsberg|H
96197|Wonsees|H
96264|Altenkunstadt|H
96261|Altenkunstadt|P
96262|Altenkunstadt|P
96224|Burgkunstadt|H
96222|Burgkunstadt|G
96223|Burgkunstadt|G
96219|Burgkunstadt|P
96220|Burgkunstadt|P
96250|Ebensfeld|H
96248|Ebensfeld|P
96272|Hochstadt|H
96215|Lichtenfels|H
96201|Lichtenfels|P
96202|Lichtenfels|P
96203|Lichtenfels|P
96204|Lichtenfels|P
96205|Lichtenfels|P
96206|Lichtenfels|P
96210|Lichtenfels|P
96207|Lichtenfels|P
96257|Marktgraitz|H
96275|Marktzeuln|H
96247|Michelau|H
96243|Michelau|P
96244|Michelau|P
96257|Redwitz|H
96231|Bad Staffelstein|H
96225|Bad Staffelstein|P
96226|Bad Staffelstein|P
96227|Bad Staffelstein|P
96260|Weismain|H
96258|Weismain|P
95680|Bad Alexandersbad|H
95659|Arzberg|H
95186|Höchstädt|H
95691|Hohenberg|H
95691|Hohenberg|P
95158|Kirchenlamitz|H
95153|Kirchenlamitz|P
95154|Kirchenlamitz|P
95100|Vorsuchhütte|H
95168|Marktleuthen|H
95164|Marktleuthen|P
95165|Marktleuthen|P
95615|Marktredwitz|H
95614|Marktredwitz|G
95601|Marktredwitz|P
95602|Marktredwitz|P
95603|Marktredwitz|P
95604|Marktredwitz|P
95605|Marktredwitz|P
95606|Marktredwitz|P
95697|Nagel|H
95195|Röslau|H
95706|Schirnding|H
95173|Schönwald|H
95169|Schönwald|P
95170|Schönwald|P
95100|Selb|H
95098|Selb|G
95085|Selb|P
95086|Selb|P
95087|Selb|P
95088|Selb|P
95089|Selb|P
95090|Selb|P
95091|Selb|P
95707|Thiersheim|H
95199|Thierstein|H
95709|Tröstau|H
95163|Weißenstadt|H
95159|Weißenstadt|P
95160|Weißenstadt|P
95632|Wunsiedel|H
95631|Wunsiedel|G
95620|Wunsiedel|P
95621|Wunsiedel|P
95622|Wunsiedel|P
95623|Wunsiedel|P
95624|Wunsiedel|P
91522|Ansbach|H
91502|Ansbach|P
91503|Ansbach|P
91504|Ansbach|P
91505|Ansbach|P
91506|Ansbach|P
91507|Ansbach|P
91508|Ansbach|P
91509|Ansbach|P
91510|Ansbach|P
91514|Ansbach|P
91511|Ansbach|G
91520|Ansbach|G
91052|Erlangen|H
91054|Erlangen|H
91056|Erlangen|H
91058|Erlangen|H
91050|Erlangen|G
91051|Erlangen|G
91001|Erlangen|P
91002|Erlangen|P
91003|Erlangen|P
91004|Erlangen|P
91005|Erlangen|P
91006|Erlangen|P
91007|Erlangen|P
91008|Erlangen|P
91009|Erlangen|P
91010|Erlangen|P
91011|Erlangen|P
91012|Erlangen|P
91013|Erlangen|P
91014|Erlangen|P
91015|Erlangen|P
91016|Erlangen|P
91017|Erlangen|P
91018|Erlangen|P
91019|Erlangen|P
91020|Erlangen|P
91021|Erlangen|P
91022|Erlangen|P
91023|Erlangen|P
91024|Erlangen|P
91040|Erlangen|P
91060|Erlangen|G
91049|Erlangen|G
91048|Erlangen|G
90762|Fürth|H
90763|Fürth|H
90765|Fürth|H
90766|Fürth|H
90768|Fürth|H
90744|Fürth|G
90752|Fürth|G
90754|Fürth|G
90760|Fürth|G
90701|Fürth|P
90702|Fürth|P
90703|Fürth|P
90704|Fürth|P
90705|Fürth|P
90706|Fürth|P
90707|Fürth|P
90708|Fürth|P
90709|Fürth|P
90710|Fürth|P
90711|Fürth|P
90712|Fürth|P
90713|Fürth|P
90714|Fürth|P
90715|Fürth|P
90716|Fürth|P
90717|Fürth|P
90727|Fürth|P
90728|Fürth|P
90730|Fürth|P
90742|Fürth|G
90725|Fürth|G
90758|Fürth|G
90402|Nürnberg|H
90403|Nürnberg|H
90408|Nürnberg|H
90409|Nürnberg|H
90411|Nürnberg|H
90419|Nürnberg|H
90425|Nürnberg|H
90427|Nürnberg|H
90429|Nürnberg|H
90431|Nürnberg|H
90439|Nürnberg|H
90441|Nürnberg|H
90443|Nürnberg|H
90449|Nürnberg|H
90451|Nürnberg|H
90453|Nürnberg|H
90455|Nürnberg|H
90459|Nürnberg|H
90461|Nürnberg|H
90469|Nürnberg|H
90471|Nürnberg|H
90473|Nürnberg|H
90475|Nürnberg|H
90478|Nürnberg|H
90480|Nürnberg|H
90482|Nürnberg|H
90489|Nürnberg|H
90491|Nürnberg|H
90310|Nürnberg|G
90319|Nürnberg|G
90321|Nürnberg|G
90323|Nürnberg|G
90327|Nürnberg|G
90328|Nürnberg|G
90329|Nürnberg|G
90330|Nürnberg|G
90331|Nürnberg|G
90332|Nürnberg|G
90333|Nürnberg|G
90334|Nürnberg|G
90335|Nürnberg|G
90336|Nürnberg|G
90338|Nürnberg|G
90339|Nürnberg|G
90340|Nürnberg|G
90343|Nürnberg|G
90001|Nürnberg|P
90002|Nürnberg|P
90003|Nürnberg|P
90004|Nürnberg|P
90005|Nürnberg|P
90006|Nürnberg|P
90007|Nürnberg|P
90008|Nürnberg|P
90009|Nürnberg|P
90010|Nürnberg|P
90011|Nürnberg|P
90012|Nürnberg|P
90013|Nürnberg|P
90014|Nürnberg|P
90015|Nürnberg|P
90016|Nürnberg|P
90017|Nürnberg|P
90018|Nürnberg|P
90019|Nürnberg|P
90020|Nürnberg|P
90021|Nürnberg|P
90022|Nürnberg|P
90023|Nürnberg|P
90024|Nürnberg|P
90025|Nürnberg|P
90026|Nürnberg|P
90027|Nürnberg|P
90041|Nürnberg|P
90113|Nürnberg|P
90114|Nürnberg|P
90115|Nürnberg|P
90119|Nürnberg|P
90120|Nürnberg|P
90121|Nürnberg|P
90122|Nürnberg|P
90123|Nürnberg|P
90126|Nürnberg|P
90127|Nürnberg|P
90128|Nürnberg|P
90129|Nürnberg|P
90201|Nürnberg|P
90202|Nürnberg|P
90206|Nürnberg|P
90207|Nürnberg|P
90208|Nürnberg|P
90209|Nürnberg|P
90212|Nürnberg|P
90213|Nürnberg|P
90215|Nürnberg|P
90216|Nürnberg|P
90218|Nürnberg|P
90219|Nürnberg|P
90221|Nürnberg|P
90222|Nürnberg|P
90224|Nürnberg|P
90225|Nürnberg|P
90230|Nürnberg|P
90238|Nürnberg|P
90239|Nürnberg|P
90241|Nürnberg|P
90243|Nürnberg|P
90244|Nürnberg|P
90246|Nürnberg|P
90247|Nürnberg|P
90248|Nürnberg|P
90249|Nürnberg|P
90252|Nürnberg|P
90253|Nürnberg|P
90255|Nürnberg|P
90257|Nürnberg|P
90259|Nürnberg|P
90260|Nürnberg|P
90261|Nürnberg|P
90262|Nürnberg|P
90263|Nürnberg|P
90268|Nürnberg|P
90269|Nürnberg|P
90270|Nürnberg|P
90341|Nürnberg|G
90492|Nürnberg|P
90493|Nürnberg|P
90499|Nürnberg|G
90345|Nürnberg|G
90311|Nürnberg|G
90344|Nürnberg|G
90500|Nürnberg|G
90118|Nürnberg|P
90349|Nürnberg|G
90350|Nürnberg|G
90312|Nürnberg|G
90325|Nürnberg|G
90318|Nürnberg|G
90324|Nürnberg|G
90351|Nürnberg|G
90353|Nürnberg|G
90313|Nürnberg|G
90352|Nürnberg|G
90337|Nürnberg|G
90357|Nürnberg|G
90356|Nürnberg|G
90347|Nürnberg|G
90300|Nürnberg|G
90316|Nürnberg|G
90359|Nürnberg|G
90360|Nürnberg|G
90290|Nürnberg|G
90291|Nürnberg|G
90346|Nürnberg|G
90051|Nürnberg|G
90292|Nürnberg|G
90293|Nürnberg|G
90301|Nürnberg|G
90317|Nürnberg|G
90494|Nürnberg|P
90309|Nürnberg|G
90059|Nürnberg|G
91126|Schwabach|H
91124|Schwabach|G
91101|Schwabach|P
91102|Schwabach|P
91103|Schwabach|P
91104|Schwabach|P
91105|Schwabach|P
91106|Schwabach|P
91107|Schwabach|P
91108|Schwabach|P
91109|Schwabach|P
91110|Schwabach|P
91111|Schwabach|P
91112|Schwabach|P
91125|Schwabach|G
91587|Adelshofen|H
91722|Arberg|H
91589|Aurach|H
91572|Bechhofen|H
91590|Bruckberg|H
91592|Buch a.Wald|H
91595|Burgoberbach|H
91596|Burk|H
91598|Colmberg|H
91599|Dentlein|H
91583|Diebach|H
90599|Dietenhofen|H
90597|Dietenhofen|P
91550|Dinkelsbühl|H
91542|Dinkelsbühl|P
91543|Dinkelsbühl|P
91544|Dinkelsbühl|P
91545|Dinkelsbühl|P
91601|Dombühl|H
91602|Dürrwangen|H
91725|Ehingen|H
91555|Feuchtwangen|H
91604|Flachslanden|H
91607|Gebsattel|H
91726|Gerolfingen|H
91608|Geslau|H
91560|Heilsbronn|H
91567|Herrieden|H
91610|Insingen|H
91731|Langfurth|H
91611|Lehrberg|H
91578|Leutershausen|H
91586|Lichtenau|H
91732|Merkendorf|H
91734|Mitteleschenbach|H
91614|Mönchsroth|H
91564|Neuendettelsau|H
91561|Neuendettelsau|P
91562|Neuendettelsau|P
91616|Neusitz|H
91617|Oberdachstetten|H
91620|Ohrenbach|H
91737|Ornbau|H
91580|Petersaurach|H
91740|Röckingen|H
91541|Rothenburg|H
91533|Rothenburg|P
91534|Rothenburg|P
91535|Rothenburg|P
91536|Rothenburg|P
91622|Rügland|H
91623|Sachsen|H
91583|Schillingsfürst|H
91625|Schnelldorf|H
74594|Gumpenweiler|H
91626|Schopfloch|H
91628|Steinsfeld|H
91743|Unterschwaningen|H
91717|Wassertrüdingen|H
91746|Weidenbach|H
91629|Weihenzell|H
91744|Weiltingen|H
91631|Wettringen|H
91632|Wieseth|H
91634|Wilburgstetten|H
91635|Windelsbach|H
91575|Windsbach|H
91749|Wittelshofen|H
91637|Wörnitz|H
91639|Wolframs-Eschenbach|H
91325|Adelsdorf|H
91086|Aurachtal|H
91083|Baiersdorf|H
91081|Baiersdorf|P
91088|Bubenreuth|H
91088|Bubenreuth|P
91054|Buckenhof|H
90542|Eckental|H
90538|Eckental|P
90539|Eckental|P
91350|Gremsdorf|H
91091|Großenseebach|H
91334|Hemhofen|H
91333|Hemhofen|P
90562|Heroldsberg|H
90560|Heroldsberg|P
91074|Herzogenaurach|H
91072|Herzogenaurach|G
91062|Herzogenaurach|P
91063|Herzogenaurach|P
91064|Herzogenaurach|P
91065|Herzogenaurach|P
91066|Herzogenaurach|P
91071|Herzogenaurach|G
91093|Heßdorf|H
91315|Höchstadt|H
91311|Höchstadt|P
91312|Höchstadt|P
90562|Kalchreuth|H
91077|Gabermühle|H
91077|Minderleinsmühle|H
91475|Lonnerstadt|H
91080|Marloffstein|H
91096|Möhrendorf|H
96172|Mühlhausen|H
91097|Oberreichenbach|H
91341|Röttenbach|H
91339|Röttenbach|P
91080|Spardorf|H
91080|Uttenreuth|H
91078|Uttenreuth|P
91487|Vestenbergsgreuth|H
96193|Wachenroth|H
91085|Weisendorf|H
91084|Weisendorf|P
90614|Ammerndorf|H
90556|Cadolzburg|H
90553|Cadolzburg|P
90554|Cadolzburg|P
90613|Großhabersdorf|H
90579|Langenzenn|H
91469|Erlachskirchen|H
90575|Langenzenn|P
90576|Langenzenn|P
90522|Oberasbach|H
90587|Obermichelbach|H
90617|Puschendorf|H
90574|Roßtal|H
90572|Roßtal|P
90556|Seukendorf|H
90547|Stein|H
90546|Stein|G
90543|Stein|P
90544|Stein|P
90587|Tuchenbach|H
90587|Veitsbronn|H
91452|Wilhermsdorf|H
90513|Zirndorf|H
90511|Zirndorf|G
91236|Alfeld|H
90518|Altdorf|H
90559|Burgthann|H
91238|Engelthal|H
90537|Feucht|H
90531|Feucht|P
90532|Feucht|P
90533|Feucht|P
91230|Happurg|H
91235|Hartenstein|H
91239|Henfenfeld|H
91217|Hersbruck|H
91241|Kirchensittenbach|H
91207|Lauf|H
91191|Lauf|P
91192|Lauf|P
91193|Lauf|P
91194|Lauf|P
91195|Lauf|P
91196|Lauf|P
91200|Lauf|P
91227|Leinburg|H
91284|Neuhaus|H
91284|Neuhaus|P
91233|Neunkirchen|H
91231|Neunkirchen|P
91205|Neunkirchen|G
91238|Offenhausen|H
91242|Ottensoos|H
91224|Pommelsbrunn|H
91244|Reichenschwand|H
90552|Röthenbach|H
90607|Rückersdorf|H
91220|Schnaittach|H
91218|Schnaittach|P
90571|Schwaig|H
90592|Schwarzenbruck|H
90588|Schwarzenbruck|P
90589|Schwarzenbruck|P
91245|Simmelsdorf|H
91235|Velden|H
91247|Vorra|H
90610|Winkelhaid|H
90608|Winkelhaid|P
91438|Bad Windsheim|H
91424|Bad Windsheim|P
91425|Bad Windsheim|P
91426|Bad Windsheim|P
91427|Bad Windsheim|P
91428|Bad Windsheim|P
91429|Bad Windsheim|P
91430|Bad Windsheim|P
91460|Baudenbach|H
91593|Burgbernheim|H
96152|Burghaslach|H
96152|Burghaslach|P
91462|Dachsbach|H
91456|Diespeck|H
91463|Dietersheim|H
91448|Emskirchen|H
91489|Tanzenhaid|H
91444|Emskirchen|P
91445|Emskirchen|P
91465|Ergersheim|H
91605|Gallmersgarten|H
91466|Gerhardshofen|H
97258|Gollhofen|H
91468|Gutenstetten|H
91469|Hagenbüchach|H
97258|Hemmersheim|H
91471|Illesheim|H
97258|Ippesheim|H
91472|Ipsheim|H
91474|Langenfeld|H
91613|Marktbergel|H
91477|Markt Bibart|H
91459|Markt Erlbach|H
91457|Markt Erlbach|P
91478|Markt Nordheim|H
91480|Markt Taschendorf|H
91481|Münchsteinach|H
90616|Neuhof|H
91413|Neustadt|H
91401|Neustadt|P
91402|Neustadt|P
91403|Neustadt|P
91404|Neustadt|P
91405|Neustadt|P
91406|Neustadt|P
91407|Neustadt|P
91408|Neustadt|P
97258|Oberickelsheim|H
91619|Obernzenn|H
91483|Oberscheinfeld|H
91443|Scheinfeld|H
97215|Simmershofen|H
91484|Sugenheim|H
91438|Dutzenthal|H
90619|Trautskirchen|H
91486|Uehlfeld|H
97215|Uffenheim|H
97215|Weigenheim|H
91489|Wilhelmsdorf|H
91183|Abenberg|H
91181|Abenberg|P
90584|Allersberg|H
92342|Realsmühle|H
90580|Allersberg|P
90581|Allersberg|P
91186|Büchenbach|H
91184|Büchenbach|P
91166|Georgensgmünd|H
91171|Greding|H
91167|Greding|P
91168|Greding|P
91180|Heideck|H
91161|Hilpoltstein|H
91155|Hilpoltstein|P
91156|Hilpoltstein|P
91157|Hilpoltstein|P
91126|Kammerstein|H
90596|Schwanstetten|H
91126|Rednitzhembach|H
91187|Röttenbach|H
91189|Rohr|H
91154|Roth|H
91152|Roth|G
91139|Roth|P
91140|Roth|P
91141|Roth|P
91142|Roth|P
91143|Roth|P
91174|Spalt|H
91177|Thalmässing|H
90530|Wendelstein|H
90523|Wendelstein|P
90524|Wendelstein|P
90526|Wendelstein|P
90527|Wendelstein|P
91720|Absberg|H
91793|Alesheim|H
91735|Muhr|H
91790|Bergen|H
91790|Burgsalach|H
91723|Dittenheim|H
91792|Ellingen|H
91791|Ellingen|P
91796|Ettenstatt|H
91728|Gnotzheim|H
91710|Gunzenhausen|H
91709|Gunzenhausen|G
91729|Haundorf|H
91719|Heidenheim|H
91798|Höttingen|H
91799|Langenaltheim|H
91801|Markt Berolzheim|H
91802|Meinheim|H
91790|Nennslingen|H
91788|Pappenheim|H
91786|Pappenheim|P
91738|Pfofeld|H
91785|Pleinfeld|H
91805|Polsingen|H
91790|Raitenbuch|H
91807|Solnhofen|H
91741|Theilenhofen|H
91757|Treuchtlingen|H
91751|Treuchtlingen|P
91752|Treuchtlingen|P
91753|Treuchtlingen|P
91781|Weißenburg|H
91780|Weißenburg|G
91770|Weißenburg|P
91771|Weißenburg|P
91772|Weißenburg|P
91773|Weißenburg|P
91774|Weißenburg|P
91775|Weißenburg|P
91747|Westheim|H
63739|Aschaffenburg|H
63743|Aschaffenburg|H
63735|Aschaffenburg|G
63736|Aschaffenburg|G
63701|Aschaffenburg|P
63702|Aschaffenburg|P
63703|Aschaffenburg|P
63704|Aschaffenburg|P
63705|Aschaffenburg|P
63706|Aschaffenburg|P
63707|Aschaffenburg|P
63708|Aschaffenburg|P
63709|Aschaffenburg|P
63717|Aschaffenburg|P
63718|Aschaffenburg|P
63719|Aschaffenburg|P
63720|Aschaffenburg|P
63741|Aschaffenburg|H
63715|Aschaffenburg|G
97421|Schweinfurt|H
97422|Schweinfurt|H
97424|Schweinfurt|H
97419|Schweinfurt|G
97420|Schweinfurt|G
97401|Schweinfurt|P
97402|Schweinfurt|P
97403|Schweinfurt|P
97404|Schweinfurt|P
97405|Schweinfurt|P
97408|Schweinfurt|P
97409|Schweinfurt|P
97410|Schweinfurt|P
97411|Schweinfurt|P
97412|Schweinfurt|P
97418|Schweinfurt|G
97070|Würzburg|H
97072|Würzburg|H
97074|Würzburg|H
97076|Würzburg|H
97078|Würzburg|H
97080|Würzburg|H
97082|Würzburg|H
97084|Würzburg|H
97064|Würzburg|G
97067|Würzburg|G
97001|Würzburg|P
97002|Würzburg|P
97003|Würzburg|P
97004|Würzburg|P
97005|Würzburg|P
97006|Würzburg|P
97007|Würzburg|P
97008|Würzburg|P
97009|Würzburg|P
97010|Würzburg|P
97011|Würzburg|P
97012|Würzburg|P
97013|Würzburg|P
97014|Würzburg|P
97015|Würzburg|P
97016|Würzburg|P
97017|Würzburg|P
97018|Würzburg|P
97028|Würzburg|P
97029|Würzburg|P
97030|Würzburg|P
97031|Würzburg|P
97032|Würzburg|P
97033|Würzburg|P
97034|Würzburg|P
97035|Würzburg|P
97040|Würzburg|P
97041|Würzburg|P
97042|Würzburg|P
97044|Würzburg|P
97045|Würzburg|P
97090|Würzburg|P
97091|Würzburg|P
97092|Würzburg|P
97093|Würzburg|P
97094|Würzburg|P
97095|Würzburg|P
97103|Würzburg|G
97100|Würzburg|G
97066|Würzburg|G
97099|Würzburg|G
97101|Würzburg|G
97024|Würzburg|G
97025|Würzburg|G
63755|Alzenau|H
63754|Alzenau|G
63747|Alzenau|P
63748|Alzenau|P
63749|Alzenau|P
63751|Alzenau|P
63856|Bessenbach|H
63854|Bessenbach|P
63825|Blankenbach|H
63791|Karlstein|H
63826|Geiselbach|H
63864|Glattbach|H
63773|Goldbach|H
63769|Goldbach|P
63770|Goldbach|P
63762|Großostheim|H
63756|Großostheim|P
63757|Großostheim|P
63758|Großostheim|P
63808|Haibach|H
63806|Haibach|G
63802|Haibach|P
63803|Haibach|P
63804|Haibach|P
63869|Heigenbrücken|H
63872|Heimbuchenthal|H
63874|Höllhammer|H
63871|Heinrichsthal|H
63768|Hösbach|H
63763|Hösbach|P
63764|Hösbach|P
63867|Johannesberg|H
63796|Kahl|H
63792|Kahl|P
63793|Kahl|P
63828|Kleinkahl|H
63801|Kleinostheim|H
63797|Kleinostheim|P
63798|Kleinostheim|P
63829|Krombach|H
63846|Laufach|H
63844|Laufach|P
63814|Mainaschaff|H
63875|Mespelbrunn|H
63776|Mömbris|H
63774|Mömbris|P
63860|Rothenbuch|H
97840|Erlenfurt|H
97840|Lichtenau|H
63877|Sailauf|H
63846|Weiberhof|H
63825|Schöllkrippen|H
63821|Schöllkrippen|P
63822|Schöllkrippen|P
63825|Sommerkahl|H
63811|Stockstadt|H
63809|Stockstadt|P
63857|Waldaschaff|H
63857|Waldaschaff|P
63879|Weibersbrunn|H
63825|Westerngrund|H
63874|Dammbach|H
63863|Hundsrück|H
63831|Wiesen|H
97717|Aura|H
97708|Bad Bocklet|H
97706|Bad Bocklet|P
97769|Bad Brückenau|H
97763|Bad Brückenau|P
97764|Bad Brückenau|P
97765|Bad Brückenau|P
97766|Bad Brückenau|P
97688|Bad Kissingen|H
97685|Bad Kissingen|G
97661|Bad Kissingen|P
97662|Bad Kissingen|P
97663|Bad Kissingen|P
97664|Bad Kissingen|P
97665|Bad Kissingen|P
97666|Bad Kissingen|P
97667|Bad Kissingen|P
97668|Bad Kissingen|P
97669|Bad Kissingen|P
97670|Bad Kissingen|P
97671|Bad Kissingen|P
97672|Bad Kissingen|P
97673|Bad Kissingen|P
97674|Bad Kissingen|P
97705|Burkardroth|H
97703|Burkardroth|P
97725|Elfershausen|H
97717|Euerdorf|H
97715|Euerdorf|P
97727|Fuchsstadt|H
97779|Geroda|H
97762|Hammelburg|H
97711|Maßbach|H
97709|Maßbach|P
97786|Motten|H
97702|Münnerstadt|H
97697|Münnerstadt|P
97698|Münnerstadt|P
97699|Münnerstadt|P
97720|Nüdlingen|H
97718|Nüdlingen|P
97789|Oberleichtersbach|H
97723|Oberthulba|H
97714|Oerlenbach|H
97729|Ramsthal|H
97517|Rannungen|H
97792|Riedenberg|H
97795|Schondra|H
97717|Sulzthal|H
97711|Thundorf|H
97797|Wartmannsroth|H
97772|Wildflecken|H
97799|Zeitlofs|H
97798|Zeitlofs|P
97633|Aubstadt|H
97616|Bad Neustadt|H
97615|Bad Neustadt|G
97601|Bad Neustadt|P
97602|Bad Neustadt|P
97603|Bad Neustadt|P
97604|Bad Neustadt|P
97605|Bad Neustadt|P
97606|Bad Neustadt|P
97607|Bad Neustadt|P
97654|Bastheim|H
97653|Bischofsheim|H
97650|Fladungen|H
97648|Fladungen|P
97633|Großbardorf|H
97633|Großeibstadt|H
97647|Hausen|H
97647|Schweinfurter Haus|H
97647|Thüringer Hütte|H
97640|Hendungen|H
97633|Herbstadt|H
97618|Heustreu|H
97618|Heustreu|P
97633|Höchheim|H
97618|Hohenroth|H
97618|Hohenroth|P
97618|Hollstadt|H
97618|Hollstadt|P
97631|Bad Königshofen|H
97627|Bad Königshofen|P
97628|Bad Königshofen|P
97638|Mellrichstadt|H
97634|Mellrichstadt|P
97635|Mellrichstadt|P
97618|Niederlauer|H
97618|Niederlauer|P
97647|Nordheim|H
97656|Oberelsbach|H
97656|Oberelsbach|P
97640|Oberstreu|H
97645|Ostheim|H
97641|Ostheim|P
97642|Ostheim|P
97618|Rödelmaier|H
97618|Rödelmaier|P
97633|Saal|H
97616|Salz|H
97657|Sandberg|H
97659|Schönau|H
97647|Sondheim|H
97640|Stockheim|H
97618|Strahlungen|H
97618|Strahlungen|P
97528|Sulzdorf|H
97633|Sulzfeld|H
97633|Trappstadt|H
97618|Unsleben|H
97618|Unsleben|P
97647|Willmars|H
97618|Wollbach|H
97618|Wollbach|P
97618|Wülfershausen|H
97618|Wülfershausen|P
97724|Burglauer|H
97491|Aidhausen|H
96151|Breitbrunn|H
97494|Bundorf|H
97496|Burgpreppach|H
97500|Ebelsbach|H
96106|Ebern|H
96104|Ebern|P
97483|Eltmann|H
97503|Gädheim|H
97437|Haßfurt|H
97428|Haßfurt|P
97429|Haßfurt|P
97430|Haßfurt|P
97431|Haßfurt|P
97432|Haßfurt|P
97433|Haßfurt|P
97461|Hofheim|H
97457|Hofheim|P
97458|Hofheim|P
97519|Riedbach|H
97514|Oberaurach|H
97514|Oberaurach|P
96166|Kirchlauter|H
97486|Klaubmühle|H
97478|Knetzgau|H
97476|Knetzgau|P
97486|Königsberg|H
97484|Königsberg|P
96126|Maroldsweisach|H
97531|Theres|H
96176|Pfarrweisach|H
96181|Rauhenebrach|H
97514|Markertsgrün|H
97514|Markertsgrün|P
96184|Rentweinsdorf|H
97522|Sand|H
97522|Sand|P
96188|Stettfeld|H
96190|Untermerzbach|H
97539|Wonfurt|H
97475|Zeil|H
97470|Zeil|P
97471|Zeil|P
97472|Zeil|P
97473|Zeil|P
96126|Ermershausen|H
97355|Abtswind|H
97320|Albertshofen|H
97318|Biebelried|H
97320|Buchbrunn|H
97355|Castell|H
97337|Dettelbach|H
96160|Geiselwind|H
96160|Geiselwind|P
97320|Großlangheim|H
97346|Iphofen|H
97343|Iphofen|P
97344|Iphofen|P
97318|Kitzingen|H
97301|Kitzingen|P
97302|Kitzingen|P
97303|Kitzingen|P
97304|Kitzingen|P
97305|Kitzingen|P
97306|Kitzingen|P
97307|Kitzingen|P
97308|Kitzingen|P
97355|Kleinlangheim|H
97350|Mainbernheim|H
97320|Mainstockheim|H
97340|Marktbreit|H
97338|Marktbreit|P
97348|Markt Einersheim|H
97342|Marktsteft|H
97340|Martinsheim|H
97334|Nordheim|H
97342|Obernbreit|H
97357|Prichsenstadt|H
97348|Rödelsee|H
97355|Rüdenhausen|H
97359|Schwarzach|H
97340|Segnitz|H
97342|Seinsheim|H
97334|Sommerach|H
97320|Sulzfeld|H
97332|Volkach|H
97326|Volkach|P
97327|Volkach|P
97328|Volkach|P
97355|Wiesenbronn|H
97353|Wiesentheid|H
97348|Willanzheim|H
97901|Altenbuch|H
63916|Amorbach|H
63912|Amorbach|P
63913|Amorbach|P
63927|Bürgstadt|H
97903|Collenberg|H
97896|Kirschfurt|H
97904|Dorfprozelten|H
63928|Eichenbühl|H
97896|Ebenheider Hof|H
63820|Elsenfeld|H
63815|Elsenfeld|P
63816|Elsenfeld|P
63906|Erlenbach|H
63900|Erlenbach|P
63901|Erlenbach|P
63902|Erlenbach|P
63863|Eschau|H
97906|Faulbach|H
97906|Faulbach|P
63920|Großheubach|H
63868|Großwallstadt|H
63868|Großwallstadt|P
63840|Hausen|H
63931|Kirchzell|H
63924|Kleinheubach|H
63921|Kleinheubach|P
63922|Kleinheubach|P
63839|Kleinwallstadt|H
63835|Kleinwallstadt|P
63836|Kleinwallstadt|P
63911|Klingenberg|H
63925|Laudenbach|H
63925|Brunnthal|H
63849|Leidersbach|H
63897|Miltenberg|H
63881|Miltenberg|P
63882|Miltenberg|P
63883|Miltenberg|P
63884|Miltenberg|P
63885|Miltenberg|P
63886|Miltenberg|P
63887|Miltenberg|P
63888|Miltenberg|P
63853|Mömlingen|H
63850|Mömlingen|P
63851|Mömlingen|P
63933|Mönchberg|H
63933|Mönchberg|P
63930|Neunkirchen|H
63843|Niedernberg|H
63842|Niedernberg|P
63785|Obernburg|H
63784|Obernburg|G
63777|Obernburg|P
63778|Obernburg|P
63779|Obernburg|P
63781|Obernburg|P
63934|Röllbach|H
63924|Rüdenau|H
63936|Schneeberg|H
97909|Stadtprozelten|H
63834|Sulzbach|H
63937|Weilbach|H
63916|Sansenhof|H
63939|Wörth|H
63939|Wörth|P
97450|Arnstein|H
97448|Arnstein|P
97773|Aura|H
97834|Birkenfeld|H
97836|Bischbrunn|H
97852|Schleifmühle|H
97775|Burgsinn|H
97837|Erlenbach|H
97839|Esselbach|H
97836|Karlshöhe|H
97836|Schleifthor|H
97776|Eußenheim|H
97778|Fellen|H
97833|Frammersbach|H
97829|Frammersbach|P
97830|Frammersbach|P
97737|Gemünden|H
97731|Gemünden|P
97732|Gemünden|P
97733|Gemünden|P
97780|Gössenheim|H
97782|Gräfendorf|H
97840|Hafenlohr|H
97907|Hasloch|H
97267|Himmelstadt|H
97842|Karbach|H
97753|Karlstadt|H
97747|Karlstadt|P
97748|Karlstadt|P
97749|Karlstadt|P
97783|Karsbach|H
97892|Kreuzwertheim|H
97888|Kreuzwertheim|P
97889|Kreuzwertheim|P
97855|Triefenstein|H
97816|Lohr|H
97813|Lohr|G
97801|Lohr|P
97802|Lohr|P
97803|Lohr|P
97804|Lohr|P
97805|Lohr|P
97806|Lohr|P
97814|Lohr|G
97828|Marktheidenfeld|H
97820|Marktheidenfeld|P
97821|Marktheidenfeld|P
97822|Marktheidenfeld|P
97823|Marktheidenfeld|P
97785|Mittelsinn|H
97788|Neuendorf|H
97843|Neuhütten|H
97845|Neustadt|H
97791|Obersinn|H
97846|Partenstein|H
97848|Rechtenbach|H
97282|Retzstadt|H
97794|Rieneck|H
97849|Roden|H
97851|Rothenfels|H
97852|Schollbrunn|H
97907|Karthause Grünau|H
97854|Steinfeld|H
97289|Thüngen|H
97857|Urspringen|H
97859|Wiesthal|H
97225|Zellingen|H
97493|Bergrheinfeld|H
97493|Bergrheinfeld|P
97497|Dingolshausen|H
97456|Dittelbrunn|H
97499|Donnersdorf|H
97502|Euerbach|H
97447|Frankenwinheim|H
97505|Geldersheim|H
97447|Gerolzhofen|H
97441|Gerolzhofen|P
97442|Gerolzhofen|P
97443|Gerolzhofen|P
97469|Gochsheim|H
97465|Gochsheim|P
97466|Gochsheim|P
97506|Grafenrheinfeld|H
97508|Grettstadt|H
97509|Kolitzheim|H
97511|Lülsfeld|H
97513|Michelau|H
97464|Niederwerrn|H
97462|Niederwerrn|P
97516|Oberschwarzach|H
97490|Poppenhausen|H
97520|Röthlein|H
97521|Röthlein|P
97453|Schonungen|H
97526|Reichelshof|H
97451|Schonungen|P
97523|Schwanfeld|H
97523|Schwanfeld|P
97525|Schwebheim|H
97525|Schwebheim|P
97526|Sennfeld|H
97488|Stadtlauringen|H
97529|Sulzheim|H
97532|Üchtelhausen|H
97534|Waigolshausen|H
97535|Wasserlosen|H
97440|Werneck|H
97438|Werneck|P
97537|Wipfeld|H
97509|Kloster St Ludwig|H
97239|Aub|H
97241|Bergtheim|H
97243|Bieberehren|H
97244|Bütthard|H
97246|Eibelstadt|H
97249|Eisingen|H
97250|Erlabrunn|H
97230|Estenfeld|H
97252|Frickenhausen|H
97253|Gaukönigshofen|H
97255|Gelchsheim|H
97218|Gerbrunn|H
97256|Geroldshausen|H
97232|Giebelstadt|H
97259|Greußenheim|H
97261|Güntersleben|H
97262|Hausen|H
97264|Helmstadt|H
97265|Hettstadt|H
97204|Höchberg|H
97200|Höchberg|P
97201|Höchberg|P
97292|Holzkirchen|H
97268|Kirchheim|H
97270|Kist|H
97271|Kleinrinderfeld|H
97273|Kürnach|H
97276|Margetshöchheim|H
97276|Margetshöchheim|P
97277|Neubrunn|H
97237|Altertheim|H
97247|Eisenheim|H
97241|Oberpleichfeld|H
97199|Ochsenfurt|H
97195|Ochsenfurt|P
97196|Ochsenfurt|P
97197|Ochsenfurt|P
97198|Ochsenfurt|P
97279|Prosselsheim|H
97236|Randersacker|H
97234|Reichenberg|H
97280|Remlingen|H
97292|Holzmühle|H
97283|Riedenheim|H
97222|Rimpar|H
97285|Röttingen|H
97228|Rottendorf|H
97226|Rottendorf|P
97227|Rottendorf|G
97286|Sommerhausen|H
97255|Sonderhofen|H
97285|Tauberrettersheim|H
97288|Theilheim|H
97291|Thüngersheim|H
97292|Uettingen|H
97274|Leinach|H
97294|Unterpleichfeld|H
97209|Veitshöchheim|H
97205|Veitshöchheim|P
97206|Veitshöchheim|P
97295|Waldbrunn|H
97297|Waldbüttelbrunn|H
97286|Winterhausen|H
97299|Zell|H
86150|Augsburg|H
86152|Augsburg|H
86153|Augsburg|H
86154|Augsburg|H
86156|Augsburg|H
86157|Augsburg|H
86159|Augsburg|H
86161|Augsburg|H
86163|Augsburg|H
86165|Augsburg|H
86167|Augsburg|H
86169|Augsburg|H
86179|Augsburg|H
86199|Augsburg|H
86132|Augsburg|G
86133|Augsburg|G
86134|Augsburg|G
86135|Augsburg|G
86136|Augsburg|G
86142|Augsburg|G
86143|Augsburg|G
86144|Augsburg|G
86145|Augsburg|G
86147|Augsburg|G
86001|Augsburg|P
86002|Augsburg|P
86003|Augsburg|P
86004|Augsburg|P
86005|Augsburg|P
86006|Augsburg|P
86007|Augsburg|P
86008|Augsburg|P
86009|Augsburg|P
86010|Augsburg|P
86011|Augsburg|P
86012|Augsburg|P
86013|Augsburg|P
86014|Augsburg|P
86015|Augsburg|P
86016|Augsburg|P
86026|Augsburg|P
86027|Augsburg|P
86028|Augsburg|P
86029|Augsburg|P
86030|Augsburg|P
86031|Augsburg|P
86032|Augsburg|P
86033|Augsburg|P
86034|Augsburg|P
86035|Augsburg|P
86036|Augsburg|P
86037|Augsburg|P
86038|Augsburg|P
86039|Augsburg|P
86040|Augsburg|P
86041|Augsburg|P
86042|Augsburg|P
86043|Augsburg|P
86044|Augsburg|P
86045|Augsburg|P
86046|Augsburg|P
86047|Augsburg|P
86048|Augsburg|P
86062|Augsburg|P
86063|Augsburg|P
86067|Augsburg|P
86068|Augsburg|P
86069|Augsburg|P
86070|Augsburg|P
86071|Augsburg|P
86072|Augsburg|P
86073|Augsburg|P
86171|Augsburg|P
86172|Augsburg|P
86181|Augsburg|P
86182|Augsburg|P
86183|Augsburg|P
86211|Augsburg|P
86212|Augsburg|P
86213|Augsburg|P
86225|Augsburg|G
86226|Augsburg|G
86177|Augsburg|G
86094|Augsburg|P
86095|Augsburg|P
86224|Augsburg|G
86086|Augsburg|P
86087|Augsburg|P
86223|Augsburg|G
86100|Augsburg|G
86197|Augsburg|G
86121|Augsburg|G
86173|Augsburg|P
86220|Augsburg|G
86219|Augsburg|G
86141|Augsburg|G
86218|Augsburg|G
86216|Augsburg|G
86140|Augsburg|G
86130|Augsburg|G
86221|Augsburg|G
86122|Augsburg|G
87600|Kaufbeuren|H
87571|Kaufbeuren|P
87572|Kaufbeuren|P
87573|Kaufbeuren|P
87574|Kaufbeuren|P
87575|Kaufbeuren|P
87576|Kaufbeuren|P
87577|Kaufbeuren|P
87578|Kaufbeuren|P
87584|Kaufbeuren|P
87585|Kaufbeuren|P
87586|Kaufbeuren|P
87587|Kaufbeuren|P
87588|Kaufbeuren|P
87435|Kempten|H
87437|Kempten|H
87439|Kempten|H
87432|Kempten|G
87401|Kempten|P
87402|Kempten|P
87403|Kempten|P
87404|Kempten|P
87405|Kempten|P
87406|Kempten|P
87407|Kempten|P
87408|Kempten|P
87409|Kempten|P
87410|Kempten|P
87411|Kempten|P
87412|Kempten|P
87413|Kempten|P
87414|Kempten|P
87415|Kempten|P
87416|Kempten|P
87440|Kempten|P
87441|Kempten|P
87443|Kempten|G
87400|Kempten|G
87428|Kempten|G
87700|Memmingen|H
87681|Memmingen|P
87682|Memmingen|P
87683|Memmingen|P
87684|Memmingen|P
87685|Memmingen|P
87686|Memmingen|P
87687|Memmingen|P
87688|Memmingen|P
87689|Memmingen|P
87697|Memmingen|G
86559|Adelzhausen|H
86444|Affing|H
86442|Affing|P
86551|Aichach|H
86542|Aichach|P
86543|Aichach|P
86544|Aichach|P
86545|Aichach|P
86447|Aindling|H
86445|Aindling|P
86453|Dasing|H
86495|Eurasburg|H
86316|Friedberg|H
86313|Friedberg|G
86568|Hollenbach|H
86570|Inchenhofen|H
86438|Kissing|H
86436|Kissing|G
86556|Kühbach|H
86555|Kühbach|P
86504|Merching|H
86415|Mering|H
86406|Mering|P
86407|Mering|P
86408|Mering|P
86573|Obergriesbach|H
86574|Petersdorf|H
86554|Pöttmes|H
86508|Rehling|H
86510|Ried|H
86576|Schiltberg|H
86511|Schmiechen|H
86577|Sielenbach|H
82297|Steindorf|H
86447|Todtenweis|H
86674|Baar|H
86477|Adelsried|H
86477|Adelsried|P
86695|Allmannshofen|H
86450|Altenmünster|H
86482|Aystetten|H
86485|Biberbach|H
86399|Bobingen|H
86392|Bobingen|P
86397|Bobingen|G
86394|Bobingen|P
86486|Bonstetten|H
86420|Diedorf|H
86416|Diedorf|P
86424|Dinkelscherben|H
86678|Ehingen|H
86679|Ellgau|H
86494|Emersacker|H
86850|Fischach|H
86846|Fischach|P
86847|Fischach|P
86456|Gablingen|H
86368|Gersthofen|H
86357|Gersthofen|P
86358|Gersthofen|P
86359|Gersthofen|P
86459|Gessertshausen|H
86836|Graben|H
86845|Großaitingen|H
86843|Großaitingen|P
86465|Heretsried|H
86856|Hiltenfingen|H
86497|Horgau|H
86507|Kleinaitingen|H
86836|Klosterlechfeld|H
86343|Königsbrunn|H
86329|Königsbrunn|P
86330|Königsbrunn|P
86331|Königsbrunn|P
86332|Königsbrunn|P
86707|Kühlenthal|H
86500|Kutzenhausen|H
86863|Langenneufnach|H
86853|Langerringen|H
86851|Langerringen|P
86462|Langweid|H
86405|Meitingen|H
86400|Meitingen|P
86401|Meitingen|P
86866|Mickhausen|H
86868|Mittelneufnach|H
86356|Neusäß|H
86344|Neusäß|P
86345|Neusäß|P
86346|Neusäß|P
86695|Nordendorf|H
86507|Oberottmarshausen|H
86872|Scherstetten|H
86830|Schwabmünchen|H
86826|Schwabmünchen|P
86827|Schwabmünchen|P
86391|Stadtbergen|H
86382|Stadtbergen|P
86383|Stadtbergen|P
86672|Thierhaupten|H
86836|Untermeitingen|H
86837|Untermeitingen|P
86834|Untermeitingen|P
86514|Ustersbach|H
86877|Walkertshofen|H
86517|Wehringen|H
86465|Welden|H
86707|Westendorf|H
86441|Zusmarshausen|H
89344|Aislingen|H
89429|Bachhagel|H
89431|Bächingen|H
86637|Binswangen|H
86657|Bissingen|H
86656|Bissingen|P
89434|Blindheim|H
86647|Buttenwiesen|H
86646|Buttenwiesen|G
86644|Buttenwiesen|P
89407|Dillingen|H
89401|Dillingen|P
89402|Dillingen|P
89353|Glött|H
89423|Gundelfingen|H
89421|Gundelfingen|P
89437|Haunsheim|H
89420|Höchstädt|H
89438|Holzheim|H
89438|Holzheim|P
86502|Laugna|H
89415|Lauingen|H
89411|Lauingen|P
89412|Lauingen|P
89440|Lutzingen|H
89426|Mödingen|H
89435|Finningen|H
89441|Medlingen|H
89443|Schwenningen|H
89428|Syrgenstein|H
86637|Villenbach|H
86637|Wertingen|H
86634|Wertingen|P
86635|Wertingen|P
89426|Wittislingen|H
89424|Wittislingen|P
89446|Ziertheim|H
89447|Zöschingen|H
86637|Zusamaltheim|H
86480|Aletshausen|H
86483|Balzhausen|H
86513|Ursberg|H
86488|Breitenthal|H
89347|Bubesheim|H
89346|Bibertal|H
89331|Burgau|H
89325|Burgau|P
89326|Burgau|P
89327|Burgau|P
89349|Burtenbach|H
86489|Deisenhausen|H
89350|Dürrlauingen|H
86491|Ebershausen|H
89352|Ellzee|H
89312|Günzburg|H
89308|Günzburg|P
89309|Günzburg|P
89355|Gundremmingen|H
89356|Haldenwang|H
89335|Ichenhausen|H
89332|Ichenhausen|P
89343|Jettingen-Scheppach|H
89341|Jettingen-Scheppach|P
89358|Kammeltal|H
89359|Kötz|H
86381|Krumbach|H
86379|Krumbach|G
86369|Krumbach|P
86370|Krumbach|P
86371|Krumbach|P
89361|Landensberg|H
89340|Leipheim|H
89336|Leipheim|P
89337|Leipheim|P
86505|Münsterhausen|H
86476|Neuburg|H
86479|Aichen|H
89362|Offingen|H
89364|Rettenbach|H
89365|Röfingen|H
86470|Thannhausen|H
86469|Thannhausen|G
86519|Wiesenbach|H
89367|Waldstetten|H
89335|Brandfeld|H
89335|Heubelsburg|H
89335|Wiblishauserhof|H
86480|Waltenhausen|H
89368|Winterbach|H
86473|Ziemetshausen|H
86471|Ziemetshausen|P
89281|Altenstadt|H
89279|Altenstadt|P
89287|Bellenberg|H
89285|Bellenberg|P
89290|Buch|H
89288|Buch|P
89291|Holzheim|H
89257|Illertissen|H
89251|Illertissen|P
89252|Illertissen|P
89253|Illertissen|P
89254|Illertissen|P
89293|Kellmünz|H
89278|Nersingen|H
89276|Nersingen|P
89231|Neu-Ulm|H
89233|Neu-Ulm|H
89087|Neu-Ulm|P
89275|Elchingen|H
89270|Elchingen|P
89272|Elchingen|P
89294|Oberroth|H
89296|Osterberg|H
89284|Pfaffenhofen|H
89297|Roggenburg|H
89290|Hochbuch|H
89250|Senden|H
89240|Senden|P
89241|Senden|P
89242|Senden|P
89243|Senden|P
89244|Senden|P
89299|Unterroth|H
89269|Vöhringen|H
89265|Vöhringen|P
89266|Vöhringen|P
89264|Weißenhorn|H
89258|Weißenhorn|P
89259|Weißenhorn|P
89260|Weißenhorn|P
88131|Bodolz|H
88167|Gestratz|H
88167|Lengersau|H
88167|Malleichen|H
88167|Grünenbach|H
88178|Heimenkirch|H
88176|Heimenkirch|P
88138|Hergensweiler|H
88131|Lindau|H
88129|Lindau|G
88101|Lindau|P
88102|Lindau|P
88103|Lindau|P
88104|Lindau|P
88105|Lindau|P
88106|Lindau|P
88107|Lindau|P
88108|Lindau|P
88111|Lindau|P
88113|Lindau|P
88114|Lindau|P
88115|Lindau|P
88116|Lindau|P
88128|Lindau|G
88161|Lindenberg|H
88151|Lindenberg|P
88152|Lindenberg|P
88153|Lindenberg|P
88154|Lindenberg|P
88155|Lindenberg|P
88167|Maierhöfen|H
88149|Nonnenhorn|H
88149|Nonnenhorn|P
88179|Oberreute|H
88145|Opfenbach|H
88167|Röthenbach|H
88175|Scheidegg|H
88172|Scheidegg|P
88173|Scheidegg|P
88138|Sigmarszell|H
88175|Westkinberg|H
88167|Stiefenhofen|H
88142|Wasserburg|H
88140|Wasserburg|P
88171|Weiler-Simmerberg|H
88168|Weiler-Simmerberg|P
88169|Weiler-Simmerberg|P
88138|Weißensberg|H
88145|Hergatz|H
87648|Aitrang|H
87640|Biessenhofen|H
87650|Baisweil|H
87651|Bidingen|H
86807|Buchloe|H
86801|Buchloe|P
86802|Buchloe|P
86803|Buchloe|P
87653|Eggenthal|H
87782|Sonderhof|H
87637|Eisenberg|H
87654|Friesenried|H
87629|Füssen|H
87617|Füssen|P
87618|Füssen|P
87619|Füssen|P
87620|Füssen|P
87621|Füssen|P
87622|Füssen|P
87623|Füssen|P
87656|Germaringen|H
87656|Germaringen|P
87657|Görisried|H
87659|Hopferau|H
87634|Günzach|H
87660|Irsee|H
86860|Jengen|H
87662|Kaltental|H
87647|Kraftisried|H
86862|Lamerdingen|H
86983|Lechbruck|H
86983|Lechbruck|P
87663|Lengenwang|H
87616|Marktoberdorf|H
87609|Marktoberdorf|P
87610|Marktoberdorf|P
87611|Marktoberdorf|P
87612|Marktoberdorf|P
87665|Mauerstetten|H
87665|Mauerstetten|P
87484|Nesselwang|H
87481|Nesselwang|P
87482|Nesselwang|P
87634|Obergünzburg|H
87630|Obergünzburg|P
87631|Obergünzburg|P
86869|Oberostendorf|H
87662|Osterzell|H
87666|Pforzen|H
87459|Pfronten|H
87453|Pfronten|P
87454|Pfronten|P
87455|Pfronten|P
87669|Rieden|H
87668|Rieden|H
87671|Ronsberg|H
87724|Schochen|H
87672|Roßhaupten|H
87674|Ruderatshofen|H
87494|Rückholz|H
87645|Schwangau|H
87643|Schwangau|P
87637|Seeg|H
87675|Stötten|H
87677|Stöttwang|H
87642|Halblech|H
87647|Unterthingau|H
87496|Untrasried|H
86875|Waal|H
87616|Wald|H
87679|Westendorf|H
87675|Rettenbach|H
86854|Amberg|H
87742|Apfeltrach|H
87727|Babenhausen|H
87725|Babenhausen|P
86825|Bad Wörishofen|H
86814|Bad Wörishofen|P
86815|Bad Wörishofen|P
86816|Bad Wörishofen|P
86817|Bad Wörishofen|P
86818|Bad Wörishofen|P
86819|Bad Wörishofen|P
86820|Bad Wörishofen|P
87734|Benningen|H
87736|Böhen|H
87737|Boos|H
87739|Breitenbrunn|H
87740|Buxheim|H
87742|Dirlewang|H
87782|Wallenried|H
87743|Egg|H
87745|Eppishausen|H
87746|Erkheim|H
86833|Ettringen|H
87748|Fellheim|H
87730|Bad Grönenbach|H
87749|Hawangen|H
87751|Heimertingen|H
87752|Holzgünz|H
87755|Kirchhaslach|H
87770|Beblinstetten|H
87757|Kirchheim|H
87758|Kronburg|H
87760|Lachen|H
87761|Lauben|H
87743|Betzenhausen|H
87763|Lautrach|H
87764|Legau|H
87733|Markt Rettenbach|H
87671|Flohkraut|H
87724|Krautenberg|H
86865|Markt Wald|H
87766|Memmingerberg|H
87766|Memmingerberg|P
87719|Mindelheim|H
87711|Mindelheim|P
87712|Mindelheim|P
87713|Mindelheim|P
87714|Mindelheim|P
87715|Mindelheim|P
87767|Niederrieden|H
87754|Kammlach|H
87769|Oberrieden|H
87770|Oberschönegg|H
87724|Ottobeuren|H
87720|Ottobeuren|P
87721|Ottobeuren|P
87772|Pfaffenhausen|H
87773|Pleß|H
87775|Salgen|H
87757|Bronnerlehe|H
87776|Sontheim|H
87778|Stetten|H
87779|Trunkelsberg|H
86842|Türkheim|H
86838|Türkheim|P
86839|Türkheim|P
86874|Tussenhausen|H
87781|Ungerhausen|H
87782|Unteregg|H
86871|Rammingen|H
87784|Westerheim|H
86879|Wiedergeltingen|H
87785|Winterrieden|H
87787|Wolfertschwenden|H
87789|Woringen|H
86498|Kettershausen|H
86733|Alerheim|H
86735|Amerdingen|H
86663|Asbach-Bäumenheim|H
86736|Auhausen|H
91717|Linkersbaindt|H
86675|Buchdorf|H
86653|Daiting|H
86738|Deiningen|H
86609|Donauwörth|H
86607|Donauwörth|G
86601|Donauwörth|P
86602|Donauwörth|P
86603|Donauwörth|P
86604|Donauwörth|P
86606|Donauwörth|G
86739|Ederheim|H
86741|Ehingen|H
86735|Forheim|H
86742|Fremdingen|H
86681|Fünfstetten|H
86682|Genderkingen|H
86744|Hainsfarth|H
86655|Harburg|H
86745|Hohenaltheim|H
86739|Karlshof|H
86684|Holzheim|H
86685|Huisheim|H
86687|Kaisheim|H
86747|Maihingen|H
86748|Marktoffingen|H
86688|Marxheim|H
86750|Megesheim|H
86690|Mertingen|H
86689|Mertingen|P
86751|Mönchsdeggingen|H
86753|Möttingen|H
86653|Monheim|H
86651|Monheim|P
86652|Monheim|G
86692|Münster|H
86754|Munningen|H
86694|Niederschönenfeld|H
86720|Nördlingen|H
86711|Nördlingen|P
86712|Nördlingen|P
86713|Nördlingen|P
86714|Nördlingen|P
86715|Nördlingen|P
86716|Nördlingen|P
86698|Oberndorf|H
86732|Oettingen|H
86700|Otting|H
86641|Rain|H
86640|Rain|G
86756|Reimlingen|H
86703|Rögling|H
86704|Tagmersheim|H
86660|Tapfheim|H
86757|Wallerstein|H
86759|Wechingen|H
86650|Wemding|H
86709|Wolferstadt|H
87452|Altusried|H
87449|Altusried|P
87538|Balderschwang|H
87488|Betzigau|H
87544|Blaichach|H
87538|Bolsterlang|H
87474|Buchenberg|H
87545|Burgberg|H
87463|Dietmannsried|H
87460|Dietmannsried|P
87471|Durach|H
87467|Durach|P
87468|Durach|P
87538|Fischen|H
87535|Fischen|P
87536|Fischen|P
87490|Haldenwang|H
87541|Bad Hindelang|H
87539|Bad Hindelang|P
87509|Immenstadt|H
87493|Lauben|H
87547|Missen-Wilhams|H
87466|Oy-Mittelberg|H
87538|Obermaiselstein|H
87534|Oberstaufen|H
87528|Oberstaufen|P
87529|Oberstaufen|P
87561|Oberstdorf|H
87551|Oberstdorf|P
87552|Oberstdorf|P
87553|Oberstdorf|P
87554|Oberstdorf|P
87555|Oberstdorf|P
87527|Ofterschwang|H
87549|Rettenberg|H
87527|Sonthofen|H
87477|Sulzberg|H
87448|Waltenhofen|H
87480|Weitnau|H
87478|Weitnau|P
87497|Wertach|H
87487|Wiggensbach|H
87485|Wiggensbach|P
87499|Wildpoldsried|H
66111|Saarbrücken|H
66113|Saarbrücken|N
66115|Saarbrücken|N
66117|Saarbrücken|N
66119|Saarbrücken|N
66121|Saarbrücken|N
66123|Saarbrücken|N
66125|Saarbrücken|N
66126|Saarbrücken|N
66127|Saarbrücken|N
66128|Saarbrücken|N
66129|Saarbrücken|N
66130|Saarbrücken|N
66131|Saarbrücken|N
66132|Saarbrücken|N
66133|Saarbrücken|N
66100|Saarbrücken|G
66101|Saarbrücken|G
66102|Saarbrücken|G
66103|Saarbrücken|G
66104|Saarbrücken|G
66106|Saarbrücken|G
66108|Saarbrücken|G
66001|Saarbrücken|P
66002|Saarbrücken|P
66003|Saarbrücken|P
66004|Saarbrücken|P
66005|Saarbrücken|P
66006|Saarbrücken|P
66007|Saarbrücken|P
66008|Saarbrücken|P
66009|Saarbrücken|P
66010|Saarbrücken|P
66011|Saarbrücken|P
66012|Saarbrücken|P
66013|Saarbrücken|P
66014|Saarbrücken|P
66015|Saarbrücken|P
66016|Saarbrücken|P
66017|Saarbrücken|P
66018|Saarbrücken|P
66019|Saarbrücken|P
66020|Saarbrücken|P
66021|Saarbrücken|P
66022|Saarbrücken|P
66023|Saarbrücken|P
66024|Saarbrücken|P
66025|Saarbrücken|P
66026|Saarbrücken|P
66027|Saarbrücken|P
66028|Saarbrücken|P
66029|Saarbrücken|P
66030|Saarbrücken|P
66031|Saarbrücken|P
66032|Saarbrücken|P
66033|Saarbrücken|P
66053|Saarbrücken|P
66057|Saarbrücken|P
66059|Saarbrücken|P
66060|Saarbrücken|P
66061|Saarbrücken|P
66063|Saarbrücken|P
66065|Saarbrücken|P
66067|Saarbrücken|P
66099|Saarbrücken|G
66140|Saarbrücken|P
66141|Saarbrücken|P
66142|Saarbrücken|P
66143|Saarbrücken|P
66150|Saarbrücken|G
66094|Saarbrücken|G
66070|Saarbrücken|P
66200|Saarbrücken|G
66109|Saarbrücken|G
66097|Saarbrücken|G
66098|Saarbrücken|G
66087|Saarbrücken|G
66088|Saarbrücken|G
66090|Saarbrücken|G
66086|Saarbrücken|G
66083|Saarbrücken|G
66084|Saarbrücken|G
66299|Friedrichsthal|H
66293|Friedrichsthal|P
66294|Friedrichsthal|P
66295|Friedrichsthal|P
66352|Großrosseln|H
66347|Großrosseln|P
66348|Großrosseln|P
66265|Heusweiler|H
66259|Heusweiler|P
66260|Heusweiler|P
66271|Kleinblittersdorf|H
66266|Kleinblittersdorf|P
66346|Püttlingen|H
66337|Püttlingen|P
66338|Püttlingen|P
66340|Püttlingen|P
66341|Püttlingen|P
66287|Quierschied|H
66282|Quierschied|P
66292|Riegelsberg|H
66288|Riegelsberg|P
66289|Riegelsberg|P
66280|Sulzbach|H
66272|Sulzbach|P
66273|Sulzbach|P
66274|Sulzbach|P
66275|Sulzbach|P
66333|Völklingen|H
66330|Völklingen|G
66301|Völklingen|P
66302|Völklingen|P
66303|Völklingen|P
66304|Völklingen|P
66305|Völklingen|P
66306|Völklingen|P
66307|Völklingen|P
66308|Völklingen|P
66309|Völklingen|P
66310|Völklingen|P
66311|Völklingen|P
66312|Völklingen|P
66321|Völklingen|P
66322|Völklingen|P
66701|Beckingen|H
66694|Beckingen|P
66695|Beckingen|P
66679|Losheim|H
66663|Merzig|H
66651|Merzig|P
66652|Merzig|P
66653|Merzig|P
66654|Merzig|P
66657|Merzig|P
66661|Merzig|G
66693|Mettlach|H
66688|Mettlach|P
66689|Mettlach|P
66706|Perl|H
66702|Perl|P
66703|Perl|P
66687|Wadern|H
66680|Wadern|P
66681|Wadern|P
66684|Wadern|P
66709|Weiskirchen|H
66707|Weiskirchen|P
66571|Eppelborn|H
66565|Eppelborn|P
66566|Eppelborn|P
66557|Illingen|H
66549|Illingen|P
66550|Illingen|P
66589|Merchweiler|H
66584|Merchweiler|P
66585|Merchweiler|P
66538|Neunkirchen|H
66539|Neunkirchen|N
66540|Neunkirchen|N
66511|Neunkirchen|P
66512|Neunkirchen|P
66513|Neunkirchen|P
66514|Neunkirchen|P
66515|Neunkirchen|P
66516|Neunkirchen|P
66517|Neunkirchen|P
66518|Neunkirchen|P
66519|Neunkirchen|P
66520|Neunkirchen|P
66521|Neunkirchen|P
66522|Neunkirchen|P
66531|Neunkirchen|P
66564|Ottweiler|H
66558|Ottweiler|P
66559|Ottweiler|P
66560|Ottweiler|P
66578|Schiffweiler|H
66583|Spiesen-Elversberg|H
66579|Spiesen-Elversberg|P
66580|Spiesen-Elversberg|P
66763|Dillingen|H
66744|Dillingen|P
66745|Dillingen|P
66746|Dillingen|P
66747|Dillingen|P
66748|Dillingen|P
66749|Dillingen|P
66750|Dillingen|P
66751|Dillingen|P
66752|Dillingen|P
66822|Lebach|H
66811|Lebach|P
66809|Nalbach|H
66780|Rehlingen-Siersburg|H
66774|Rehlingen-Siersburg|P
66775|Rehlingen-Siersburg|P
66777|Rehlingen-Siersburg|P
66740|Saarlouis|H
66738|Saarlouis|G
66711|Saarlouis|P
66712|Saarlouis|P
66713|Saarlouis|P
66714|Saarlouis|P
66715|Saarlouis|P
66716|Saarlouis|P
66717|Saarlouis|P
66718|Saarlouis|P
66719|Saarlouis|P
66720|Saarlouis|P
66721|Saarlouis|P
66722|Saarlouis|P
66723|Saarlouis|P
66724|Saarlouis|P
66793|Saarwellingen|H
66788|Saarwellingen|P
66839|Schmelz|H
66836|Schmelz|P
66773|Schwalbach|H
66764|Schwalbach|P
66765|Schwalbach|P
66766|Schwalbach|P
66770|Schwalbach|P
66802|Überherrn|H
66799|Überherrn|P
66800|Überherrn|P
66787|Wadgassen|H
66781|Wadgassen|P
66782|Wadgassen|P
66798|Wallerfangen|H
66359|Bous|H
66353|Bous|P
66354|Bous|P
66355|Bous|P
66806|Ensdorf|H
66803|Ensdorf|P
66804|Ensdorf|P
66450|Bexbach|H
66440|Blieskastel|H
66431|Blieskastel|P
66432|Blieskastel|P
66433|Blieskastel|P
66453|Gersheim|H
66424|Homburg|H
66421|Homburg|G
66401|Homburg|P
66402|Homburg|P
66403|Homburg|P
66404|Homburg|P
66405|Homburg|P
66406|Homburg|P
66407|Homburg|P
66408|Homburg|P
66409|Homburg|P
66415|Homburg|P
66459|Kirkel|H
66458|Kirkel|G
66457|Kirkel|P
66399|Mandelbachtal|H
66386|St. Ingbert|H
66361|St. Ingbert|P
66362|St. Ingbert|P
66363|St. Ingbert|P
66364|St. Ingbert|P
66365|St. Ingbert|P
66366|St. Ingbert|P
66367|St. Ingbert|P
66368|St. Ingbert|P
66369|St. Ingbert|P
66370|St. Ingbert|P
66376|St. Ingbert|P
66377|St. Ingbert|P
66629|Freisen|H
66646|Marpingen|H
66640|Namborn|H
66637|Namborn|P
66625|Nohfelden|H
66621|Nohfelden|P
66623|Nohfelden|P
66620|Nonnweiler|H
66616|Nonnweiler|P
66649|Oberthal|H
66647|Oberthal|P
66606|St. Wendel|H
66591|St. Wendel|P
66592|St. Wendel|P
66593|St. Wendel|P
66594|St. Wendel|P
66595|St. Wendel|P
66596|St. Wendel|P
66597|St. Wendel|P
66636|Tholey|H
66630|Tholey|P
66631|Tholey|P
10873|Berlin|G
10840|Berlin|G
10841|Berlin|G
10905|Berlin|G
13051|Berlin|N
14329|Berlin|G
10655|Berlin|P
10842|Berlin|G
10859|Berlin|G
10906|Berlin|G
10910|Berlin|G
11501|Berlin|G
14322|Berlin|G
10086|Berlin|G
11502|Berlin|G
12678|Berlin|G
11504|Berlin|G
10547|Berlin|G
11505|Berlin|G
11506|Berlin|G
11507|Berlin|G
11508|Berlin|G
11509|Berlin|G
11510|Berlin|G
11511|Berlin|G
11513|Berlin|G
13340|Berlin|G
11514|Berlin|G
11515|Berlin|G
11516|Berlin|G
11512|Berlin|G
13499|Berlin|G
10846|Berlin|G
14052|Berlin|H
10969|Berlin|H
11517|Berlin|G
10360|Berlin|G
10358|Berlin|G
10362|Berlin|G
10026|Berlin|G
10884|Berlin|G
10871|Berlin|G
11014|Berlin|G
10894|Berlin|G
10705|Berlin|G
10844|Berlin|G
10100|Berlin|G
10848|Berlin|G
10551|Berlin|N
10553|Berlin|N
10555|Berlin|N
10557|Berlin|N
10559|Berlin|N
10585|Berlin|N
10587|Berlin|N
10589|Berlin|N
10623|Berlin|N
10625|Berlin|N
10627|Berlin|N
10629|Berlin|N
10707|Berlin|N
10709|Berlin|N
10711|Berlin|N
10713|Berlin|N
10715|Berlin|N
10717|Berlin|N
10719|Berlin|N
10777|Berlin|N
10777|Berlin|N
10779|Berlin|N
10779|Berlin|N
10781|Berlin|N
10783|Berlin|N
10785|Berlin|N
10785|Berlin|N
10787|Berlin|N
10787|Berlin|N
10787|Berlin|N
10789|Berlin|N
10789|Berlin|N
10823|Berlin|N
10825|Berlin|N
10825|Berlin|N
10827|Berlin|N
10829|Berlin|N
10961|Berlin|N
10963|Berlin|N
10965|Berlin|N
10965|Berlin|N
10967|Berlin|N
10967|Berlin|N
10997|Berlin|N
10999|Berlin|N
12043|Berlin|N
12045|Berlin|N
12047|Berlin|N
12049|Berlin|N
12051|Berlin|N
12053|Berlin|N
12055|Berlin|N
12057|Berlin|N
12059|Berlin|N
12099|Berlin|N
12101|Berlin|N
12103|Berlin|N
12105|Berlin|N
12107|Berlin|N
12109|Berlin|N
12157|Berlin|N
12157|Berlin|N
12159|Berlin|N
12161|Berlin|N
12161|Berlin|N
12163|Berlin|N
12163|Berlin|N
12165|Berlin|N
12167|Berlin|N
12169|Berlin|N
12169|Berlin|N
12203|Berlin|N
12205|Berlin|N
12207|Berlin|N
12209|Berlin|N
12247|Berlin|N
12249|Berlin|N
12249|Berlin|N
12277|Berlin|N
12279|Berlin|N
12279|Berlin|N
12305|Berlin|N
12307|Berlin|N
12309|Berlin|N
12347|Berlin|N
12349|Berlin|N
12351|Berlin|N
12353|Berlin|N
12355|Berlin|N
12357|Berlin|N
12359|Berlin|N
13347|Berlin|N
13349|Berlin|N
13351|Berlin|N
13353|Berlin|N
13353|Berlin|N
13355|Berlin|N
13357|Berlin|N
13359|Berlin|N
13359|Berlin|N
13403|Berlin|N
13405|Berlin|N
13405|Berlin|N
13407|Berlin|N
13407|Berlin|N
13409|Berlin|N
13409|Berlin|N
13435|Berlin|N
13437|Berlin|N
13439|Berlin|N
13465|Berlin|N
13467|Berlin|N
13469|Berlin|N
13503|Berlin|N
13503|Berlin|N
13505|Berlin|N
13507|Berlin|N
13509|Berlin|N
13581|Berlin|N
13583|Berlin|N
13585|Berlin|N
13587|Berlin|N
13589|Berlin|N
13591|Berlin|N
13593|Berlin|N
13595|Berlin|N
13597|Berlin|N
13599|Berlin|N
13599|Berlin|N
13627|Berlin|N
13629|Berlin|N
13629|Berlin|N
14050|Berlin|N
14052|Berlin|N
14053|Berlin|N
14055|Berlin|N
14057|Berlin|N
14059|Berlin|N
14089|Berlin|N
14109|Berlin|N
14129|Berlin|N
14163|Berlin|N
14165|Berlin|N
14167|Berlin|N
14169|Berlin|N
14193|Berlin|N
14193|Berlin|N
14195|Berlin|N
14195|Berlin|N
14197|Berlin|N
14197|Berlin|N
14199|Berlin|N
14199|Berlin|N
10548|Berlin|G
10617|Berlin|G
10702|Berlin|G
10703|Berlin|G
10704|Berlin|G
10772|Berlin|G
10773|Berlin|G
10774|Berlin|G
10819|Berlin|G
10820|Berlin|G
10880|Berlin|G
10882|Berlin|G
10888|Berlin|G
10889|Berlin|G
10890|Berlin|G
10891|Berlin|G
10892|Berlin|G
10893|Berlin|G
10898|Berlin|G
10901|Berlin|G
10902|Berlin|G
10903|Berlin|G
10912|Berlin|G
10914|Berlin|G
10916|Berlin|G
10917|Berlin|G
10957|Berlin|G
10958|Berlin|G
10959|Berlin|G
12037|Berlin|G
12038|Berlin|G
12039|Berlin|G
12040|Berlin|G
12096|Berlin|G
12154|Berlin|G
12200|Berlin|G
12274|Berlin|G
12345|Berlin|G
13342|Berlin|G
13343|Berlin|G
13344|Berlin|G
13400|Berlin|G
13500|Berlin|G
13578|Berlin|G
13624|Berlin|G
13625|Berlin|G
14046|Berlin|G
14047|Berlin|G
14160|Berlin|G
14191|Berlin|G
10501|Berlin|P
10502|Berlin|P
10503|Berlin|P
10504|Berlin|P
10505|Berlin|P
10506|Berlin|P
10507|Berlin|P
10591|Berlin|P
10592|Berlin|P
10593|Berlin|P
10594|Berlin|P
10595|Berlin|P
10596|Berlin|P
10597|Berlin|P
10598|Berlin|P
10631|Berlin|P
10632|Berlin|P
10633|Berlin|P
10634|Berlin|P
10635|Berlin|P
10636|Berlin|P
10637|Berlin|P
10638|Berlin|P
10639|Berlin|P
10640|Berlin|P
10641|Berlin|P
10642|Berlin|P
10643|Berlin|P
10644|Berlin|P
10645|Berlin|P
10663|Berlin|P
10664|Berlin|P
10665|Berlin|P
10666|Berlin|P
10667|Berlin|P
10668|Berlin|P
10669|Berlin|P
10670|Berlin|P
10671|Berlin|P
10672|Berlin|P
10673|Berlin|P
10674|Berlin|P
10675|Berlin|P
10676|Berlin|P
10721|Berlin|P
10722|Berlin|P
10723|Berlin|P
10724|Berlin|P
10725|Berlin|P
10726|Berlin|P
10727|Berlin|P
10728|Berlin|P
10729|Berlin|P
10730|Berlin|P
10746|Berlin|P
10747|Berlin|P
10748|Berlin|P
10749|Berlin|P
10831|Berlin|P
10832|Berlin|P
10833|Berlin|P
10834|Berlin|P
10835|Berlin|P
10836|Berlin|P
10837|Berlin|P
10838|Berlin|P
10921|Berlin|P
10922|Berlin|P
10923|Berlin|P
10924|Berlin|P
10925|Berlin|P
10926|Berlin|P
10927|Berlin|P
10928|Berlin|P
12001|Berlin|P
12002|Berlin|P
12003|Berlin|P
12004|Berlin|P
12005|Berlin|P
12006|Berlin|P
12061|Berlin|P
12062|Berlin|P
12063|Berlin|P
12064|Berlin|P
12065|Berlin|P
12066|Berlin|P
12067|Berlin|P
12068|Berlin|P
12069|Berlin|P
12070|Berlin|P
12111|Berlin|P
12112|Berlin|P
12113|Berlin|P
12114|Berlin|P
12115|Berlin|P
12116|Berlin|P
12117|Berlin|P
12118|Berlin|P
12119|Berlin|P
12120|Berlin|P
12121|Berlin|P
12122|Berlin|P
12123|Berlin|P
12171|Berlin|P
12172|Berlin|P
12173|Berlin|P
12174|Berlin|P
12175|Berlin|P
12211|Berlin|P
12212|Berlin|P
12213|Berlin|P
12214|Berlin|P
12215|Berlin|P
12251|Berlin|P
12252|Berlin|P
12253|Berlin|P
12254|Berlin|P
12281|Berlin|P
12282|Berlin|P
12311|Berlin|P
12312|Berlin|P
12313|Berlin|P
12314|Berlin|P
12315|Berlin|P
12316|Berlin|P
13361|Berlin|P
13362|Berlin|P
13363|Berlin|P
13364|Berlin|P
13365|Berlin|P
13366|Berlin|P
13411|Berlin|P
13412|Berlin|P
13413|Berlin|P
13441|Berlin|P
13442|Berlin|P
13443|Berlin|P
13444|Berlin|P
13471|Berlin|P
13472|Berlin|P
13473|Berlin|P
13474|Berlin|P
13475|Berlin|P
13476|Berlin|P
13511|Berlin|P
13512|Berlin|P
13513|Berlin|P
13514|Berlin|P
13515|Berlin|P
13516|Berlin|P
13517|Berlin|P
13518|Berlin|P
13601|Berlin|P
14001|Berlin|P
14002|Berlin|P
14003|Berlin|P
14004|Berlin|P
14005|Berlin|P
14006|Berlin|P
14007|Berlin|P
14008|Berlin|P
14061|Berlin|P
14091|Berlin|P
14092|Berlin|P
14111|Berlin|P
14112|Berlin|P
14131|Berlin|P
14132|Berlin|P
14133|Berlin|P
14134|Berlin|P
14171|Berlin|P
14172|Berlin|P
14173|Berlin|P
14174|Berlin|P
14175|Berlin|P
14176|Berlin|P
13631|Berlin|P
14301|Berlin|P
14302|Berlin|P
14303|Berlin|P
14304|Berlin|P
10877|Berlin|G
10878|Berlin|G
13660|Berlin|G
10876|Berlin|G
13445|Berlin|P
10918|Berlin|G
13622|Berlin|G
13623|Berlin|G
10875|Berlin|G
10785|Berlin|N
10653|Berlin|P
10654|Berlin|P
10599|Berlin|P
11010|Berlin|G
11011|Berlin|G
11012|Berlin|G
11013|Berlin|G
11015|Berlin|G
11016|Berlin|G
11018|Berlin|G
11020|Berlin|G
11030|Berlin|G
11044|Berlin|G
11052|Berlin|G
11053|Berlin|G
11054|Berlin|G
11055|Berlin|G
11056|Berlin|G
10907|Berlin|G
10963|Berlin|N
14135|Berlin|P
14136|Berlin|P
12082|Berlin|P
12083|Berlin|P
12283|Berlin|P
13315|Berlin|P
13316|Berlin|P
13371|Berlin|P
13372|Berlin|P
13477|Berlin|P
14177|Berlin|P
14328|Berlin|G
13565|Berlin|G
10941|Berlin|P
10942|Berlin|P
14009|Berlin|P
14180|Berlin|P
10874|Berlin|G
10911|Berlin|G
10756|Berlin|P
10757|Berlin|P
10887|Berlin|G
10701|Berlin|G
13497|Berlin|G
13341|Berlin|G
10935|Berlin|G
12099|Berlin|N
12107|Berlin|N
12277|Berlin|N
12305|Berlin|N
13597|Berlin|N
13627|Berlin|N
13629|Berlin|N
10169|Berlin|G
10700|Berlin|G
12700|Berlin|G
13700|Berlin|G
14300|Berlin|G
10969|Berlin|N
10869|Berlin|G
10868|Berlin|G
12347|Berlin|N
12097|Berlin|G
14197|Berlin|N
10965|Berlin|N
10866|Berlin|G
12660|Berlin|G
10867|Berlin|G
10865|Berlin|G
13621|Berlin|G
10864|Berlin|G
12007|Berlin|P
10150|Berlin|G
10860|Berlin|G
10861|Berlin|G
10862|Berlin|G
10863|Berlin|G
10112|Berlin|G
11017|Berlin|G
10881|Berlin|G
12521|Berlin|G
13498|Berlin|G
10115|Berlin|H
10117|Berlin|N
10119|Berlin|N
10119|Berlin|N
10178|Berlin|N
10179|Berlin|N
10243|Berlin|N
10245|Berlin|N
10247|Berlin|N
10249|Berlin|N
10315|Berlin|N
10317|Berlin|N
10318|Berlin|N
10319|Berlin|N
10365|Berlin|N
10367|Berlin|N
10369|Berlin|N
10405|Berlin|N
10407|Berlin|N
10409|Berlin|N
10435|Berlin|N
10435|Berlin|N
10437|Berlin|N
10439|Berlin|N
12435|Berlin|N
12437|Berlin|N
12439|Berlin|N
12459|Berlin|N
12487|Berlin|N
12489|Berlin|N
12524|Berlin|N
12526|Berlin|N
12527|Berlin|N
12555|Berlin|N
12557|Berlin|N
12559|Berlin|N
12587|Berlin|N
12589|Berlin|N
12619|Berlin|N
12621|Berlin|N
12623|Berlin|N
12627|Berlin|N
12629|Berlin|N
12679|Berlin|N
12681|Berlin|N
12683|Berlin|N
12685|Berlin|N
12687|Berlin|N
12689|Berlin|N
13051|Berlin|N
13053|Berlin|N
13053|Berlin|N
13055|Berlin|N
13057|Berlin|N
13059|Berlin|N
13086|Berlin|N
13088|Berlin|N
13089|Berlin|N
13125|Berlin|N
13127|Berlin|N
13129|Berlin|N
13156|Berlin|N
13158|Berlin|N
13159|Berlin|N
13187|Berlin|N
13189|Berlin|N
10083|Berlin|G
10098|Berlin|G
10099|Berlin|G
10102|Berlin|G
10103|Berlin|G
10104|Berlin|G
10105|Berlin|G
10106|Berlin|G
10107|Berlin|G
10108|Berlin|G
10109|Berlin|G
10111|Berlin|G
10173|Berlin|G
10400|Berlin|G
10431|Berlin|G
10883|Berlin|G
10001|Berlin|P
10002|Berlin|P
10003|Berlin|P
10004|Berlin|P
10047|Berlin|P
10048|Berlin|P
10121|Berlin|P
10122|Berlin|P
10123|Berlin|P
10124|Berlin|P
10125|Berlin|P
10126|Berlin|P
10127|Berlin|P
10128|Berlin|P
10129|Berlin|P
10130|Berlin|P
10131|Berlin|P
10132|Berlin|P
10205|Berlin|P
10207|Berlin|P
10382|Berlin|P
10411|Berlin|P
10412|Berlin|P
10413|Berlin|P
12401|Berlin|P
12402|Berlin|P
12413|Berlin|P
12414|Berlin|P
12415|Berlin|P
12441|Berlin|P
12442|Berlin|P
12443|Berlin|P
12461|Berlin|P
12462|Berlin|P
12473|Berlin|P
12474|Berlin|P
12503|Berlin|P
12504|Berlin|P
12531|Berlin|P
12532|Berlin|P
12533|Berlin|P
12591|Berlin|P
12592|Berlin|P
12593|Berlin|P
12594|Berlin|P
12631|Berlin|P
12632|Berlin|P
13001|Berlin|P
13002|Berlin|P
13003|Berlin|P
13015|Berlin|P
13019|Berlin|P
13020|Berlin|P
13021|Berlin|P
13061|Berlin|P
13062|Berlin|P
13091|Berlin|P
13092|Berlin|P
13093|Berlin|P
13107|Berlin|P
13131|Berlin|P
13132|Berlin|P
10210|Berlin|P
10211|Berlin|P
10212|Berlin|P
10213|Berlin|P
10214|Berlin|P
10215|Berlin|P
10216|Berlin|P
10217|Berlin|P
10218|Berlin|P
10306|Berlin|G
10313|Berlin|G
10356|Berlin|G
10361|Berlin|G
12552|Berlin|G
12595|Berlin|P
12596|Berlin|P
12616|Berlin|G
12670|Berlin|G
12671|Berlin|G
12677|Berlin|G
12701|Berlin|P
12702|Berlin|P
12703|Berlin|P
12704|Berlin|P
13047|Berlin|G
13048|Berlin|G
13122|Berlin|G
10178|Berlin|N
13022|Berlin|P
13023|Berlin|P
12712|Berlin|G
10247|Berlin|N
10005|Berlin|P
10006|Berlin|P
10007|Berlin|P
10082|Berlin|G
10051|Berlin|P
10052|Berlin|P
10061|Berlin|P
10062|Berlin|P
10063|Berlin|P
10064|Berlin|P
12534|Berlin|P
10414|Berlin|P
10415|Berlin|P
10249|Berlin|N
12555|Berlin|N
10872|Berlin|G
12032|Berlin|G
12095|Berlin|G
14331|Berlin|G
12028|Berlin|G
12485|Berlin|G
10850|Berlin|G
10870|Berlin|G
10900|Berlin|G
10546|Berlin|G
10768|Berlin|G
10899|Berlin|G
10919|Berlin|G
10895|Berlin|G
10096|Berlin|G
14107|Berlin|G
10858|Berlin|G
10855|Berlin|G
10857|Berlin|G
10885|Berlin|G
10886|Berlin|G
10908|Berlin|G
10909|Berlin|G
10956|Berlin|G
13496|Berlin|G
14045|Berlin|G
10913|Berlin|G
13619|Berlin|G
14770|Brandenburg|H
14772|Brandenburg|N
14774|Brandenburg|N
14776|Brandenburg|N
14767|Brandenburg|G
14747|Brandenburg|P
14750|Brandenburg|P
14765|Brandenburg|G
03042|Cottbus|H
03044|Cottbus|N
03046|Cottbus|N
03048|Cottbus|N
03050|Cottbus|N
03051|Cottbus|N
03052|Cottbus|N
03053|Cottbus|N
03054|Cottbus|N
03055|Cottbus|N
03001|Cottbus|P
03002|Cottbus|P
03003|Cottbus|P
03004|Cottbus|P
03005|Cottbus|P
03006|Cottbus|P
03007|Cottbus|P
03008|Cottbus|P
03009|Cottbus|P
03010|Cottbus|P
03011|Cottbus|P
03012|Cottbus|P
03013|Cottbus|P
03014|Cottbus|P
03022|Cottbus|P
03024|Cottbus|P
03025|Cottbus|P
03029|Cottbus|P
03060|Cottbus|P
03065|Cottbus|G
03100|Cottbus|G
03039|Cottbus|G
03075|Cottbus|G
15230|Frankfurt|H
15232|Frankfurt|N
15234|Frankfurt|N
15236|Frankfurt|N
15229|Frankfurt|G
15201|Frankfurt|P
15202|Frankfurt|P
15203|Frankfurt|P
15204|Frankfurt|P
15205|Frankfurt|P
15206|Frankfurt|P
15207|Frankfurt|P
15208|Frankfurt|P
15209|Frankfurt|P
15228|Frankfurt|G
15210|Frankfurt|P
15224|Frankfurt|G
15220|Frankfurt|G
15227|Frankfurt|G
14467|Potsdam|H
14469|Potsdam|N
14471|Potsdam|N
14473|Potsdam|N
14478|Potsdam|N
14480|Potsdam|N
14482|Potsdam|N
14459|Potsdam|G
14461|Potsdam|G
14462|Potsdam|G
14463|Potsdam|G
14401|Potsdam|P
14402|Potsdam|P
14403|Potsdam|P
14404|Potsdam|P
14405|Potsdam|P
14406|Potsdam|P
14407|Potsdam|P
14408|Potsdam|P
14409|Potsdam|P
14410|Potsdam|P
14411|Potsdam|P
14412|Potsdam|P
14413|Potsdam|P
14414|Potsdam|P
14415|Potsdam|P
14416|Potsdam|P
14427|Potsdam|P
14428|Potsdam|P
14437|Potsdam|P
14438|Potsdam|P
14439|Potsdam|P
14440|Potsdam|P
14429|Potsdam|P
14458|Potsdam|G
14425|Potsdam|G
14424|Potsdam|G
14457|Potsdam|G
14465|Potsdam|G
14476|Potsdam|H
14456|Potsdam|G
14460|Potsdam|G
14464|Potsdam|G
14423|Potsdam|G
14426|Potsdam|G
16356|Ahrensfelde|H
16247|Althüttendorf|H
16321|Bernau|H
16311|Bernau|P
16359|Biesenthal|H
16230|Breydin|H
16230|Britz|H
16230|Chorin|H
16225|Eberswalde|H
16227|Eberswalde|N
16222|Eberswalde|G
16201|Eberswalde|P
16202|Eberswalde|P
16203|Eberswalde|P
16204|Eberswalde|P
16205|Eberswalde|P
16206|Eberswalde|P
16207|Eberswalde|P
16208|Eberswalde|P
16212|Eberswalde|P
16247|Friedrichswalde|H
16248|Hohenfinow|H
16247|Joachimsthal|H
16248|Liepe|H
16248|Lunow-Stolzenhagen|H
16348|Marienwerder|H
16230|Melchow|H
16248|Niederfinow|H
16248|Oderberg|H
16341|Panketal|H
16248|Parsteinsee|H
16321|Rüdnitz|H
16244|Schorfheide|H
16230|Sydower Fließ|H
16348|Wandlitz|H
16342|Wandlitz|P
16349|Wandlitz|P
16356|Werneuchen|H
16353|Werneuchen|P
16247|Ziethen|H
15913|Alt Zauche-Wußwerk|H
15910|Bersteland|H
15741|Bestensee|H
15739|Bestensee|P
15913|Byhleguhre-Byhlen|H
15938|Drahnsdorf|H
15732|Eichwalde|H
15938|Golßen|H
15746|Groß Köris|H
15757|Halbe|H
15754|Heidesee|H
15926|Heideblick|H
15868|Jamlitz|H
15938|Kasel-Golzig|H
15711|Königs Wusterhausen|H
15712|Königs Wusterhausen|H
15713|Königs Wusterhausen|H
15910|Krausnick-Groß Wasserbg|H
15868|Lieberose|H
15907|Lübben|H
15901|Lübben|P
15902|Lübben|P
15903|Lübben|P
15904|Lübben|P
15905|Lübben|P
15926|Luckau|H
15921|Luckau|P
15922|Luckau|P
15748|Märkisch Buchholz|H
15913|Märkische Heide|H
15749|Mittenwalde|H
15748|Münchehofe|H
15913|Neu Zauche|H
15910|Rietzneuendorf-Staakow|H
15910|Schlepzig|H
12529|Schönefeld|H
12527|Schönefeld-Flughafen|H
15910|Schönwald|H
15732|Schulzendorf|H
15755|Schwerin|H
15913|Schwielochsee|H
15913|Spreewaldheide|H
15938|Steinreich|H
15913|Straupitz|H
15755|Teupitz|H
15910|Unterspreewald|H
15745|Wildau|H
15738|Zeuthen|H
04924|Bad Liebenwerda|H
04895|Burxdorf|H
04924|Dobra|H
04924|Maasdorf|H
04931|Langenrieth|H
04920|Bad Liebenwerda|P
04921|Bad Liebenwerda|P
04924|Kröbeln|H
04924|Lausitz|H
04924|Oschätzchen|H
04924|Prieschka|H
04924|Thalberg|H
04924|Theisa|H
04924|Zeischa|H
04924|Zobersdorf|H
04931|Kosilenzien|H
04931|Möglenz|H
04931|Neuburxdorf|H
03246|Crinitz|H
03246|Gahro|H
03253|Doberlug-Kirchhain|H
04910|Elsterwerda|H
04910|Kraupa|H
04906|Elsterwerda|P
04907|Elsterwerda|P
04895|Falkenberg|H
04891|Falkenberg|P
04892|Falkenberg|P
04895|Beyern|H
04895|Großrössen|H
04895|Kleinrössen|H
04895|Kölsa|H
04895|Rehfeld|H
04895|Schmerkendorf|H
04936|Hillmersdorf|H
04936|Naundorf|H
04936|Stechau|H
03238|Finsterwalde|H
03231|Finsterwalde|P
03232|Finsterwalde|P
03238|Gorden-Staupitz|H
04932|Gröden|H
04932|Großthiemig|H
03238|Heideland|H
04916|Herzberg|H
04911|Herzberg|P
04912|Herzberg|P
04932|Hirschfeld|H
04936|Hohenbucko|H
04936|Proßmarke|H
04934|Hohenleipisch|H
04936|Kolochau|H
04936|Malitschkendorf|H
04916|Polzen|H
04936|Lebusa|H
03238|Lichterfeld|H
03238|Schacksdorf|H
03238|Lieskau|H
03246|Babben|H
03238|Betten|H
03238|Lindthal|H
03238|Massen|H
03238|Gröbitz|H
03238|Ponnsdorf|H
04932|Merzdorf|H
04931|Mühlberg|H
04931|Altenau|H
04895|Brottewitz|H
04931|Fichtenberg|H
04895|Koßdorf|H
04895|Martinskirchen|H
04928|Plessa|H
04932|Röderland|H
03238|Rückersdorf|H
03238|Sallgast|H
03238|Dollenchen|H
03238|Göllnitz|H
03253|Schilda|H
04936|Schlieben|H
04937|Schlieben|P
03253|Schönborn|H
04916|Schönewalde|H
04928|Schraden|H
03249|Sonnewalde|H
03253|Tröbitz|H
04924|Wahrenbrück|H
04924|Beiersdorf|H
04924|Beutersitz|H
04924|Bönitz|H
04924|Domsdorf|H
04924|Kauxdorf|H
04924|Marxdorf|H
04924|Prestewitz|H
04924|Rothstein|H
04895|Saxdorf|H
04924|Wildgrube|H
04924|Winkel|H
04895|Bahnsdorf|H
04895|Neudeck|H
04938|Drasdo|H
04938|Uebigau|H
04938|Langennaundorf|H
04938|Wiederau|H
14656|Brieselang|H
14624|Dallgow-Döberitz|H
14612|Falkensee|H
14606|Falkensee|P
14655|Falkensee|G
14662|Friesack|H
14728|Gollenberg|H
16845|Großderschau|H
14715|Havelaue|H
14662|Wiesenaue|H
14669|Ketzin|H
14728|Kleßen-Görne|H
14715|Kotzen|H
14715|Märkisch Luch|H
14715|Milower Land|H
14662|Mühlenberge|H
14641|Nauen|H
14631|Nauen|P
14632|Nauen|P
14633|Nauen|P
14634|Nauen|P
14715|Nennhausen|H
14641|Paulinenaue|H
14641|Pessin|H
14727|Premnitz|H
14712|Rathenow|H
14710|Rathenow|G
14641|Retzow|H
14728|Rhinow|H
14621|Schönwalde-Glien|H
14715|Seeblick|H
14715|Stechow-Ferchesar|H
14641|Wustermark|H
15328|Alt Tucheband|H
15345|Altlandsberg|H
16259|Bad Freienwalde|H
16259|Beiersdorf-Freudenberg|H
15328|Bleyen-Genschmar|H
16269|Bliesdorf|H
15377|Buckow|H
16259|Falkenberg|H
15306|Falkenhagen|H
15306|Fichtenhöhe|H
15370|Fredersdorf-Vogelsdorf|H
15368|Fredersdorf-Vogelsdorf|P
15345|Garzau-Garzin|H
15328|Golzow|H
15306|Gusow-Platkow|H
16259|Heckelberg-Brunow|H
16259|Höhenland|H
15366|Hoppegarten|H
15364|Hoppegarten|G
15328|Küstriner Vorland|H
15326|Lebus|H
15326|Schönfließ|H
15326|Mallnow|H
15326|Wulkow|H
15324|Letschin|H
15322|Letschin|P
15306|Lietzen|H
15306|Lindendorf|H
15377|Märkische Höhe|H
15374|Müncheberg|H
15372|Müncheberg|P
15366|Neuenhagen|H
15362|Neuenhagen|P
15363|Neuenhagen|P
15320|Neuhardenberg|H
16259|Neulewin|H
15320|Neutrebbin|H
15377|Oberbarnim|H
16259|Oderaue|H
15370|Petershagen|H
15345|Eggersdorf|H
15326|Podelzig|H
15345|Prötzel|H
15345|Rehfelde|H
15345|Reichenow-Möglin|H
15328|Reitwein|H
15562|Rüdersdorf|H
15558|Rüdersdorf|P
15378|Hennickendorf|H
15378|Herzfelde|H
15345|Lichtenow|H
15559|Rüdersdorf|G
15306|Seelow|H
15301|Seelow|P
15344|Strausberg|H
15331|Strausberg|P
15332|Strausberg|P
15236|Treplin|H
15306|Vierlinden|H
15377|Waldsieversdorf|H
16269|Wriezen|H
15328|Zechin|H
15326|Zeschdorf|H
16547|Birkenwerder|H
16541|Birkenwerder|P
16542|Birkenwerder|P
16798|Fürstenberg|H
16794|Fürstenberg|P
16548|Glienicke|H
16548|Glienicke|P
16775|Gransee|H
16771|Gransee|P
16775|Großwoltersdorf|H
16761|Hennigsdorf|H
16748|Hennigsdorf|P
16759|Hennigsdorf|G
16750|Hennigsdorf|P
13661|Hennigsdorf|G
16540|Hohen Neuendorf|H
16535|Hohen Neuendorf|P
16556|Hohen Neuendorf|H
16562|Hohen Neuendorf|H
16766|Kremmen|H
16763|Kremmen|P
16767|Leegebruch|H
16559|Liebenwalde|H
16775|Löwenberger Land|H
16775|Löwenberger Land|H
16567|Mühlenbeck|H
16552|Schildow|H
16567|Schönfließ|H
16515|Zühlsdorf|H
16727|Oberkrämer|H
16515|Oranienburg|H
16775|Schönermark|H
16775|Sonnenberg|H
16775|Stechlin|H
16727|Velten|H
16721|Velten|P
16792|Zehdenick|H
16786|Zehdenick|P
03229|Altdöbern|H
03227|Altdöbern|P
03205|Bronkow|H
03205|Calau|H
03201|Calau|P
01945|Frauendorf|H
01990|Großkmehlen|H
01990|Frauwalde|H
01990|Kleinkmehlen|H
01983|Großräschen|H
01980|Großräschen|P
01981|Großräschen|P
01945|Grünewald|H
01945|Guteborn|H
01945|Hermsdorf|H
01945|Hohenbocka|H
01945|Kroppen|H
01979|Lauchhammer|H
01969|Lauchhammer|P
01971|Lauchhammer|P
01945|Lindenau|H
03222|Lübbenau|H
03215|Lübbenau|P
03216|Lübbenau|P
03218|Lübbenau|P
03217|Lübbenau|P
03229|Luckaitztal|H
03103|Neu-Seeland|H
03103|Neupetershain|H
01990|Ortrand|H
01945|Ruhland|H
01941|Ruhland|P
01993|Schipkau|H
01994|Annahütte|H
01994|Drochow|H
01968|Hörlitz|H
01998|Klettwitz|H
01994|Meuro|H
01945|Schwarzbach|H
01987|Schwarzheide|H
01986|Schwarzheide|G
01984|Schwarzheide|P
01968|Senftenberg|H
01964|Senftenberg|G
01956|Senftenberg|P
01957|Senftenberg|P
01958|Senftenberg|P
01996|Hosena|H
01945|Peickwitz|H
01945|Tettau|H
03226|Vetschau|H
03223|Vetschau|P
15526|Bad Saarow|H
15848|Beeskow|H
15841|Beeskow|P
15518|Berkenbrück|H
15518|Briesen|H
15295|Brieskow-Finkenheerd|H
15864|Diensdorf-Radlow|H
15890|Eisenhüttenstadt|H
15871|Eisenhüttenstadt|P
15872|Eisenhüttenstadt|P
15873|Eisenhüttenstadt|P
15874|Eisenhüttenstadt|P
15881|Eisenhüttenstadt|P
15888|Eisenhüttenstadt|G
15887|Eisenhüttenstadt|G
15537|Erkner|H
15531|Erkner|P
15848|Friedland|H
15517|Fürstenwalde|H
15515|Fürstenwalde|G
15501|Fürstenwalde|P
15502|Fürstenwalde|P
15503|Fürstenwalde|P
15504|Fürstenwalde|P
15505|Fürstenwalde|P
15537|Gosen-Neu Zittau|H
15295|Groß Lindow|H
15537|Grünheide|H
15299|Grunow-Dammendorf|H
15236|Jacobsdorf|H
15518|Langewahl|H
15898|Lawitz|H
15299|Mixdorf|H
15299|Müllrose|H
15898|Neißemünde|H
15898|Neuzelle|H
15848|Ragow-Merz|H
15518|Rauen|H
15526|Reichenwalde|H
15848|Rietz-Neuendorf|H
15890|Schlaubetal|H
15566|Schöneiche|H
15890|Siehdichum|H
15528|Spreenhagen|H
15518|Steinhöfel|H
15859|Storkow|H
15848|Tauche|H
15890|Vogelsang|H
15864|Wendisch Rietz|H
15295|Wiesenau|H
15569|Woltersdorf|H
15295|Ziltendorf|H
16845|Breddin|H
16818|Dabergotz|H
16845|Dreetz|H
16833|Fehrbellin|H
16833|Betzin|H
16833|Brunne|H
16833|Dechtow|H
16818|Deutschhof|H
16818|Kuhhorst|H
16818|Ribbeckshorst|H
16833|Hakenberg|H
16833|Karwesee|H
16833|Königshorst|H
16818|Langen|H
16833|Lentzke|H
16833|Linum|H
16845|Manker|H
16833|Protzen|H
16833|Tarmow|H
16833|Walchow|H
16818|Wall|H
16818|Altfriesack|H
16818|Wustrau|H
16818|Zietenhorst|H
16818|Albertinenhof|H
16833|Betzin|P
16833|Brunne|P
16833|Dechtow|P
16833|Fehrbellin|P
16833|Hakenberg|P
16833|Königshorst|P
16833|Karwesee|P
16833|Lentzke|P
16833|Linum|P
16833|Protzen|P
16833|Tarmow|P
16833|Walchow|P
16909|Heiligengrabe|H
16835|Herzberg|H
16866|Kyritz|H
16856|Kyritz|P
16861|Kyritz|P
16835|Lindow|H
16818|Märkisch Linden|H
16816|Neuruppin|H
16816|Buskow|H
16816|Nietwerder|H
16818|Gnewikow|H
16818|Gühlen Glienicke|H
16818|Karwe|H
16818|Lichtenberg|H
16818|Neu Glienicke|H
16818|Radensleben|H
16818|Rheinsberg Glienicke|H
16818|Wuthenow|H
16827|Alt Ruppin|H
16827|Krangen|H
16827|Molchow|H
16827|Zermützel|H
16827|Zippelsförde|H
16833|Stöffin|H
16835|Wulkow|H
16814|Neuruppin|G
16801|Neuruppin|P
16802|Neuruppin|P
16803|Neuruppin|P
16833|Stöffin|P
16827|Tornow|H
16845|Neustadt|H
16841|Neustadt|P
16831|Rheinsberg|H
16818|Basdorf|H
16818|Braunsberg|H
16835|Dierberg|H
16837|Dorf Zechlin|H
16837|Flecken Zechlin|H
16837|Alt Lutterow|H
16837|Neu Lutterow|H
16831|Großzerlang|H
16831|Heinrichsdorf|H
16837|Kagar|H
16831|Kleinzerlang|H
16831|Linow|H
16837|Luhme|H
16830|Rheinsberg|P
16831|Schwanow|H
16837|Wallitz|H
16831|Zechlinerhütte|H
16831|Zechow|H
16831|Zühlen|H
16835|Rüthnick|H
16845|Sieversdorf-Hohenofen|H
16818|Storbeck-Frankendorf|H
16845|Stüdenitz-Schönermark|H
16818|Katerbow|H
16818|Netzeband|H
16818|Rägelin|H
16818|Darsikow|H
16818|Pfalzheim|H
16845|Kerzlin|H
16845|Küdow|H
16845|Lüchfeld|H
16845|Rohrlack|H
16845|Vichel|H
16845|Wildberg|H
16845|Garz|H
16835|Vielitzsee|H
16818|Walsleben|H
16909|Wittstock|H
16901|Wittstock|P
16905|Wittstock|P
16868|Wusterhausen|H
16868|Bantikow|H
16866|Sechzehneichen|H
16866|Tornow|H
16845|Blankenberg|H
16845|Brunn|H
16845|Ganzer|H
16845|Kantow|H
16845|Lögow|H
16866|Schönberg|H
16845|Gartow|H
16845|Segeletz|H
16845|Trieplatz|H
16845|Barsikow|H
16845|Bückwitz|H
16845|Dessow|H
16845|Nackel|H
16845|Segeletz Bahnhof|H
16845|Zernitz-Lohm|H
14547|Beelitz|H
14543|Beelitz|P
14778|Beetzsee|H
14778|Beetzseeheide|H
14806|Bad Belzig|H
14801|Bad Belzig|P
14802|Bad Belzig|P
14789|Bensdorf|H
14822|Borkheide|H
14822|Borkwalde|H
14822|Brück|H
14823|Neuendorf b Niemegk|H
14793|Buckautal|H
14778|Golzow|H
14828|Görzke|H
14793|Gräben|H
14550|Groß Kreutz|H
14798|Havelsee|H
14532|Kleinmachnow|H
14533|Kleinmachnow|P
14797|Kloster Lehnin|H
14822|Linthe|H
14552|Michendorf|H
14552|Michendorf|P
14823|Grabow|H
14823|Haseloff|H
14822|Nichel|H
14822|Niederwerbig|H
14822|Schlalach|H
14823|Niemegk|H
14823|Hohenwerbig|H
14823|Lühnsdorf|H
14558|Nuthetal|H
14778|Päwesin|H
14822|Planebruch|H
14806|Dahnsdorf|H
14806|Kranepuhl|H
14806|Locktow|H
14806|Ziezow|H
14806|Mörz|H
14823|Buchholz|H
14823|Garrey|H
14823|Zixdorf|H
14823|Groß Marzehns|H
14823|Klein Marzehns|H
14823|Raben|H
14823|Rädigke|H
14789|Rosenau|H
14778|Roskow|H
14548|Schwielowsee|H
14554|Seddiner See|H
14532|Stahnsdorf|H
14513|Teltow|H
14504|Teltow|P
14505|Teltow|P
14510|Teltow|G
14929|Treuenbrietzen|H
14778|Wenzlow|H
14542|Werder|H
14536|Werder|P
14827|Wiesenburg|H
14778|Wollin|H
14789|Wusterwitz|H
14793|Ziesar|H
14790|Ziesar|P
19336|Bad Wilsnack|H
19334|Bad Wilsnack|G
19348|Berge|H
19322|Breese|H
19322|Cumlosen|H
19322|Motrich|H
19322|Müggendorf|H
19322|Wentdorf|H
16928|Gerdshagen|H
16928|Groß Pankow|H
19348|Gülitz-Reetz|H
16866|Gumtow|H
16945|Halenbeck-Rohlsdorf|H
19357|Karstädt|H
16945|Kümmernitztal|H
19309|Lanz|H
19309|Bernheide|H
19309|Ferbitz|H
19309|Jagel|H
19309|Wustrow|H
19336|Legde/Quitzöbel|H
19309|Lenzen|H
19309|Eldenburg|H
19309|Mellen|H
19309|Rambow a See|H
19309|Besandten|H
19309|Baarz|H
19309|Gaarz|H
19309|Unbesandten|H
19309|Wootz|H
16945|Marienfließ|H
16945|Meyenburg|H
19348|Perleberg|H
19348|Dergenthin|H
19348|Düpow|H
19348|Gramzow|H
19348|Groß Buchholz|H
19348|Groß Linde|H
19348|Lübzow|H
19348|Lübzow Ausbau|H
19348|Platenhof|H
19348|Quitzow|H
19348|Rosenhagen|H
19348|Schönfeld|H
19348|Spiegelhagen|H
19348|Sükow|H
19348|Wüsten-Buchholz|H
19348|Pirow|H
19339|Plattenburg|H
19337|Plattenburg|P
16928|Pritzwalk|H
16949|Putlitz|H
19322|Rühstädt|H
16949|Triglitz|H
19322|Weisen|H
19322|Wittenberge|H
19322|Garsedow|H
19322|Hermannshof|H
19322|Hinzdorf|H
19322|Kuhberg|H
19322|Lindenberg|H
19322|Lütjenheide|H
19322|Schadebeuster|H
19322|Zwischendeich|H
19311|Wittenberge|P
19313|Wittenberge|P
19312|Wittenberge|P
19322|Bentwisch|H
03096|Briesen|H
03096|Burg|H
03094|Burg|P
03096|Dissen-Striesow|H
03159|Döbern|H
03185|Drachhausen|H
03116|Drebkau|H
03185|Drehnow|H
03130|Felixsee|H
03149|Forst|H
03149|Groß Schacksd-Simmersd|H
03172|Guben|H
03161|Guben|P
03162|Guben|P
03096|Guhrow|H
03185|Heinersbrück|H
03130|Jämlitz-Klein Düben|H
03197|Jänschwalde|H
03197|Drewitz|H
03172|Grießen|H
03197|Jänschwalde Ost|H
03099|Kolkwitz|H
03159|Neiße-Malxetal|H
03058|Neuhausen|H
03185|Peitz|H
03181|Peitz|P
03182|Peitz|P
03172|Schenkendöbern|H
03096|Schmogrow-Fehrow|H
03130|Spremberg|H
03139|Spremberg|P
03185|Tauer|H
03185|Teichland|H
03130|Tschernitz|H
03185|Turnow-Preilack|H
03119|Welzow|H
03117|Welzow|P
03096|Werben|H
03149|Wiesengrund|H
15838|Am Mellensee|H
15837|Baruth|H
15824|Blankenfelde-Mahlow|P
15827|Blankenfelde-Mahlow|H
15828|Blankenfelde-Mahlow|P
15831|Blankenfelde-Mahlow|H
15936|Dahme|H
15934|Dahme|P
15936|Dahmetal|H
14979|Großbeeren|H
14980|Großbeeren|G
15936|Ihlow|H
14913|Jüterbog|H
14901|Jüterbog|P
14902|Jüterbog|P
14903|Jüterbog|P
14904|Jüterbog|P
14943|Luckenwalde|H
14931|Luckenwalde|P
14932|Luckenwalde|P
14933|Luckenwalde|P
14934|Luckenwalde|P
14937|Luckenwalde|P
14974|Ludwigsfelde|H
14961|Ludwigsfelde|P
14962|Ludwigsfelde|P
14963|Ludwigsfelde|P
14965|Ludwigsfelde|P
14913|Niedergörsdorf|H
14913|Niederer Fläming|H
14947|Nuthe-Urstromtal|H
15834|Rangsdorf|H
14959|Trebbin|H
15806|Zossen|H
15801|Zossen|P
16278|Angermünde|H
17268|Boitzenburger Land|H
17326|Brüssow|H
17291|Carmzow-Wallmow|H
16306|Casekow|H
17268|Flieth-Stegelitz|H
16307|Gartz|H
17268|Gerswalde|H
17291|Göritz|H
17291|Gramzow|H
17291|Grünow|H
16306|Hohenselchow-Groß Pinnow|H
17279|Lychen|H
16307|Mescherin|H
17268|Milmersdorf|H
17268|Mittenwalde|H
17291|Nordwestuckermark|H
17291|Oberuckersee|H
16278|Pinnow|H
17291|Prenzlau|H
17281|Prenzlau|P
17282|Prenzlau|P
17291|Randowtal|H
17291|Schenkenberg|H
17291|Schönfeld|H
16303|Schwedt|H
16284|Schwedt|P
16285|Schwedt|P
16286|Schwedt|P
16294|Schwedt|P
16295|Schwedt|P
16307|Tantow|H
17268|Temmen-Ringenwalde|H
17268|Templin|H
17291|Uckerfelde|H
17337|Uckerland|H
16306|Zichow|H
17489|Greifswald|H
17491|Greifswald|N
17493|Greifswald|N
17487|Greifswald|G
17461|Greifswald|P
17462|Greifswald|P
17463|Greifswald|P
17464|Greifswald|P
17465|Greifswald|P
17466|Greifswald|P
17475|Greifswald|G
17033|Neubrandenburg|H
17034|Neubrandenburg|N
17036|Neubrandenburg|N
17019|Neubrandenburg|P
17041|Neubrandenburg|P
17042|Neubrandenburg|P
17049|Neubrandenburg|G
17015|Neubrandenburg|P
17020|Neubrandenburg|P
17013|Neubrandenburg|P
17022|Neubrandenburg|P
17100|Neubrandenburg|G
17030|Neubrandenburg|G
17050|Neubrandenburg|G
18055|Rostock|H
18057|Rostock|N
18059|Rostock|N
18107|Rostock|N
18109|Rostock|N
18119|Rostock|N
18147|Rostock|N
18050|Rostock|G
18051|Rostock|G
18053|Rostock|G
18001|Rostock|P
18002|Rostock|P
18003|Rostock|P
18004|Rostock|P
18005|Rostock|P
18006|Rostock|P
18007|Rostock|P
18008|Rostock|P
18010|Rostock|P
18011|Rostock|P
18012|Rostock|P
18013|Rostock|P
18023|Rostock|P
18024|Rostock|P
18061|Rostock|P
18062|Rostock|P
18063|Rostock|P
18083|Rostock|P
18111|Rostock|P
18112|Rostock|P
18113|Rostock|P
18132|Rostock|P
18133|Rostock|P
18134|Rostock|P
18120|Rostock|G
18064|Rostock|P
18114|Rostock|P
18115|Rostock|P
18155|Rostock|P
18025|Rostock|P
18069|Rostock|N
18106|Rostock|N
18146|Rostock|N
18182|Rostock|N
18100|Rostock|G
18052|Rostock|G
18101|Rostock|G
18181|Rostock|N
18048|Rostock|G
18049|Rostock|G
18060|Rostock|G
18103|Rostock|G
18054|Rostock|G
19053|Schwerin|H
19055|Schwerin|N
19057|Schwerin|N
19059|Schwerin|N
19061|Schwerin|N
19063|Schwerin|N
19048|Schwerin|G
19049|Schwerin|G
19050|Schwerin|G
19001|Schwerin|P
19002|Schwerin|P
19003|Schwerin|P
19004|Schwerin|P
19005|Schwerin|P
19006|Schwerin|P
19007|Schwerin|P
19008|Schwerin|P
19009|Schwerin|P
19010|Schwerin|P
19018|Schwerin|P
19091|Schwerin|P
19092|Schwerin|P
19101|Schwerin|G
19011|Schwerin|P
19100|Schwerin|G
19020|Schwerin|G
19102|Schwerin|G
18435|Stralsund|H
18437|Stralsund|N
18439|Stralsund|N
18432|Stralsund|G
18401|Stralsund|P
18402|Stralsund|P
18403|Stralsund|P
18404|Stralsund|P
18408|Stralsund|P
18409|Stralsund|P
18410|Stralsund|P
18411|Stralsund|P
18412|Stralsund|P
18413|Stralsund|P
18431|Stralsund|G
23966|Wismar|H
23968|Wismar|N
23970|Wismar|N
23951|Wismar|P
23952|Wismar|P
23953|Wismar|P
23957|Wismar|P
23958|Wismar|P
18211|Admannshagen-Bargeshagen|H
18233|Alt Bukow|H
18209|Bad Doberan|H
18209|Bartenshagen-Parkentin|H
18230|Bastorf|H
18230|Hohen Niendorf|H
18230|Kägsdorf|H
18230|Mechelsdorf|H
18230|Wendelstorf|H
18230|Westhof|H
18230|Zweedorf|H
18258|Benitz|H
18182|Bentwisch|H
18230|Biendorf|H
18182|Blankenhagen|H
18211|Börgerende|H
18211|Bahrenhorst|H
18211|Neu Rethwisch|H
18211|Rethwisch|H
18258|Bröbberow|H
18184|Broderstorf|H
18195|Cammin|H
18196|Dummerstorf|H
18107|Elmenhorst/Lichtenhagen|H
18182|Gelbensande|H
18195|Gnewitz|H
18181|Graal-Müritz|H
18195|Grammow|H
18209|Hohenfelde|H
18209|Neu Hohenfelde|H
18211|Forsthaus Ivendorf|H
18211|Ivendorf|H
18258|Kassow|H
18198|Kritzmow|H
18236|Kröpelin|H
18225|Kühlungsborn|H
18069|Lambrechtshagen|H
18182|Mönchhagen|H
18233|Neubukow|H
18211|Ostseebad Nienhagen|H
18195|Nustrow|H
18059|Papendorf|H
18059|Pölchow|H
18184|Poppendorf|H
18209|Reddelich|H
18230|Ostseebad Rerik|H
18226|Ostseebad Rerik|P
18211|Retschow|H
18184|Roggentin|H
18182|Rövershagen|H
18258|Rukieten|H
18190|Sanitz|H
18258|Schwaan|H
18255|Schwaan|P
18195|Selpin|H
18198|Stäbelow|H
18209|Steffenshagen|H
18195|Stubbendorf|H
18195|Tessin|H
18195|Thelkow|H
18184|Thulendorf|H
18258|Vorbeck|H
18258|Wiendorf|H
18209|Wittenbeck|H
18195|Zarnewanz|H
18059|Ziesendorf|H
18239|Satow|H
17129|Alt Tellin|H
17091|Altenhagen|H
17087|Altentreptow|H
17089|Bartow|H
17139|Basedow|H
17111|Beggerow|H
17129|Bentzin|H
17153|Bredenfelde|H
17091|Breesen|H
17153|Briggow|H
17089|Burow|H
17129|Daberkow|H
17159|Dargun|H
17156|Dargun|P
17109|Demmin|H
17101|Demmin|P
17102|Demmin|P
17103|Demmin|P
17139|Faulenrost|H
17139|Gielow|H
17089|Gnevkow|H
17089|Golchen|H
17121|Görmin|H
17153|Grammentin|H
17089|Grapzow|H
17089|Grischow|H
17091|Groß Teetzleben|H
17089|Gültz|H
17153|Gülzow|H
17111|Hohenbollentin|H
17153|Ivenack|H
17126|Jarmen|H
17153|Jürgenstorf|H
17153|Kittendorf|H
17091|Knorrendorf|H
17091|Kriesow|H
17129|Kruckow|H
17139|Kummerow|H
17111|Lindenberg|H
17121|Loitz|H
17139|Malchin|H
17131|Malchin|P
17132|Malchin|P
17111|Meesiger|H
17091|Mölln|H
17091|Wrodow|H
17111|Kentzlin|H
17154|Neukalen|H
17111|Nossendorf|H
17091|Pripsleben|H
17153|Ritzerow|H
17091|Röckwitz|H
17091|Rosenow|H
17111|Sarow|H
17111|Schönfeld|H
17089|Siedenbollentin|H
17111|Sommersdorf|H
17153|Stavenhagen|H
17149|Stavenhagen|P
17129|Tutow|H
17091|Tützpatz|H
17111|Verchen|H
17129|Völschow|H
17111|Warrenzin|H
17089|Werder|H
17091|Wildberg|H
17091|Wolde|H
17153|Zettemin|H
17111|Borrentin|H
17111|Hohenmocker|H
17111|Kletzin|H
17111|Siedenbrünzow|H
17111|Utzedel|H
17166|Alt Sührkow|H
17179|Altkalen|H
18246|Baumgarten|H
17179|Behren-Lübchin|H
18249|Bernitt|H
18249|Viezen|H
18246|Göllin|H
18246|Glambeck|H
18246|Jabelitz|H
18246|Käterhagen|H
18246|Neu Käterhagen|H
18246|Kurzen Trechow|H
18246|Langen Trechow|H
18246|Moisall|H
18249|Schlemmin|H
18246|Bützow|H
18241|Bützow|P
18242|Bützow|P
17166|Dahmen|H
17166|Dalkendorf|H
18249|Dreetz|H
17179|Finkenthal|H
18276|Glasewitz|H
17179|Gnoien|H
17166|Groß Roge|H
18276|Groß Schwiesow|H
17166|Groß Wokern|H
17168|Groß Wüstenfelde|H
18273|Güstrow|H
18271|Güstrow|G
18276|Gutow|H
17166|Hohen Demzin|H
18299|Hohen Sprenz|H
18292|Hoppenrade|H
17168|Jördenstorf|H
18246|Jürgenshagen|H
18246|Krugland|H
18246|Klein Belitz|H
18246|Groß Belitz|H
18246|Neukirchen|H
18246|Reinstorf|H
18246|Selow|H
18246|Friedrichshof|H
18276|Klein Upahl|H
18292|Krakow am See|H
18292|Kuchelmiß|H
18276|Kuhs|H
18299|Laage|H
18279|Lalendorf|H
17168|Lelkendorf|H
18276|Lohmen|H
18276|Lüssow|H
18276|Mistorf|H
18276|Mühl Rosin|H
18249|Penzin|H
18276|Plaaz|H
18276|Reimershagen|H
18246|Rühn|H
18276|Sarmstorf|H
18246|Steinhagen|H
18246|Neuendorf|H
18249|Tarnow|H
18249|Boitin|H
18249|Zernin|H
17166|Teterow|H
17168|Thürkow|H
17179|Walkendorf|H
18299|Wardow|H
17168|Warnkenhagen|H
18249|Warnow|H
18249|Buchenhof|H
18249|Eickelberg|H
18249|Eickhof|H
18249|Klein Raden|H
18249|Schlockow|H
18249|Lübzin-Rosenow|H
18276|Zehna|H
18246|Zepelin|H
18246|Oettelin|H
18299|Dolgen am See|H
18276|Gülzow-Prüzen|H
17166|Schorssow|H
17168|Schwasdorf|H
17168|Sukow-Levitzow|H
17168|Prebberede|H
19288|Alt Krenzlin|H
19230|Alt Zachun|H
19300|Balow|H
19230|Bandenitz|H
19230|Belsch|H
19258|Besitz|H
19306|Blievenstorf|H
19230|Bobzin|H
19258|Boizenburg|H
19251|Boizenburg|P
19252|Boizenburg|P
19273|Brahlstorf|H
19306|Brenz|H
19230|Bresegard|H
19294|Bresegard|H
19372|Brunow|H
19357|Klüß|H
19372|Bauerkuhl|H
19357|Dambeck|H
19260|Dersenow|H
19273|Dammereez|H
19303|Dömitz|H
19073|Dümmer|H
19294|Eldena|H
19294|Altona|H
19294|Stuck|H
19258|Gallin|H
19230|Gammelin|H
19288|Göhlen|H
19294|Gorlosen|H
19300|Grabow|H
19258|Gresse|H
19258|Greven|H
19230|Groß Krams|H
19288|Groß Laasch|H
19230|Hagenow|H
19075|Holthusen|H
19230|Hoort|H
19230|Hülseburg|H
19294|Karenz|H
19294|Karstädt|H
19294|Güritz Försterei|H
19230|Kirch Jesar|H
19073|Klein Rogahn|H
19246|Kogel|H
19300|Kremmin|H
19300|Beckentin|H
19230|Kuhstorf|H
19077|Lübesse|H
19288|Lüblow|H
19249|Lübtheen|H
19288|Ludwigslust|H
19281|Ludwigslust|P
19282|Ludwigslust|P
19288|Glaisin|H
19288|Kummer|H
19294|Malliß|H
19300|Milow|H
19300|Deibow|H
19300|Kastorf|H
19300|Semmerin|H
19294|Krinitz|H
19294|Görnitz|H
19300|Möllenbeck|H
19230|Moraas|H
19300|Muchow|H
19258|Neu Gülze|H
19294|Neu Kaliß|H
19306|Neustadt-Glewe|H
19304|Neustadt-Glewe|P
19258|Nostorf|H
19075|Pampow|H
19230|Pätow-Steegen|H
19230|Picher|H
19300|Prislich|H
19300|Neese|H
19300|Werle|H
19230|Pritzier|H
19077|Rastow|H
19230|Redefin|H
19073|Schossin|H
19075|Mühlenbeck|H
19258|Schwanheide|H
19073|Stralendorf|H
19230|Strohkirchen|H
19077|Sülstorf|H
19273|Teldau|H
19258|Tessin|H
19230|Toddin|H
19077|Uelitz|H
19260|Vellahn|H
19303|Vielank|H
19230|Warlitz|H
19288|Warlow|H
19075|Warsow|H
19243|Wittenburg|H
19240|Wittenburg|P
19241|Wittenburg|P
19073|Wittenförden|H
19288|Wöbbelin|H
19246|Zarrentin|H
19244|Zarrentin|P
19300|Zierzow|H
19300|Marienhof|H
19300|Neese Ausbau|H
19073|Zülow|H
19294|Grebs|H
19294|Niendorf|H
17039|Beseritz|H
17039|Blankenhof|H
17237|Blankensee|H
17237|Blumenholz|H
17039|Brunn|H
17094|Burg Stargard|H
17237|Carpin|H
17094|Cölpin|H
17098|Friedland|H
17095|Friedland|P
17237|Godendorf|H
17094|Groß Nemerow|H
17237|Grünow|H
17237|Hohenzieritz|H
17094|Holldorf|H
17237|Klein Vielen|H
17237|Kratzeburg|H
17349|Kublank|H
17252|Mirow|H
17250|Mirow|P
17237|Möllenbeck|H
17039|Neddemin|H
17349|Neetzka|H
17039|Neuenkirchen|H
17235|Neustrelitz|H
17039|Neverin|H
17094|Pragsdorf|H
17255|Priepert|H
17349|Schönbeck|H
17337|Schönhausen|H
17039|Staven|H
17039|Trollenhagen|H
17237|Userin|H
17349|Voigtsdorf|H
17255|Wesenberg|H
17253|Wesenberg|P
17039|Woggersin|H
17348|Woldegk|H
17039|Wulkenzin|H
17255|Wustrow|H
17039|Zirzow|H
17258|Feldberg Seenlandschaft|H
17349|Groß Miltzow|H
17237|Wokuhl-Dabelow|H
17349|Lindetal|H
17099|Datzetal|H
17099|Galenbeck|H
17039|Sponholz|H
17214|Alt Schwerin|H
17209|Altenhof|H
17219|Ankershagen|H
17207|Bollewick|H
17209|Buchholz|H
17209|Bütow|H
17209|Fincken|H
17213|Göhren-Lebbin|H
17207|Gotthun|H
17194|Grabowhöfe|H
17192|Groß Dratow|H
17219|Klockow|H
17207|Groß Kelle|H
17192|Groß Plasten|H
17194|Hohen Wangelin|H
17194|Jabel|H
17192|Kargow|H
17209|Kieve|H
17192|Klink|H
17194|Klocksin|H
17248|Lärz|H
17209|Leizen|H
17213|Malchow|H
17209|Melz|H
17219|Möllenhagen|H
17194|Moltzow|H
17214|Nossentiner Hütte|H
17217|Penzlin|H
17209|Priborn|H
17248|Rechlin|H
17207|Röbel|H
17203|Röbel|P
17192|Schloen|H
17192|Neu Schloen|H
17252|Schwarz|H
17209|Sietow|H
17214|Silz|H
17209|Stuer|H
17192|Torgelow|H
17194|Vollrathsruhe|H
17209|Walow|H
17192|Waren|H
17209|Zislow|H
17213|Fünfseen|H
18347|Ostseebad Ahrenshoop|H
18445|Altenpleen|H
18334|Bad Sülze|H
18356|Barth|H
18351|Barth|P
18352|Barth|P
18375|Born|H
18334|Dettmannsdorf|H
18513|Deyelsdorf|H
18347|Dierhagen|H
18465|Drechow|H
18334|Eixen|H
18510|Elmenhorst|H
18461|Franzburg|H
18356|Fuhlendorf|H
18513|Glewitz|H
18513|Grammendorf|H
18513|Gransebieth|H
18507|Grimmen|H
18501|Grimmen|P
18502|Grimmen|P
18442|Groß Kordshagen|H
18445|Groß Mohrdorf|H
18465|Hugoldsdorf|H
18442|Jakobsdorf|H
18469|Karnin|H
18445|Klausdorf|H
18445|Kramerhof|H
18314|Löbnitz|H
18314|Lüdershagen|H
18442|Lüssow|H
18337|Marlow|H
18442|Niepars|H
18442|Pantelitz|H
18510|Papenhagen|H
18445|Preetz|H
18375|Ostseebad Prerow|H
18445|Prohn|H
18356|Pruchten|H
18311|Ribnitz-Damgarten|H
18461|Richtenberg|H
18317|Saal|H
18320|Schlemmin|H
18334|Semlow|H
18513|Splietsdorf|H
18442|Steinhagen|H
18465|Tribsees|H
18320|Trinwillershagen|H
18469|Velgast|H
18461|Weitenhagen|H
18513|Wendisch Baggendorf|H
18442|Wendorf|H
18375|Wieck a Darß|H
18510|Wittenhagen|H
18347|Ostseebad Wustrow|H
18510|Zarrendorf|H
18374|Zingst|H
18368|Zingst|P
18369|Zingst|P
18516|Süderholz|H
18314|Divitz-Spoldershagen|H
18461|Gremersdorf-Buchholz|H
18314|Kenz-Küstrow|H
18320|Ahrenshagen-Daskow|H
18334|Lindholz|H
18519|Sundhagen|H
19069|Alt Meteln|H
23996|Bad Kleinen|H
19209|Badow|H
23968|Barnekow|H
23970|Benz|H
23936|Bernstorf|H
19417|Bibow|H
19417|Hasenwinkel|H
19417|Nisbill|H
19417|Dämelow|H
19417|Neuhof|H
23974|Blowatz|H
23974|Boiensdorf|H
23974|Mückenfang|H
23946|Ostseebad Boltenhagen|H
19071|Brüsewitz|H
19071|Groß Brütz|H
19071|Herren Steinfeld|H
19217|Carlow|H
19217|Klein Molzahn|H
19217|Kuhlrade|H
19217|Neschow|H
19217|Pogez|H
19217|Samkow|H
19217|Stove|H
19071|Cramonshagen|H
19071|Dalberg-Wendelstorf|H
23948|Damshagen|H
23948|Dorf Reppenhagen|H
23948|Hof Reppenhagen|H
23948|Nedderhagen|H
23948|Stellshagen|H
23948|Welzin|H
23942|Dassow|H
19217|Dechow|H
19205|Groß Thurow|H
19205|Neu Thurow|H
23972|Dorf Mecklenburg|H
19205|Dragun|H
19205|Gadebusch|H
23968|Gägelow|H
23968|Gressow|H
23968|Jamel|H
23968|Neu Weitendorf|H
23968|Proseken|H
23968|Stofferstorf|H
23968|Voßkuhl|H
23968|Weitendorf|H
23968|Wolde|H
23992|Glasin|H
23992|Neu Babst|H
23992|Pinnowhof|H
23992|Poischendorf|H
23992|Poischendorf Molkerei|H
23992|Warnkenhagen|H
23992|Babst|H
23992|Charlottenfelde|H
23992|Groß Tessin|H
23992|Perniek|H
23992|Strameuß|H
19209|Gottesgabe|H
19071|Grambow|H
19073|Wodenhof|H
23936|Grevesmühlen|H
23936|Barendorf|H
23936|Büttlingen|H
23936|Everstorf|H
23936|Grenzhausen|H
23936|Hamberge|H
23936|Hoikendorf|H
23936|Neu Degtow|H
23936|Questin|H
23936|Santow|H
23936|Wotenitz|H
23935|Grevesmühlen|G
23936|Grieben|H
19217|Groß Molzahn|H
23972|Groß Stieten|H
23996|Hohen Viecheln|H
23996|Hädchenshof|H
23996|Moltow|H
23996|Neu Viecheln|H
19217|Holdorf|H
19205|Meetzen|H
23974|Hornstorf|H
23970|Kritzow|H
23970|Rüggow|H
23974|Rohlstorf|H
23999|Insel Poel|H
19417|Jesendorf|H
19417|Büschow|H
19417|Neperstorf|H
19417|Trams|H
19069|Klein Trebbow|H
23948|Klütz|H
23946|Tarnewitzerhagen|H
23948|Arpshagen|H
23948|Christinenfeld|H
23948|Goldbeck|H
23948|Grundshagen|H
23948|Hofzumfelde|H
23948|Kühlenstein|H
23948|Niederklütz|H
23948|Oberhof|H
23948|Oberklütz|H
23948|Steinbeck|H
23948|Wohlenberg|H
23948|Eulenkrug|H
19205|Kneese|H
19217|Köchelstorf|H
19217|Benzin|H
19217|Groß Hundorf|H
19205|Krembz|H
23974|Krusenhagen|H
23992|Lübberstorf|H
23992|Lüdersdorf|H
23992|Neumühle|H
23972|Lübow|H
19069|Lübstorf|H
23923|Lüdersdorf|H
23923|Boitin-Resdorf|H
23923|Groß Neuleben|H
23923|Herrnburg|H
23923|Hof Wahrsow|H
23923|Palingen|H
23923|Schattin|H
23923|Wahrsow|H
23923|Westerbeck|H
23923|Duvennest|H
23923|Klein Neuleben|H
19209|Lützow|H
23923|Menzendorf|H
23972|Metelsdorf|H
19205|Mühlen Eichsen|H
23974|Neuburg|H
23974|Hagebök|H
23992|Neukloster|H
23992|Passee|H
23992|Alt Poorstorf|H
23992|Goldberg|H
23992|Höltingsdorf|H
23992|Langenstück|H
23992|Neu Poorstorf|H
23992|Tüzen|H
19209|Perlin|H
19069|Pingelshagen|H
19205|Pokrent|H
19217|Rehna|H
19209|Renzow|H
19217|Rieps|H
23923|Roduchelstorf|H
19205|Roggendorf|H
19205|Breesen|H
19205|Klein Salitz|H
19205|Klein Thurow|H
19205|Marienthal|H
23936|Roggenstorf|H
23936|Pohnstorf|H
19205|Rögnitz|H
23936|Rüting|H
23936|Diedrichshagen|H
23936|Rüting Steinfort|H
23936|Schildberg|H
19217|Schlagsdorf|H
23923|Schönberg|H
19069|Seehof|H
23923|Selmsdorf|H
23923|Hof Selmsdorf|H
23923|Lauen|H
23923|Sülsdorf|H
23923|Teschow|H
23923|Zarnewenz|H
23936|Testorf-Steinfort|H
19217|Thandorf|H
23936|Upahl|H
19217|Utecht|H
19205|Veelböken|H
19205|Botelsdorf|H
19205|Hindenberg|H
19205|Passow|H
19205|Rambeel|H
19417|Ventschow|H
19417|Kleekamp|H
19417|Warin|H
19417|Mankmoos|H
19417|Neu Pennewitt|H
19415|Warin|P
19417|Groß Labenz|H
19417|Klein Labenz|H
23936|Warnow|H
23936|Bössow|H
23936|Thorstorf|H
23948|Gantenbeck|H
23948|Großenhof|H
19217|Wedendorf|H
19069|Zickhusen|H
23968|Zierow|H
23992|Zurow|H
23992|Züsow|H
23992|Bäbelin|H
23992|Teplitz|H
23992|Tollow|H
23992|Wakendorf|H
23948|Moor|H
23948|Dorf Gutow|H
23948|Hof Gutow|H
23948|Kussow|H
23948|Parin|H
23948|Rolofshagen|H
23942|Kalkhorst|H
23948|Elmenhorst|H
23948|Brook|H
23948|Warnkenhagen|H
23942|Dönkendorf|H
23942|Groß Schwansee|H
23942|Klein Schwansee|H
23942|Neuenhagen|H
23948|Hohen Schönberg|H
23948|Klein Pravtshagen|H
23996|Bobitz|H
23996|Beidendorf|H
23996|Grapen-Stieten|H
23996|Lutterstorf|H
23996|Naudin|H
23996|Rastorf|H
23996|Scharfstorf|H
23996|Dalliendorf|H
23996|Dambeck|H
23996|Neu Saunstorf|H
23996|Neuhof|H
23996|Saunstorf|H
23966|Groß Krankow|H
23968|Hohenkirchen|H
17389|Anklam|H
17381|Anklam|P
17382|Anklam|P
17383|Anklam|P
17506|Bandelin|H
17398|Bargischow|H
17498|Behrenhoff|H
17429|Benz|H
17392|Blesewitz|H
17392|Boldekow|H
17509|Brünzow|H
17398|Bugewitz|H
17440|Buggenhagen|H
17392|Butzow|H
17498|Dargelin|H
17419|Dargen|H
17498|Dersekow|H
17398|Ducherow|H
17419|Garz|H
17506|Gribow|H
17495|Groß Kiesow|H
17390|Groß Polzin|H
17506|Gützkow|H
17509|Hanshagen|H
17498|Hinrichshagen|H
17391|Iven|H
17419|Kamminke|H
17495|Karlsburg|H
17449|Karlshagen|H
17445|Karlshagen|P
17509|Katzow|H
17509|Kemnitz|H
17390|Klein Bünzow|H
17419|Korswandt|H
17459|Koserow|H
17391|Krien|H
17440|Kröslin|H
17440|Krummin|H
17391|Krusenfelde|H
17440|Lassan|H
17498|Levenhagen|H
17459|Loddin|H
17509|Loissin|H
17509|Lubmin|H
17440|Lütow|H
17391|Medow|H
17498|Mesekenhagen|H
17449|Mölschow|H
17390|Murchin|H
17509|Neu Boltenhagen|H
17398|Neu Kosenow|H
17392|Neuenkirchen|H
17498|Neuenkirchen|H
17449|Peenemünde|H
17391|Postlow|H
17429|Pudagla|H
17406|Rankwitz|H
17398|Rossin|H
17509|Rubenow|H
17390|Rubkow|H
17392|Sarnow|H
17440|Sauzin|H
17390|Schmatzin|H
17392|Spantekow|H
17391|Stolpe|H
17406|Stolpe|H
17449|Trassenheide|H
17459|Ückeritz|H
17406|Usedom|H
17498|Wackerow|H
17498|Weitenhagen|H
17438|Wolgast|H
17495|Wrangelsburg|H
17509|Wusterhusen|H
17440|Zemitz|H
17459|Zempin|H
17390|Ziethen|H
17454|Zinnowitz|H
17450|Zinnowitz|P
17451|Zinnowitz|P
17419|Zirchow|H
17495|Züssow|H
17429|Mellenthin|H
17419|Seebad Ahlbeck|H
17429|Seebad Bansin|H
17425|Seebad Bansin|P
17426|Seebad Bansin|P
17424|Ostseebad Heringsdorf|H
19079|Banzkow|H
19089|Barnin|H
19412|Blankenberg|H
19412|Friedrichswalde|H
19412|Penzin|H
19412|Wipersdorf|H
19417|Weiße Krug|H
19406|Borkow|H
19412|Brüel|H
19089|Bülow|H
19067|Cambs|H
19089|Crivitz|H
19406|Dabel|H
19374|Damm|H
19089|Demen|H
19399|Dobbertin|H
19374|Domsühl|H
19395|Ganzlin|H
19065|Gneven|H
19399|Goldberg|H
19079|Goldenstädt|H
19386|Granzin|H
19372|Groß Godems|H
19374|Groß Niendorf|H
19406|Hohen Pritz|H
19372|Karrenzin|H
19372|Herzfeld|H
19374|Klinken|H
19406|Kobrow|H
19386|Kreien|H
19386|Kritzow|H
19067|Langen Brütz|H
19065|Kritzow|H
19399|Langenhagen|H
19067|Leezen|H
19386|Lübz|H
19381|Lübz|P
19382|Lübz|P
19372|Matzlow-Garwitz|H
19374|Mestlin|H
19374|Kadow|H
19374|Ruest|H
19374|Vimfow|H
19406|Mustin|H
19399|Neu Poserin|H
19370|Parchim|H
19361|Parchim|P
19362|Parchim|P
19363|Parchim|P
19365|Parchim|P
19386|Passow|H
19065|Pinnow|H
19086|Plate|H
19085|Plate|G
19395|Plau am See|H
19065|Raben Steinfeld|H
19374|Raduhn|H
19372|Rom|H
19372|Stralendorf|H
19372|Darze|H
19372|Lancken|H
19376|Siggelkow|H
19372|Spornitz|H
19406|Sternberg|H
19406|Groß Raden|H
19406|Sternberger Burg|H
19406|Pastin|H
19406|Gägelow|H
19406|Neu Pastin|H
19406|Zülow|H
19406|Groß Görnow|H
19406|Klein Görnow|H
19406|Sagsdorf|H
19372|Stolpe|H
19079|Sukow|H
19399|Techentin|H
19089|Tramm|H
19412|Weitendorf|H
19386|Werder|H
19406|Witzin|H
19089|Zapel|H
19372|Ziegendorf|H
19372|Drefahl|H
19372|Löcknitz|H
19372|Meierstorf|H
19372|Pampin|H
19372|Platschow|H
19372|Stresendorf|H
19374|Zölkow|H
19374|Hof Grabow|H
19374|Kladrum|H
19386|Gallin-Kuppentin|H
19067|Dobin am See|H
18573|Altefähr|H
18556|Altenkirchen|H
18586|Baabe|H
18528|Bergen|H
18521|Bergen|P
18522|Bergen|P
18523|Bergen|P
18524|Bergen|P
18525|Bergen|P
18609|Ostseebad Binz|H
18556|Breege|H
18528|Buschvitz|H
18556|Dranske|H
18573|Dreschvitz|H
18574|Garz|H
18569|Gingst|H
18551|Glowe|H
18586|Göhren|H
18574|Gustow|H
18565|Insel Hiddensee|H
18569|Kluis|H
18586|Lancken-Granitz|H
18528|Lietzow|H
18551|Lohme|H
18569|Neuenkirchen|H
18528|Parchtitz|H
18528|Patzig|H
18574|Poseritz|H
18581|Putbus|H
18556|Putgarten|H
18528|Ralswiek|H
18573|Rambin|H
18528|Rappin|H
18551|Sagard|H
18547|Sagard|P
18573|Samtens|H
18546|Sassnitz|H
18540|Sassnitz|P
18541|Sassnitz|P
18569|Schaprode|H
18528|Sehlen|H
18586|Sellin|H
18591|Sellin|P
18592|Sellin|P
18569|Trent|H
18569|Ummanz|H
18556|Wiek|H
18528|Zirkow|H
17375|Ahlbeck|H
17375|Altwarp|H
17379|Altwigshagen|H
17321|Bergholz|H
17322|Blankensee|H
17322|Boock|H
17309|Brietzig|H
17367|Eggesin|H
17375|Hoppenwalde|H
17363|Eggesin|P
17364|Eggesin|P
17309|Fahrenwalde|H
17379|Ferdinandshof|H
17322|Glasow|H
17375|Grambin|H
17322|Grambow|H
17337|Groß Luckow|H
17358|Hammer|H
17379|Heinrichswalde|H
17375|Hintersee|H
17309|Jatznick|H
17309|Koblentz|H
17329|Krackow|H
17309|Krugsdorf|H
17375|Leopoldshagen|H
17375|Liepgarten|H
17321|Löcknitz|H
17319|Löcknitz|P
17375|Luckow|H
17375|Meiersberg|H
17375|Mönkebude|H
17329|Nadrensee|H
17309|Nieden|H
17309|Papendorf|H
17309|Pasewalk|H
17301|Pasewalk|P
17302|Pasewalk|P
17305|Pasewalk|G
17306|Pasewalk|G
17308|Pasewalk|G
17328|Penkun|H
17321|Plöwen|H
17309|Polzow|H
17321|Ramin|H
17309|Rollwitz|H
17322|Rossow|H
17379|Rothemühl|H
17321|Rothenklempenow|H
17309|Schönwalde|H
17335|Strasburg|H
17358|Torgelow|H
17373|Ueckermünde|H
17368|Ueckermünde|P
17309|Viereck|H
17375|Vogelsang-Warsin|H
17379|Wilhelmsburg|H
17309|Zerrenthin|H
17379|Lübs|H
17240|Neustrelitz|G
17192|Peenehagen|H
17217|Kuckssee|H
17209|Eldetal|H
17207|Südmüritz|H
18233|Am Salzhaff|H
18233|Carinerland|H
18292|Dobbin-Linstow|H
18461|Millienhagen-Oebelitz|H
18586|Mönchgut|H
19217|Königsfeld|H
23936|Stepenitztal|H
23923|Siemz-Niendorf|H
17474|Greifswald|G
17304|Pasewalk|G
17121|Sassen-Trantow|H
17391|Neetzow-Liepen|H
19395|Barkhagen|H
19258|Bengerstorf|H
19089|Friedrichsruhe|H
19412|Kuhlen-Wendorf|H
19246|Lüttow-Valluhn|H
19294|Malk Göhren|H
19243|Wittendörp|H
19374|Obere Warnow|H
19386|Gehlsbach|H
19412|Kloster Tempzin|H
19376|Ruhner Berge|H
09111|Chemnitz|H
09112|Chemnitz|N
09113|Chemnitz|N
09114|Chemnitz|N
09116|Chemnitz|N
09117|Chemnitz|N
09119|Chemnitz|N
09120|Chemnitz|N
09122|Chemnitz|N
09123|Chemnitz|N
09125|Chemnitz|N
09126|Chemnitz|N
09127|Chemnitz|N
09131|Chemnitz|N
09099|Chemnitz|G
09100|Chemnitz|G
09103|Chemnitz|G
09105|Chemnitz|G
09106|Chemnitz|G
09107|Chemnitz|G
09108|Chemnitz|G
09001|Chemnitz|P
09002|Chemnitz|P
09003|Chemnitz|P
09004|Chemnitz|P
09005|Chemnitz|P
09006|Chemnitz|P
09007|Chemnitz|P
09009|Chemnitz|P
09010|Chemnitz|P
09022|Chemnitz|P
09023|Chemnitz|P
09024|Chemnitz|P
09025|Chemnitz|P
09026|Chemnitz|P
09027|Chemnitz|P
09028|Chemnitz|P
09029|Chemnitz|P
09030|Chemnitz|P
09031|Chemnitz|P
09032|Chemnitz|P
09033|Chemnitz|P
09034|Chemnitz|P
09037|Chemnitz|P
09041|Chemnitz|P
09042|Chemnitz|P
09052|Chemnitz|P
09054|Chemnitz|P
09056|Chemnitz|P
09060|Chemnitz|P
09070|Chemnitz|P
09071|Chemnitz|P
09072|Chemnitz|P
09073|Chemnitz|P
09128|Chemnitz|N
09109|Chemnitz|G
09130|Chemnitz|N
09097|Chemnitz|G
09055|Chemnitz|P
09096|Chemnitz|G
09095|Chemnitz|G
09200|Chemnitz|G
09094|Chemnitz|G
09093|Chemnitz|G
08523|Plauen|H
08525|Plauen|N
08527|Plauen|N
08529|Plauen|N
08505|Plauen|P
08506|Plauen|P
08507|Plauen|P
08541|Großfriesen|H
08547|Jößnitz|H
08525|Kauschwitz|H
08527|Neundorf|H
08527|Straßberg|H
08508|Plauen|P
08056|Zwickau|H
08058|Zwickau|N
08060|Zwickau|N
08062|Zwickau|N
08064|Zwickau|N
08066|Zwickau|N
08001|Zwickau|P
08002|Zwickau|P
08003|Zwickau|P
08004|Zwickau|P
08010|Zwickau|P
08012|Zwickau|P
08015|Zwickau|P
08005|Zwickau|P
08006|Zwickau|P
08007|Zwickau|P
08008|Zwickau|P
08009|Zwickau|P
08013|Zwickau|P
08014|Zwickau|P
08067|Zwickau|P
08068|Zwickau|P
08069|Zwickau|P
08070|Zwickau|P
08026|Zwickau|P
08028|Zwickau|P
08100|Zwickau|G
08048|Zwickau|G
08080|Zwickau|G
09456|Annaberg-Buchholz|H
09453|Annaberg-Buchholz|G
09441|Annaberg-Buchholz|P
09442|Annaberg-Buchholz|P
09443|Annaberg-Buchholz|P
09444|Annaberg-Buchholz|P
09449|Annaberg-Buchholz|P
09445|Annaberg-Buchholz|P
09446|Annaberg-Buchholz|P
09471|Bärenstein|H
09469|Bärenstein|P
09474|Crottendorf|H
09427|Ehrenfriedersdorf|H
09424|Ehrenfriedersdorf|P
09425|Ehrenfriedersdorf|P
09481|Elterlein|H
09423|Gelenau|H
09468|Geyer|H
09466|Geyer|P
09477|Jöhstadt|H
09477|Grumbach|H
09477|Steinbach|H
09471|Königswalde|H
09456|Mildenau|H
09484|Kurort Oberwiesenthal|H
09481|Scheibenberg|H
09487|Schlettau|H
09485|Schlettau|P
09465|Sehmatal-Cranzahl|H
09465|Sehmatal-Neudorf|H
09465|Sehmatal-Sehma|H
09468|Tannenberg|H
09419|Thum|H
09416|Thum|P
09417|Thum|P
09488|Thermalbad Wiesenbad|H
09337|Bernsdorf|H
09337|Callenberg|H
09355|Gersdorf|H
09354|Gersdorf|P
08371|Glauchau|H
08361|Glauchau|P
08362|Glauchau|P
08363|Glauchau|P
08364|Glauchau|P
08365|Glauchau|P
09337|Hohenstein-Ernstthal|H
09331|Hohenstein-Ernstthal|P
09332|Hohenstein-Ernstthal|P
09350|Lichtenstein|H
09347|Lichtenstein|P
09348|Lichtenstein|P
09212|Limbach-Oberfrohna|H
09203|Limbach-Oberfrohna|P
09204|Limbach-Oberfrohna|P
09205|Limbach-Oberfrohna|P
08393|Meerane|H
08383|Meerane|P
08384|Meerane|P
08385|Meerane|P
08386|Meerane|P
09243|Niederfrohna|H
09353|Oberlungwitz|H
09351|Oberlungwitz|P
08396|Oberwiera|H
08373|Remse|H
08393|Schönberg|H
09356|St. Egidien|H
08396|Waldenburg|H
09573|Augustusburg|H
09618|Brand-Erbisdorf|H
09614|Brand-Erbisdorf|P
09619|Dorfchemnitz|H
09575|Eppendorf|H
09557|Flöha|H
09623|Frauenstein|H
09599|Freiberg|H
09596|Freiberg|G
09581|Freiberg|P
09582|Freiberg|P
09583|Freiberg|P
09584|Freiberg|P
09587|Freiberg|P
09585|Freiberg|P
09586|Freiberg|P
09618|Großhartmannsdorf|H
09603|Großschirma|H
09633|Halsbrücke|H
09573|Leubsdorf|H
09638|Lichtenberg|H
09619|Mulda|H
09544|Neuhausen|H
09577|Niederwiesa|H
09600|Oberschöna|H
09569|Oederan|H
09567|Oederan|P
09623|Rechenberg-Bienenmühle|H
09629|Reinsberg|H
09629|Bieberstein|H
09629|Dittmannsdorf|H
09629|Drehfeld|H
09629|Neukirchen|H
09629|Steinbach|H
09629|Wolfsgrün|H
09634|Hirschfeld|H
09629|Burkersdorf, Mulde|H
09619|Sayda|H
09600|Weißenborn|H
08626|Adorf|H
08621|Adorf|P
08209|Auerbach|H
08201|Auerbach|P
08202|Auerbach|P
08648|Bad Brambach|H
08646|Bad Brambach|P
08645|Bad Elster|H
08239|Bergen|H
08606|Bösenbrunn|H
08606|Bobenneukirchen|H
08606|Ottengrün|H
08606|Schönbrunn|H
08626|Eichigt|H
08236|Ellefeld|H
08234|Ellefeld|P
07985|Elsterberg|H
07982|Elsterberg|P
08223|Falkenstein|H
08239|Oberlauterbach|H
08239|Trieb|H
08223|Grünbach|H
08223|Grünbach-Muldenberg|H
08468|Heinsdorfergrund|H
08248|Klingenthal|H
08485|Lengenfeld|H
08485|Schönbrunn|H
08485|Waldkirchen|H
08539|Leubnitz|H
08539|Rodau|H
08527|Rößnitz|H
08527|Schneckengrün|H
08491|Limbach|H
08468|Mühlwand|H
08491|Lauschgrün|H
08491|Reimersgrün|H
08258|Markneukirchen|H
08254|Markneukirchen|P
08255|Markneukirchen|P
08539|Mehltheuer|H
08539|Schönberg|H
08606|Tirschendorf|H
08626|Hermsgrün|H
08626|Marieney|H
08626|Unterwürschnitz|H
08626|Wohlbach|H
07919|Mühltroff|H
07919|Langenbach|H
08539|Kornbach|H
08499|Mylau|H
08491|Netzschkau|H
08491|Brockau|H
08541|Neuensalz|H
08541|Mechelgrün|H
08541|Zobes|H
08541|Thoßfell|H
08496|Neumark|H
08492|Neumark|P
08223|Neustadt|H
08606|Oelsnitz|H
08606|Planschwitz|H
08601|Oelsnitz|P
07952|Pausa|H
08543|Pöhl|H
08468|Reichenbach|H
08461|Reichenbach|P
08462|Reichenbach|P
08468|Schneidenbach|H
08228|Rodewisch|H
08226|Rodewisch|P
08261|Schöneck|H
08259|Schöneck|P
08237|Steinberg|H
08548|Syrau|H
08541|Theuma|H
08606|Tirpersdorf|H
08606|Droßdorf|H
08606|Lottengrün|H
08233|Treuen|H
08229|Treuen|P
08233|Eich|H
08233|Hartmannsgrün|H
08606|Triebel|H
08606|Posseck|H
08606|Sachsgrün|H
08538|Weischlitz|H
08223|Werda|H
08267|Zwota|H
09439|Amtsberg|H
09437|Börnichen|H
09548|Deutschneudorf|H
09430|Drebach|H
09405|Gornau|H
09437|Witzschdorf|H
09573|Dittmannsdorf|H
09432|Großolbersdorf|H
09518|Großrückerswalde|H
09579|Grünhainichen|H
09526|Heidersdorf|H
09514|Lengefeld|H
09496|Marienberg|H
09491|Marienberg|P
09492|Marienberg|P
09526|Olbernhau|H
09509|Pockau|H
09548|Kurort Seiffen|H
09429|Wolkenstein|H
09405|Zschopau|H
09401|Zschopau|P
09402|Zschopau|P
09434|Krumhermersdorf|H
09648|Altmittweida|H
09244|Lichtenau|H
09217|Burgstädt|H
09213|Burgstädt|P
09214|Burgstädt|P
09215|Burgstädt|P
09236|Claußnitz|H
09306|Erlau|H
09669|Frankenberg|H
09665|Frankenberg|P
09326|Geringswalde|H
09661|Hainichen|H
09657|Hainichen|P
09232|Hartmannsdorf|H
09230|Hartmannsdorf|P
09231|Hartmannsdorf|G
09306|Königsfeld|H
09306|Doberenz|H
09306|Köttwitzsch|H
09306|Leupahn|H
09306|Leutenhain|H
09306|Schwarzbach|H
09306|Seupahn|H
09306|Stollsdorf|H
09306|Weiditz|H
09306|Weißbach|H
09306|Königshain-Wiederau|H
09648|Kriebstein|H
09328|Lunzenau|H
09329|Lunzenau|P
09648|Mittweida|H
09641|Mittweida|P
09642|Mittweida|P
09643|Mittweida|P
09644|Mittweida|P
09241|Mühlau|H
09322|Penig|H
09306|Rochlitz|H
09661|Rossau|H
09306|Seelitz|H
09661|Striegistal|H
09249|Taura|H
09306|Wechselburg|H
09306|Zettlitz|H
09392|Auerbach|H
09235|Burkhardtsdorf|H
09233|Burkhardtsdorf|P
09390|Gornsdorf|H
09394|Hohndorf|H
09387|Jahnsdorf|H
09385|Lugau|H
09382|Lugau|P
09221|Neukirchen|H
09218|Neukirchen|P
09366|Niederdorf|H
09399|Niederwürschnitz|H
09400|Niederwürschnitz|P
09376|Oelsnitz|H
09372|Oelsnitz|P
09366|Stollberg|H
09361|Stollberg|P
09362|Stollberg|P
09380|Thalheim|H
09377|Thalheim|P
09378|Thalheim|P
08297|Zwönitz|H
08344|Grünhain-Beierfeld|H
08324|Bockau|H
08359|Breitenbrunn|H
08309|Eibenstock|H
08349|Johanngeorgenstadt|H
08294|Lößnitz|H
08290|Lößnitz|P
08289|Schneeberg|H
08284|Schneeberg|P
08304|Schönheide|H
08340|Schwarzenberg|H
08331|Schwarzenberg|P
08332|Schwarzenberg|P
08328|Stützengrün|H
08321|Zschorlau|H
08319|Zschorlau|P
08451|Crimmitschau|H
08441|Crimmitschau|P
08442|Crimmitschau|P
08147|Crinitzberg|H
08393|Dennheritz|H
08427|Fraureuth|H
08118|Hartenstein|H
08116|Hartenstein|P
08107|Hartmannsdorf|H
08144|Hirschfeld|H
08107|Kirchberg|H
08428|Langenbernsdorf|H
08134|Langenweißbach|H
08115|Lichtentanne|H
08132|Mülsen|H
08459|Neukirchen|H
08141|Reinsdorf|H
08412|Werdau|H
08134|Wildenfels|H
08112|Wilkau-Haßlau|H
08110|Wilkau-Haßlau|P
01067|Dresden|H
01069|Dresden|N
01097|Dresden|N
01099|Dresden|N
01109|Dresden|N
01127|Dresden|N
01129|Dresden|N
01139|Dresden|N
01157|Dresden|N
01159|Dresden|N
01169|Dresden|N
01187|Dresden|N
01189|Dresden|N
01217|Dresden|N
01219|Dresden|N
01237|Dresden|N
01239|Dresden|N
01257|Dresden|N
01259|Dresden|N
01277|Dresden|N
01279|Dresden|N
01307|Dresden|N
01309|Dresden|N
01324|Dresden|N
01326|Dresden|N
01054|Dresden|G
01055|Dresden|G
01056|Dresden|G
01058|Dresden|G
01059|Dresden|G
01060|Dresden|G
01062|Dresden|G
01064|Dresden|G
01095|Dresden|G
01213|Dresden|G
01255|Dresden|G
01264|Dresden|G
01304|Dresden|G
01305|Dresden|G
01001|Dresden|P
01002|Dresden|P
01003|Dresden|P
01004|Dresden|P
01005|Dresden|P
01006|Dresden|P
01007|Dresden|P
01008|Dresden|P
01013|Dresden|P
01014|Dresden|P
01071|Dresden|P
01072|Dresden|P
01073|Dresden|P
01074|Dresden|P
01075|Dresden|P
01076|Dresden|P
01101|Dresden|P
01102|Dresden|P
01111|Dresden|P
01141|Dresden|P
01142|Dresden|P
01147|Dresden|P
01171|Dresden|P
01172|Dresden|P
01191|Dresden|P
01192|Dresden|P
01193|Dresden|P
01194|Dresden|P
01241|Dresden|P
01242|Dresden|P
01244|Dresden|P
01245|Dresden|P
01246|Dresden|P
01247|Dresden|P
01261|Dresden|P
01262|Dresden|P
01263|Dresden|P
01265|Dresden|P
01266|Dresden|P
01281|Dresden|P
01282|Dresden|P
01283|Dresden|P
01287|Dresden|P
01288|Dresden|P
01291|Dresden|P
01292|Dresden|P
01311|Dresden|P
01314|Dresden|P
01315|Dresden|P
01065|Dresden|G
01330|Dresden|P
01009|Dresden|P
01010|Dresden|P
01077|Dresden|P
01078|Dresden|P
01079|Dresden|P
01080|Dresden|P
01081|Dresden|P
01112|Dresden|P
01143|Dresden|P
01031|Dresden|P
01032|Dresden|P
01108|Dresden|N
01465|Langebrück|H
01465|Schönborn|H
01328|Dresden|N
01100|Dresden|G
01156|Dresden|N
01057|Dresden|G
01290|Dresden|G
01333|Dresden|G
01160|Dresden|P
01063|Dresden|G
02826|Görlitz|H
02827|Görlitz|N
02828|Görlitz|N
02806|Görlitz|P
02807|Görlitz|P
02808|Görlitz|P
02809|Görlitz|P
02810|Görlitz|P
02811|Görlitz|P
02812|Görlitz|P
02813|Görlitz|P
02814|Görlitz|P
02815|Görlitz|P
02816|Görlitz|P
02818|Görlitz|P
02822|Görlitz|P
02977|Hoyerswerda|H
02961|Hoyerswerda|P
02965|Hoyerswerda|P
02962|Hoyerswerda|P
02625|Bautzen|H
02619|Bautzen|G
02620|Bautzen|G
02621|Bautzen|G
02601|Bautzen|P
02602|Bautzen|P
02603|Bautzen|P
02604|Bautzen|P
02605|Bautzen|P
02606|Bautzen|P
02607|Bautzen|P
02608|Bautzen|P
02609|Bautzen|P
02610|Bautzen|P
02634|Bautzen|P
02635|Bautzen|P
02600|Bautzen|G
02643|Bautzen|G
01877|Bischofswerda|H
01871|Bischofswerda|P
01872|Bischofswerda|P
01873|Bischofswerda|P
01874|Bischofswerda|P
01906|Burkau|H
02733|Cunewalde|H
01877|Demitz-Thumitz|H
02633|Gaußig|H
01877|Naundorf|H
02633|Weißnaußlitz|H
02692|Doberschau|H
02692|Gnaschwitz|H
01909|Frankenthal|H
02633|Göda|H
02694|Großdubrau|H
02693|Großdubrau|P
01909|Großharthau|H
01909|Großharthau-Bühlau|H
01909|Großharthau-Schmiedefeld|H
01909|Großharthau-Seeligstadt|H
02692|Großpostwitz|H
02627|Hochkirch|H
02699|Königswartha|H
02697|Königswartha|P
02627|Kubschütz|H
02733|Czorneboh|H
02694|Malschwitz|H
02699|Neschwitz|H
01904|Neukirch|H
01902|Neukirch|P
02692|Obergurig|H
02699|Puschwitz|H
02627|Radibor|H
01877|Rammenau|H
01877|Schmölln-Putzkau|H
02689|Sohland|H
02686|Sohland|P
01904|Steinigtwolmsdorf|H
02627|Weißenberg|H
02681|Wilthen|H
02679|Wilthen|P
01640|Coswig|H
01631|Coswig|P
01632|Coswig|P
01633|Coswig|P
01665|Diera-Zehren|H
01665|Käbschütztal|H
01665|Klipphausen|H
01623|Lommatzsch|H
01621|Lommatzsch|P
01662|Meißen|H
01651|Meißen|P
01652|Meißen|P
01653|Meißen|P
01654|Meißen|P
01657|Meißen|P
01468|Moritzburg|H
01689|Niederau|H
01683|Nossen|H
01681|Nossen|P
01445|Radebeul|H
01435|Radebeul|P
01436|Radebeul|P
01439|Radebeul|P
01471|Radeburg|H
01689|Weinböhla|H
01686|Weinböhla|P
02953|Bad Muskau|H
02943|Boxberg|H
02953|Gablenz|H
02953|Gablenz-Kromlau|H
02959|Groß Düben|H
02953|Halbendorf|H
02923|Hähnichen|H
02906|Hohendubrau|H
02923|Horka|H
02923|Kodersdorf|H
02829|Königshain|H
02957|Krauschwitz|H
02906|Kreba-Neudorf|H
02829|Markersdorf|H
02906|Mücka|H
02829|Neißeaue|H
02906|Niesky|H
02901|Niesky|P
02902|Niesky|P
02903|Niesky|P
02906|Quitzdorf am See|H
02894|Reichenbach|H
02892|Reichenbach|P
02956|Rietschen|H
02929|Rothenburg|H
02927|Rothenburg|P
02959|Schleife|H
02959|Schleife-Mulkwitz|H
02959|Schleife-Rohne|H
02829|Schöpstal|H
02894|Sohland|H
02959|Trebendorf|H
02894|Vierkirchen|H
02906|Waldhufen|H
02957|Weißkeißel|H
02943|Weißwasser|H
02931|Weißwasser|P
02932|Weißwasser|P
02933|Weißwasser|P
01561|Ebersbach|H
01612|Glaubitz|H
01609|Gröditz|H
01558|Großenhain|H
01561|Fasanerie|H
01552|Großenhain|P
01553|Großenhain|P
01561|Lampertswalde|H
01594|Hirschstein|H
01609|Nauwalde|H
01612|Nünchritz|H
01612|Diesbar-Seußlitz|H
01561|Priestewitz|H
01587|Riesa|H
01589|Riesa|N
01591|Riesa|N
01571|Riesa|P
01572|Riesa|P
01577|Riesa|P
01579|Riesa|P
01578|Riesa|P
01609|Röderaue|H
01561|Kraußnitz|H
01561|Schönfeld|H
01561|Liega|H
01561|Böhla|H
01594|Stauchitz|H
01616|Strehla|H
01614|Strehla|P
01561|Thiendorf|H
01609|Wülknitz|H
01609|Lichtensee|H
01609|Peritz|H
01609|Streumen|H
01609|Tiefenau|H
01609|Heidehäuser|H
01619|Zeithain|H
01620|Zeithain|G
01618|Zeithain|G
02736|Beiersdorf|H
02748|Bernstadt|H
02747|Berthelsdorf|H
02747|Rennersdorf|H
02763|Bertsdorf-Hörnitz|H
02708|Dürrhennersdorf|H
02739|Eibau|H
02739|Eibau-Neueibau|H
02739|Eibau-Walddorf|H
02742|Friedersdorf|H
02747|Großhennersdorf|H
02779|Großschönau|H
02799|Waltersdorf|H
02708|Großschweidnitz|H
02779|Hainewalde|H
02747|Herrnhut|H
02745|Herrnhut|P
02796|Kurort Jonsdorf|H
02708|Lawalde|H
02708|Lawalde-Kleindehsa|H
02708|Lawalde-Lauba|H
02794|Leutersdorf|H
02708|Löbau|H
02701|Löbau|P
02702|Löbau|P
02703|Löbau|P
02704|Löbau|P
02763|Mittelherwigsdorf|H
02763|Eckartsberg|H
02763|Oberseifersdorf|H
02763|Radgendorf|H
02742|Neusalza-Spremberg|H
02708|Niedercunnersdorf|H
02708|Obercunnersdorf|H
02791|Oderwitz|H
02785|Olbersdorf|H
02736|Oppach|H
02899|Ostritz|H
02797|Kurort Oybin|H
02797|Luftkurort Lückendorf|H
02708|Rosenbach|H
02899|Schönau-Berzdorf|H
02708|Schönbach|H
02782|Seifhennersdorf|H
02747|Strahwalde|H
02763|Zittau|H
02751|Zittau|P
02752|Zittau|P
02753|Zittau|P
02754|Zittau|P
02755|Zittau|P
02788|Hirschfelde|H
02788|Dittelsdorf|H
02788|Schlegel|H
01814|Bad Schandau|H
01819|Bahretal|H
01796|Dohma|H
01809|Dohna|H
01833|Dürrröhrsdorf-Dittersb|H
01824|Gohrisch|H
01809|Heidenau|H
01801|Heidenau|P
01848|Hohnstein|H
01855|Altendorf|H
01855|Lichtenhain|H
01855|Mittelndorf|H
01855|Ottendorf|H
01855|Saupsdorf|H
01855|Zeughaus|H
01824|Königstein|H
01825|Liebstadt|H
01847|Lohmen|H
01809|Müglitztal|H
01844|Neustadt|H
01796|Pirna|H
01793|Pirna|G
01781|Pirna|P
01782|Pirna|P
01783|Pirna|P
01788|Pirna|P
01824|Kurort Rathen|H
01814|Rathmannsdorf|H
01814|Kleingießhübel|H
01814|Reinhardtsdorf|H
01814|Schöna|H
01824|Rosenthal-Bielatal|H
01855|Sebnitz|H
01851|Sebnitz|P
01855|Hinterhermsdorf|H
01829|Stadt Wehlen|H
01833|Stolpen|H
01796|Struppen|H
01773|Altenberg|H
01728|Bannewitz|H
01744|Dippoldiswalde|H
01741|Dippoldiswalde|P
01738|Dorfhain|H
01705|Freital|H
01691|Freital|P
01778|Geising|H
01778|Fürstenau|H
01778|Fürstenwalde|H
01778|Liebenau|H
01778|Lauenstein|H
01778|Müglitz|H
01768|Glashütte|H
01766|Glashütte|P
01762|Hartmannsdorf-Reichenau|H
01776|Hermsdorf|H
01731|Kreischa|H
01730|Kreischa|G
01734|Rabenau|H
01737|Tharandt|H
01737|Kurort Hartha|H
01737|Pohrsdorf|H
01723|Wilsdruff|H
01723|Helbigsdorf-Blankenstein|H
01723|Grumbach|H
01723|Mohorn|H
01723|Kesselsdorf|H
01737|Braunsdorf|H
01737|Kleinopitz|H
01737|Oberhermsdorf|H
01477|Arnsdorf|H
02994|Bernsdorf|H
01920|Crostwitz|H
02979|Elsterheide|H
01920|Elstra|H
01936|Großnaundorf|H
01900|Großröhrsdorf|H
01920|Haselbachtal|H
01917|Kamenz|H
01911|Kamenz|P
01912|Kamenz|P
01936|Königsbrück|H
01936|Laußnitz|H
02991|Lauta|H
02991|Laubusch|H
02991|Leippe-Torno|H
01896|Lichtenberg|H
02999|Lohsa|H
01920|Nebelschütz|H
01936|Neukirch|H
01896|Ohorn|H
01920|Oßling|H
01458|Ottendorf-Okrilla|H
01920|Panschwitz-Kuckau|H
01896|Pulsnitz|H
01920|Räckelwitz|H
01454|Radeberg|H
01446|Radeberg|P
01920|Ralbitz-Rosenthal|H
01936|Schwepnitz|H
02979|Spreetal|H
01920|Steina|H
01454|Wachau|H
02997|Wittichenau|H
04103|Leipzig|H
04105|Leipzig|N
04107|Leipzig|N
04109|Leipzig|N
04129|Leipzig|N
04155|Leipzig|N
04157|Leipzig|N
04159|Leipzig|N
04177|Leipzig|N
04179|Leipzig|N
04205|Leipzig|N
04207|Leipzig|N
04209|Leipzig|N
04229|Leipzig|N
04249|Leipzig|N
04275|Leipzig|N
04277|Leipzig|N
04279|Leipzig|N
04289|Leipzig|N
04299|Leipzig|N
04315|Leipzig|N
04317|Leipzig|N
04318|Leipzig|N
04328|Leipzig|N
04329|Leipzig|N
04347|Leipzig|N
04349|Leipzig|N
04356|Leipzig|N
04357|Leipzig|N
04080|Leipzig|G
04081|Leipzig|G
04083|Leipzig|G
04084|Leipzig|G
04086|Leipzig|G
04087|Leipzig|G
04088|Leipzig|G
04091|Leipzig|G
04092|Leipzig|G
04093|Leipzig|G
04095|Leipzig|G
04099|Leipzig|G
04151|Leipzig|G
04001|Leipzig|P
04002|Leipzig|P
04003|Leipzig|P
04004|Leipzig|P
04005|Leipzig|P
04006|Leipzig|P
04007|Leipzig|P
04008|Leipzig|P
04009|Leipzig|P
04010|Leipzig|P
04011|Leipzig|P
04111|Leipzig|P
04112|Leipzig|P
04131|Leipzig|P
04132|Leipzig|P
04133|Leipzig|P
04134|Leipzig|P
04139|Leipzig|P
04161|Leipzig|P
04162|Leipzig|P
04165|Leipzig|P
04167|Leipzig|P
04181|Leipzig|P
04182|Leipzig|P
04183|Leipzig|P
04211|Leipzig|P
04233|Leipzig|P
04251|Leipzig|P
04252|Leipzig|P
04253|Leipzig|P
04254|Leipzig|P
04259|Leipzig|P
04281|Leipzig|P
04301|Leipzig|P
04302|Leipzig|P
04303|Leipzig|P
04307|Leipzig|P
04321|Leipzig|P
04331|Leipzig|P
04332|Leipzig|P
04351|Leipzig|P
04257|Leipzig|P
04012|Leipzig|P
04013|Leipzig|P
04014|Leipzig|P
04015|Leipzig|P
04184|Leipzig|P
04333|Leipzig|P
04135|Leipzig|P
04358|Leipzig|P
04370|Leipzig|G
04174|Leipzig|G
04082|Leipzig|G
04365|Leipzig|G
04158|Leipzig|N
04163|Leipzig|P
04304|Leipzig|P
04305|Leipzig|P
04016|Leipzig|P
04178|Leipzig|N
04288|Leipzig|N
04316|Leipzig|N
04319|Leipzig|N
04175|Leipzig|P
04323|Leipzig|P
04100|Leipzig|G
04360|Leipzig|G
04097|Leipzig|G
04350|Leipzig|G
04050|Leipzig|P
04051|Leipzig|P
04052|Leipzig|P
04053|Leipzig|P
04054|Leipzig|P
04058|Leipzig|G
04029|Leipzig|P
04079|Leipzig|G
04098|Leipzig|G
04089|Leipzig|G
04059|Leipzig|G
04227|Leipzig|G
04849|Bad Düben|H
04847|Bad Düben|P
04509|Delitzsch|H
04501|Delitzsch|P
04502|Delitzsch|P
04838|Doberschütz|H
04838|Eilenburg|H
04831|Eilenburg|P
04832|Eilenburg|P
04833|Eilenburg|P
04838|Jesewitz|H
04849|Kossa|H
04849|Authausen|H
04849|Pressel|H
04509|Krostitz|H
04838|Laußig|H
04509|Löbnitz|H
04519|Rackwitz|H
04435|Schkeuditz|H
04431|Schkeuditz|P
04435|Flughafen Leipzig/Halle|H
04509|Schönwölkau|H
04425|Taucha|H
04421|Taucha|P
04509|Wiedemar|H
04838|Zschepplin|H
04720|Döbeln|H
04711|Döbeln|P
04712|Döbeln|P
04713|Döbeln|P
04718|Döbeln|P
04720|Großweitzschen|H
04746|Hartha|H
04703|Leisnig|H
04701|Leisnig|P
04741|Roßwein|H
04736|Waldheim|H
04564|Böhlen|H
04561|Böhlen|P
04552|Borna|H
04541|Borna|P
04523|Elstertrebnitz|H
04654|Frohburg|H
04643|Geithain|H
04641|Geithain|P
04539|Groitzsch|H
04537|Groitzsch|P
04463|Großpösna|H
04567|Kitzscher|H
04416|Markkleeberg|H
04409|Markkleeberg|P
04410|Markkleeberg|P
04420|Markranstädt|H
04417|Markranstädt|P
04575|Neukieritzsch|H
04523|Pegau|H
04521|Pegau|P
04565|Regis-Breitingen|H
04571|Rötha|H
04442|Zwenkau|H
04651|Bad Lausick|H
04683|Belgershain|H
04828|Bennewitz|H
04451|Borsdorf|H
04821|Brandis|H
04821|Polenz|H
04819|Brandis|P
04824|Beucha|H
04680|Colditz|H
04678|Colditz|P
04668|Grimma|H
04661|Grimma|P
04662|Grimma|P
04663|Grimma|P
04827|Machern|H
04825|Machern|P
04683|Naunhof|H
04681|Naunhof|P
04683|Fuchshain|H
04668|Otterwisch|H
04668|Parthenstein|H
04808|Thallwitz|H
04687|Trebsen|H
04808|Wurzen|H
04801|Wurzen|P
04802|Wurzen|P
04886|Arzberg|H
04886|Beilrode|H
04874|Belgern|H
04872|Belgern|P
04758|Cavertitz|H
04774|Dahlen|H
04880|Dommitzsch|H
04878|Dommitzsch|P
04880|Wörblitz|H
04860|Großwig|H
04860|Süptitz|H
04860|Weidenhain|H
04880|Elsnig|H
04758|Liebschützberg|H
04862|Mockrehna|H
04769|Mügeln|H
04769|Naundorf|H
04758|Oschatz|H
04751|Oschatz|P
04752|Oschatz|P
04754|Oschatz|P
04889|Schildau|H
04860|Torgau|H
04851|Torgau|P
04852|Torgau|P
04853|Torgau|P
04855|Torgau|G
04880|Trossin|H
04779|Wermsdorf|H
09092|Chemnitz|G
09091|Chemnitz|G
09222|Chemnitz|P
09224|Chemnitz|H
09228|Chemnitz|H
09247|Chemnitz|H
09090|Chemnitz|G
09101|Chemnitz|G
09454|Annaberg-Buchholz|G
09450|Annaberg-Buchholz|G
08272|Aue-Bad Schlema|P
08273|Aue-Bad Schlema|P
08271|Aue-Bad Schlema|P
08274|Aue-Bad Schlema|P
08277|Aue-Bad Schlema|P
08280|Aue-Bad Schlema|H
08275|Aue-Bad Schlema|P
08276|Aue-Bad Schlema|P
08313|Lauter-Bernsbach|P
08315|Lauter-Bernsbach|H
09515|Marienberg|P
08350|Raschau-Markersbach|P
08352|Raschau-Markersbach|H
09627|Bobritzsch-Hilbersdorf|H
09595|Freiberg|G
09660|Hainichen|G
04749|Jahnatal|H
08102|Neumark|G
08604|Oelsnitz|G
08520|Plauen|G
08262|Muldenhammer|H
08081|Reinsdorf|G
08037|Zwickau|G
01053|Dresden|G
01070|Dresden|G
01052|Dresden|G
01332|Dresden|G
01066|Dresden|G
01046|Dresden|G
01303|Dresden|G
01061|Dresden|G
02681|Schirgiswalde-Kirschau|H
02684|Schirgiswalde-Kirschau|P
02730|Ebersbach-Neugersdorf|H
02724|Ebersbach-Neugersdorf|P
02725|Ebersbach-Neugersdorf|P
02727|Ebersbach-Neugersdorf|H
01561|Großenhain|H
01585|Riesa|G
01594|Riesa|H
01816|Bad Gottleuba-Berggießh.|H
01774|Klingenberg|H
04060|Leipzig|G
04311|Leipzig|G
04024|Leipzig|G
04094|Leipzig|G
04150|Leipzig|G
04314|Leipzig|G
04101|Leipzig|G
04057|Leipzig|G
04061|Leipzig|G
04062|Leipzig|G
04055|Leipzig|P
04063|Leipzig|G
04064|Leipzig|G
04310|Leipzig|G
04312|Leipzig|G
04056|Leipzig|G
04076|Leipzig|G
04022|Leipzig|G
04160|Leipzig|G
04078|Leipzig|G
04023|Leipzig|G
04077|Leipzig|G
04550|Borna|G
04808|Lossatal|H
04577|Rötha|P
04756|Oschatz|G
04861|Torgau|H
06842|Dessau-Roßlau|H
06844|Dessau-Roßlau|N
06846|Dessau-Roßlau|N
06847|Dessau-Roßlau|N
06849|Dessau-Roßlau|N
06839|Dessau-Roßlau|G
06840|Dessau-Roßlau|G
06811|Dessau-Roßlau|P
06812|Dessau-Roßlau|P
06813|Dessau-Roßlau|P
06814|Dessau-Roßlau|P
06815|Dessau-Roßlau|P
06816|Dessau-Roßlau|P
06818|Dessau-Roßlau|P
06821|Dessau-Roßlau|P
06822|Dessau-Roßlau|P
06854|Dessau-Roßlau|P
06855|Dessau-Roßlau|P
06861|Dessau-Roßlau|N
06862|Dessau-Roßlau|N
06838|Dessau-Roßlau|G
06837|Dessau-Roßlau|G
06108|Halle|H
06110|Halle|N
06112|Halle|N
06114|Halle|N
06116|Halle|N
06118|Halle|N
06120|Halle|N
06122|Halle|N
06124|Halle|N
06126|Halle|N
06128|Halle|N
06130|Halle|N
06132|Halle|N
06075|Halle|G
06076|Halle|G
06077|Halle|G
06090|Halle|G
06092|Halle|G
06093|Halle|G
06094|Halle|G
06095|Halle|G
06096|Halle|G
06097|Halle|G
06098|Halle|G
06099|Halle|G
06100|Halle|G
06104|Halle|G
06106|Halle|G
06002|Halle|P
06003|Halle|P
06004|Halle|P
06005|Halle|P
06006|Halle|P
06007|Halle|P
06008|Halle|P
06009|Halle|P
06010|Halle|P
06011|Halle|P
06012|Halle|P
06013|Halle|P
06015|Halle|P
06016|Halle|P
06017|Halle|P
06018|Halle|P
06019|Halle|P
06021|Halle|P
06033|Halle|P
06035|Halle|P
06036|Halle|P
06038|Halle|P
06039|Halle|P
06040|Halle|P
06041|Halle|P
06042|Halle|P
06044|Halle|P
06045|Halle|P
06046|Halle|P
06047|Halle|P
06048|Halle|P
06052|Halle|P
06053|Halle|P
06054|Halle|P
06055|Halle|P
06056|Halle|P
06057|Halle|P
06058|Halle|P
06037|Halle|P
06140|Halle|P
06141|Halle|P
06020|Halle|P
06025|Halle|P
06026|Halle|P
06027|Halle|P
06091|Halle|G
06200|Halle|G
06103|Halle|G
06146|Halle|G
06145|Halle|G
06105|Halle|G
06147|Halle|G
06089|Halle|G
06143|Halle|G
06073|Halle|G
06070|Halle|G
06071|Halle|G
39104|Magdeburg|H
39106|Magdeburg|N
39108|Magdeburg|N
39110|Magdeburg|N
39112|Magdeburg|N
39114|Magdeburg|N
39116|Magdeburg|N
39118|Magdeburg|N
39120|Magdeburg|N
39122|Magdeburg|N
39124|Magdeburg|N
39126|Magdeburg|N
39128|Magdeburg|N
39130|Magdeburg|N
39083|Magdeburg|G
39084|Magdeburg|G
39085|Magdeburg|G
39087|Magdeburg|G
39088|Magdeburg|G
39090|Magdeburg|G
39091|Magdeburg|G
39093|Magdeburg|G
39094|Magdeburg|G
39097|Magdeburg|G
39098|Magdeburg|G
39099|Magdeburg|G
39100|Magdeburg|G
39001|Magdeburg|P
39002|Magdeburg|P
39003|Magdeburg|P
39004|Magdeburg|P
39005|Magdeburg|P
39006|Magdeburg|P
39007|Magdeburg|P
39008|Magdeburg|P
39009|Magdeburg|P
39010|Magdeburg|P
39011|Magdeburg|P
39012|Magdeburg|P
39013|Magdeburg|P
39014|Magdeburg|P
39015|Magdeburg|P
39016|Magdeburg|P
39028|Magdeburg|P
39029|Magdeburg|P
39034|Magdeburg|P
39036|Magdeburg|P
39040|Magdeburg|P
39041|Magdeburg|P
39043|Magdeburg|P
39045|Magdeburg|P
39047|Magdeburg|P
39135|Magdeburg|P
39136|Magdeburg|P
39149|Magdeburg|G
39030|Magdeburg|P
39048|Magdeburg|P
39200|Magdeburg|G
39147|Magdeburg|G
39082|Magdeburg|G
39400|Magdeburg|G
39081|Magdeburg|G
39148|Magdeburg|G
39069|Magdeburg|G
39092|Magdeburg|G
39133|Magdeburg|P
39132|Magdeburg|G
39158|Magdeburg|G
39151|Magdeburg|G
39157|Magdeburg|G
39101|Magdeburg|G
38486|Apenburg-Winterfeld|H
39619|Arendsee|H
39616|Arendsee|P
38489|Beetzendorf|H
29413|Dähre|H
29413|Diesdorf|H
39638|Gardelegen|H
39631|Gardelegen|P
39632|Gardelegen|P
39633|Gardelegen|P
39649|Gardelegen|H
38489|Jübar|H
39624|Kalbe|H
39621|Kalbe|P
38486|Klötze|H
38481|Klötze|P
29416|Kuhfelde|H
38489|Rohrberg|H
29410|Salzwedel|H
29401|Salzwedel|P
29402|Salzwedel|P
29403|Salzwedel|P
29413|Wallstawe|H
06385|Aken|H
06386|Kleinzerbst|H
06731|Bitterfeld-Wolfen|P
06732|Bitterfeld-Wolfen|P
06733|Bitterfeld-Wolfen|P
06734|Bitterfeld-Wolfen|P
06735|Bitterfeld-Wolfen|P
06736|Bitterfeld-Wolfen|P
06749|Bitterfeld-Wolfen|H
06754|Bitterfeld-Wolfen|P
06755|Bitterfeld-Wolfen|P
06756|Bitterfeld-Wolfen|P
06757|Bitterfeld-Wolfen|P
06758|Bitterfeld-Wolfen|P
06759|Bitterfeld-Wolfen|P
06766|Bitterfeld-Wolfen|H
06803|Bitterfeld-Wolfen|H
06808|Bitterfeld-Wolfen|H
39264|Bornum|H
06796|Brehna|H
39264|Buhlendorf|H
39264|Deetz|H
39264|Dobritz|H
06388|Edderitz|H
06386|Fraßdorf|H
39264|Gehrden|H
06369|Glauzig|H
06794|Glebitzsch|H
39264|Gödnitz|H
06369|Görzig|H
39264|Grimme|H
06388|Gröbzig|H
06369|Großbadegast|H
39264|Güterglück|H
06386|Hinsdorf|H
39264|Hohenlepte|H
39264|Jütrichau|H
06366|Köthen|H
06369|Elsdorf|H
06369|Porst|H
06386|Storkau|H
06351|Köthen|P
06352|Köthen|P
06353|Köthen|P
06354|Köthen|P
06355|Köthen|P
06356|Köthen|P
06360|Köthen|P
06369|Merzien|H
06369|Arensdorf|H
06388|Baasdorf|H
06369|Dohndorf|H
06369|Löbnitz an der Linde|H
06369|Wülknitz|H
06359|Köthen|G
39264|Leps|H
06369|Libehna|H
39264|Lindau|H
06388|Maasdorf|H
06386|Meilendorf|H
39264|Moritz|H
06774|Muldestausee|H
39264|Nedlitz|H
39264|Nutha|H
06386|Osternienburger Land|H
06809|Petersroda|H
06388|Piethen|H
39264|Polenzko|H
06369|Prosigk|H
06386|Quellendorf|H
06386|Friedrichsdorf|H
06369|Radegast|H
06776|Raguhn-Jeßnitz|P
06779|Raguhn-Jeßnitz|H
06800|Raguhn-Jeßnitz|H
39264|Reuden|H
06369|Reupzig|H
06369|Riesdorf|H
06809|Roitzsch|H
06792|Sandersdorf|H
06793|Sandersdorf|P
06386|Scheuder|H
39264|Steutz|H
39264|Straguth|H
06369|Trebbichau|H
39264|Walternienburg|H
06369|Weißandt-Gölzau|H
06388|Wieskau|H
06369|Zehbitz|H
39261|Zerbst|H
39258|Zerbst|G
39264|Pulspforde|H
39264|Bias|H
39264|Luso|H
39264|Zernitz|H
06780|Zörbig|H
06781|Zörbig|P
39343|Ackendorf|H
39343|Altenhausen|H
39393|Am Großen Bruch|H
39326|Angern|H
39393|Ausleben|H
39179|Barleben|H
39176|Barleben|P
39178|Barleben|G
39343|Bartensleben|H
39343|Bebertal|H
39343|Beendorf|H
39356|Behnsdorf|H
39356|Belsdorf|H
39638|Berenbrock|H
39517|Bertingen|H
39359|Böddensell|H
39345|Born|H
39345|Hütten|H
39343|Bornstedt|H
39359|Bösdorf|H
39343|Bregenstedt|H
39345|Bülstringen|H
39517|Burgstall|H
39359|Calvörde|H
39326|Colbitz|H
39517|Cröchern|H
39356|Döhren|H
39517|Dolle|H
39638|Dorst|H
39167|Eichenbarleben|H
39359|Eickendorf|H
39365|Eilsleben|H
39343|Emden|H
39343|Erxleben|H
39356|Eschenrode|H
39359|Etingen|H
39359|Everingen|H
39345|Flechtingen|H
39359|Grauingen|H
39397|Gröningen|H
39343|Groß Santersleben|H
39343|Hakenstedt|H
39340|Haldensleben|H
39343|Hundisburg|H
39345|Gut Detzel|H
39345|Schloss Detzel|H
39345|Satuelle|H
39345|Uthmöden|H
39345|Wedringen|H
39331|Haldensleben|P
39332|Haldensleben|P
39333|Haldensleben|P
39337|Haldensleben|P
39338|Haldensleben|P
39365|Harbke|H
39326|Hermsdorf|H
39343|Hillersleben|H
39356|Hödingen|H
39326|Hohenwarsleben|H
39356|Hörsingen|H
39393|Hötensleben|H
39343|Ingersleben|H
39167|Irxleben|H
39343|Ivenrode|H
39359|Kathendorf|H
39638|Klüden|H
39397|Kroppenstedt|H
39326|Loitsche-Heinrichsberg|H
39517|Mahlwinkel|H
39359|Mannhausen|H
39345|Neuenhofe|H
39326|Dahlenwarsleben|H
39326|Groß Ammensleben|H
39326|Gutenswegen|H
39326|Jersleben|H
39326|Klein Ammensleben|H
39326|Meseberg|H
39326|Samswegen|H
39345|Vahldorf|H
39167|Niederndodeleben|H
39343|Nordgermersleben|H
39167|Ochtmersleben|H
39646|Oebisfelde|H
39642|Oebisfelde|P
39387|Oschersleben|H
39381|Oschersleben|P
39382|Oschersleben|P
39383|Oschersleben|P
39359|Rätzlingen|H
39326|Rogätz|H
39343|Rottmersleben|H
39517|Sandbeiendorf|H
39343|Schackensleben|H
39343|Schwanefeld|H
39356|Seggerde|H
39356|Siestedt|H
39365|Sommersdorf|H
39171|Sülzetal|H
39343|Süplingen|H
39343|Uhrsleben|H
39365|Ummendorf|H
39359|Velsdorf|H
39393|Völpke|H
39356|Walbeck|H
39164|Wanzleben-Börde|H
39365|Wefensleben|H
39356|Weferlingen|H
39359|Wegenstedt|H
39167|Wellen|H
39517|Wenddorf|H
39345|Wieglitz|H
39326|Wolmirstedt|H
39321|Wolmirstedt|P
39322|Wolmirstedt|P
39326|Zielitz|H
39638|Zobbenitz|H
06647|An der Poststraße|H
06721|Meineweh|H
06647|Bad Bibra|H
06632|Balgstädt|H
06722|Droyßig|H
06648|Eckartsberga|H
06729|Elsteraue|H
06647|Finne|H
06647|Finneland|H
06632|Freyburg|H
06630|Freyburg|P
06632|Gleina|H
06667|Goseck|H
06712|Gutenborn|H
06679|Hohenmölsen|H
06676|Hohenmölsen|P
06642|Kaiserpfalz|H
06638|Karsdorf|H
06712|Kretzschau|H
06628|Lanitz-Hassel-Tal|H
06636|Laucha|H
06634|Laucha|P
06686|Lützen|H
06684|Lützen|P
06618|Mertendorf|H
06618|Molauer Land|H
06618|Naumburg|H
06601|Naumburg|P
06602|Naumburg|P
06603|Naumburg|P
06604|Naumburg|P
06605|Naumburg|P
06606|Naumburg|P
06607|Naumburg|P
06608|Naumburg|P
06609|Naumburg|P
06628|Naumburg|H
06642|Nebra|H
06640|Nebra|P
06721|Osterfeld|H
06712|Schnaudertal|H
06618|Schönburg|H
06667|Stößen|H
06682|Teuchern|H
06667|Weißenfels|H
06651|Weißenfels|P
06652|Weißenfels|P
06653|Weißenfels|P
06654|Weißenfels|P
06655|Weißenfels|P
06656|Weißenfels|P
06688|Weißenfels|H
06618|Wethau|H
06722|Wetterzeube|H
06712|Zeitz|H
06691|Zeitz|P
06692|Zeitz|P
06693|Zeitz|P
06694|Zeitz|P
06711|Zeitz|H
38871|Abbenrode|H
38822|Aspenstedt|H
38822|Athenstedt|H
38836|Dardesheim|H
38835|Deersheim|H
38835|Hessen|H
38835|Osterode|H
38836|Rohrsheim|H
38835|Veltheim|H
38835|Zilly|H
06493|Ballenstedt|H
06489|Ballenstedt|P
38877|Benneckenstein|H
38876|Benneckenstein|P
38835|Berßel|H
38889|Blankenburg|H
38881|Blankenburg|P
38882|Blankenburg|P
38883|Blankenburg|P
38835|Bühne|H
38889|Cattenstedt|H
38855|Danstedt|H
38895|Derenburg|H
06484|Ditfurt|H
38875|Elbingerode|H
38875|Königshütte|H
38889|Rübeland|H
38875|Elend|H
06333|Endorf|H
06463|Ermsleben|H
06463|Meisdorf|H
06333|Neuplatendorf|H
06543|Pansfelde|H
06463|Reinstedt|H
06543|Wieserode|H
38822|Groß Quenstedt|H
38820|Halberstadt|H
38822|Neu Runstedt|H
38822|Veltensmühle|H
38801|Halberstadt|P
38802|Halberstadt|P
38803|Halberstadt|P
38804|Halberstadt|P
38805|Halberstadt|P
38806|Halberstadt|P
38807|Halberstadt|P
38808|Halberstadt|P
38822|Emersleben|H
38822|Klein Quenstedt|H
38809|Halberstadt|P
38817|Halberstadt|G
38829|Harsleben|H
06493|Harzgerode|H
06494|Harzgerode|P
38899|Hasselfelde|H
38899|Trautenstein|H
06458|Hedersleben|H
38889|Heimburg|H
38855|Heudeber|H
38889|Hüttenrode|H
38838|Aderstedt|H
38836|Anderbeck|H
38836|Badersleben|H
38836|Dedeleben|H
38838|Dingelstedt|H
38838|Eilenstedt|H
38838|Eilsdorf|H
38836|Huy-Neinstedt|H
38836|Pabstorf|H
38838|Schlanstedt|H
38836|Vogelsdorf|H
38871|Ilsenburg|H
38871|Langeln|H
38895|Langenstein|H
38822|Mahndorf|H
38835|Lüttgenrode|H
39397|Nienhagen|H
38835|Osterwieck|H
38831|Osterwieck|P
38832|Osterwieck|G
06484|Quedlinburg|H
06471|Quedlinburg|P
06472|Quedlinburg|P
06473|Quedlinburg|P
06474|Quedlinburg|P
06475|Quedlinburg|P
06485|Quedlinburg|H
38855|Reddeber|H
38835|Rhoden|H
38822|Sargstedt|H
38835|Schauen|H
38879|Schierke|H
38875|Drei Annen Hohne|H
38855|Schmatzfeld|H
39397|Schwanebeck|H
06458|Selke-Aue|H
38875|Sorge|H
38871|Stapelburg|H
38899|Stiege|H
38822|Schachdorf Ströbeck|H
38875|Tanne|H
06502|Thale|H
06495|Thale|P
06496|Thale|P
06502|Timmenrode|H
38871|Veckenstedt|H
38871|Wasserleben|H
38828|Wegeleben|H
38828|Rodersdorf|H
38855|Wernigerode|H
38841|Wernigerode|P
38842|Wernigerode|P
38843|Wernigerode|P
38845|Wernigerode|G
38889|Wienrode|H
38835|Wülperode|H
39175|Biederitz|H
39307|Brettin|H
39288|Burg|H
39281|Burg|P
39282|Burg|P
39283|Burg|P
39284|Burg|P
39307|Demsin|H
39291|Dörnitz|H
39291|Drewitz|H
39307|Bergzow|H
39317|Derben|H
39317|Ferchland|H
39317|Güsen|H
39307|Hohenseeden|H
39317|Parey|H
39317|Zerben|H
39307|Genthin|H
39301|Genthin|P
39302|Genthin|P
39307|Parchen|H
39307|Mützel|H
39175|Gerwisch|H
39307|Gladau|H
39245|Gommern|H
39241|Gommern|P
39264|Dornburg|H
39279|Ladeburg|H
39279|Leitzkau|H
39245|Dannigkow|H
39291|Karith|H
39175|Menz|H
39291|Nedlitz|H
39291|Vehlitz|H
39175|Wahlitz|H
39291|Grabow|H
39175|Gübs|H
39279|Hobeck|H
39291|Hohenwarthe|H
39319|Jerichow|H
39307|Kade|H
39307|Karow|H
39307|Klitsche|H
39175|Königsborn|H
39175|Körbelitz|H
39291|Krüssau|H
39291|Küsel|H
39279|Loburg|H
39291|Lostau|H
39264|Lübs|H
39291|Magdeburgerforth|H
39279|Zeppernick|H
39291|Möckern|H
39291|Friedensau|H
39291|Stegelitz|H
39291|Wörmlitz|H
39291|Lübars|H
39291|Büden|H
39291|Ziepel|H
39291|Hohenziatz|H
39291|Möser|H
39319|Nielebock|H
39307|Paplitz|H
39291|Pietzpuhl|H
39264|Prödel|H
39319|Redekin|H
39291|Reesdorf|H
39291|Rietzel|H
39279|Rosian|H
39307|Roßdorf|H
39291|Schermen|H
39307|Schlagenthin|H
39291|Schopsdorf|H
39279|Schweinitz|H
39291|Stresow|H
39291|Theeßen|H
39291|Tryppehna|H
39307|Tucheim|H
39291|Ringelsdorf|H
39291|Wallwitz|H
39175|Woltersdorf|H
39319|Wulkow|H
39291|Wüstenjerichow|H
39307|Zabakuck|H
39291|Zeddenick|H
06313|Ahlsdorf|H
06542|Allstedt|H
06456|Arnstein|H
06308|Benndorf|H
06536|Berga|H
06528|Blankenheim|H
06295|Bornstedt|H
06528|Brücken-Hackpfüffel|H
06528|Edersleben|H
06295|Lutherstadt Eisleben|H
06281|Lutherstadt Eisleben|P
06282|Lutherstadt Eisleben|P
06283|Lutherstadt Eisleben|P
06284|Lutherstadt Eisleben|P
06291|Lutherstadt Eisleben|G
06347|Gerbstedt|H
06311|Helbra|H
06313|Hergisdorf|H
06333|Hettstedt|H
06321|Hettstedt|P
06322|Hettstedt|P
06323|Hettstedt|P
06537|Kelbra|H
06538|Kelbra|P
06308|Klostermansfeld|H
06305|Klostermansfeld|P
06343|Mansfeld|H
06528|Martinsrieth|H
06528|Riethnordhausen|H
06526|Sangerhausen|H
06511|Sangerhausen|P
06512|Sangerhausen|P
06513|Sangerhausen|P
06514|Sangerhausen|P
06517|Sangerhausen|P
06317|Seegebiet Mansfeld Land|H
06533|Südharz|P
06536|Südharz|H
06545|Südharz|P
06528|Wallhausen|H
06313|Wimmelburg|H
06231|Bad Dürrenberg|H
06227|Bad Dürrenberg|P
06246|Bad Lauchstädt|H
06268|Barnstädt|H
06242|Braunsbedra|H
06259|Frankleben|H
06242|Großkayna|H
06242|Roßbach|H
06242|Krumpa|H
06279|Farnstädt|H
06184|Kabelsketal|H
06188|Landsberg|H
06186|Landsberg|P
06237|Leuna|H
06233|Leuna|P
06252|Leuna|G
06193|Wettin-Löbejün|H
06196|Wettin-Löbejün|P
06217|Merseburg|H
06201|Merseburg|P
06202|Merseburg|P
06203|Merseburg|P
06204|Merseburg|P
06205|Merseburg|P
06206|Merseburg|P
06207|Merseburg|P
06249|Mücheln|H
06632|Branderoda|H
06632|Gröst|H
06268|Langeneichstädt|H
06255|Wünsch|H
06268|Nemsdorf-Göhrendorf|H
06268|Obhausen|H
06268|Oechlitz|H
06193|Petersberg|H
06268|Querfurt|H
06261|Querfurt|P
06262|Querfurt|P
06268|Gatterstädt|H
06268|Grockstädt|H
06268|Leimbach|H
06268|Schmon|H
06268|Vitzenburg|H
06642|Zuckerfabrik Vitzenburg|H
06268|Weißenschirmbach|H
06268|Ziegelroda|H
06198|Salzatal|H
06258|Schkopau|H
06279|Schraplau|H
06268|Steigra|H
06179|Teutschenthal|H
06177|Teutschenthal|P
06425|Alsleben|H
06449|Aschersleben|H
39249|Barby|H
06406|Bernburg|H
06391|Bernburg|P
06392|Bernburg|P
06393|Bernburg|P
06394|Bernburg|P
06395|Bernburg|P
06396|Bernburg|P
06397|Bernburg|P
06398|Bernburg|P
06400|Bernburg|G
39221|Biere|H
39448|Börde-Hakel|H
39435|Borne|H
39240|Breitenhagen|H
39240|Calbe|H
39435|Egeln|H
39429|Egeln|P
39430|Egeln|P
39221|Eggersdorf|H
39221|Eickendorf|H
06449|Friedrichsaue|H
06464|Frose|H
06466|Gatersleben|H
06449|Giersleben|H
39249|Glinde|H
39249|Gnadau|H
39240|Groß Rosenburg|H
39221|Großmühlingen|H
39439|Güsten|H
39444|Hecklingen|H
06467|Hoym|H
06408|Ilberstedt|H
39221|Kleinmühlingen|H
06420|Könnern|H
06416|Könnern|P
39240|Lödderitz|H
06469|Nachterstedt|H
06429|Nienburg|H
06426|Nienburg|P
06425|Plötzkau|H
39249|Pömmelte|H
39240|Sachsendorf|H
06449|Schadeleben|H
39218|Schönebeck|H
39201|Schönebeck|P
39202|Schönebeck|P
39203|Schönebeck|P
39204|Schönebeck|P
39212|Schönebeck|P
39205|Schönebeck|P
39217|Schönebeck|H
39418|Staßfurt|H
39401|Staßfurt|P
39402|Staßfurt|P
39404|Staßfurt|P
39410|Staßfurt|P
39443|Staßfurt|H
39446|Staßfurt|H
39435|Tarthun|H
39249|Tornitz|H
39435|Unseburg|H
39221|Welsleben|H
39249|Wespen|H
39435|Wolmirsleben|H
39221|Zens|H
39240|Zuchau|H
39606|Altmärkische Höhe|H
39615|Altmärkische Wische|H
39596|Arneburg|H
39615|Aulosen|H
39629|Bismark|H
39626|Bismark|P
39628|Bismark|H
39596|Eichstedt|H
39596|Goldbeck|H
39596|Hassel|H
39539|Havelberg|H
39532|Havelberg|P
39533|Havelberg|P
39596|Hohenberg-Krusemark|H
39606|Iden|H
39524|Kamern|H
39524|Klietz|H
39615|Krüden|H
39606|Osterburg|H
39601|Osterburg|P
39602|Osterburg|P
39615|Pollitz|H
39579|Rochau|H
39524|Sandau|H
14715|Schollene|H
39524|Schönhausen|H
39615|Seehausen|H
39611|Seehausen|P
39576|Stendal|H
39551|Stendal|P
39552|Stendal|P
39553|Stendal|P
39554|Stendal|P
39555|Stendal|P
39568|Stendal|P
39517|Tangerhütte|H
39590|Tangermünde|H
39585|Tangermünde|P
39615|Wahrenberg|H
39615|Wanzer|H
39615|Werben|H
39539|Neuwerben|H
39524|Wust-Fischbeck|H
39615|Zehrental|H
06925|Annaburg|H
06923|Annaburg|P
06905|Bad Schmiedeberg|H
06902|Bad Schmiedeberg|P
06869|Coswig|H
06863|Coswig|P
06868|Coswig|H
06773|Gräfenhainichen|H
06767|Gräfenhainichen|P
06772|Gräfenhainichen|H
06917|Jessen|H
06914|Jessen|P
06901|Kemberg|H
06898|Kemberg|P
06785|Oranienbaum-Wörlitz|H
06886|Lutherstadt Wittenberg|H
06871|Lutherstadt Wittenberg|P
06872|Lutherstadt Wittenberg|P
06873|Lutherstadt Wittenberg|P
06874|Lutherstadt Wittenberg|P
06877|Lutherstadt Wittenberg|P
06888|Lutherstadt Wittenberg|H
06889|Lutherstadt Wittenberg|H
06892|Zahna-Elster|P
06895|Zahna-Elster|H
99084|Erfurt|H
99085|Erfurt|N
99086|Erfurt|N
99087|Erfurt|N
99089|Erfurt|N
99091|Erfurt|N
99092|Erfurt|N
99094|Erfurt|N
99096|Erfurt|N
99097|Erfurt|N
99099|Erfurt|N
99079|Erfurt|G
99080|Erfurt|G
99081|Erfurt|G
99048|Erfurt|P
99049|Erfurt|P
99050|Erfurt|P
99104|Erfurt|P
99105|Erfurt|P
99106|Erfurt|P
99107|Erfurt|P
99068|Erfurt|G
99098|Erfurt|N
99078|Erfurt|G
99027|Erfurt|P
99028|Erfurt|P
99029|Erfurt|P
99030|Erfurt|P
99031|Erfurt|P
99032|Erfurt|P
99033|Erfurt|P
99034|Erfurt|P
99051|Erfurt|P
99052|Erfurt|P
99075|Erfurt|G
99073|Erfurt|G
99076|Erfurt|G
99074|Erfurt|G
99111|Erfurt|G
99112|Erfurt|G
99113|Erfurt|G
99114|Erfurt|G
99115|Erfurt|G
99116|Erfurt|G
99200|Erfurt|G
99077|Erfurt|G
99090|Erfurt|H
99095|Erfurt|H
99060|Erfurt|G
99117|Erfurt|G
99070|Erfurt|G
99071|Erfurt|G
99069|Erfurt|G
99072|Erfurt|G
07545|Gera|H
07546|Gera|N
07548|Gera|N
07549|Gera|N
07551|Gera|N
07552|Gera|N
07554|Gera|N
07557|Gera|N
07543|Gera|G
07501|Gera|P
07502|Gera|P
07503|Gera|P
07504|Gera|P
07505|Gera|P
07506|Gera|P
07507|Gera|P
07508|Gera|P
07509|Gera|P
07510|Gera|P
07511|Gera|P
07512|Gera|P
07497|Gera|G
07490|Gera|P
07491|Gera|P
07492|Gera|P
07499|Gera|G
07500|Gera|G
07584|Gera|G
07541|Gera|G
07498|Gera|G
07743|Jena|H
07745|Jena|N
07747|Jena|N
07749|Jena|N
07739|Jena|G
07740|Jena|G
07701|Jena|P
07702|Jena|P
07703|Jena|P
07704|Jena|P
07705|Jena|P
07706|Jena|P
07707|Jena|P
07708|Jena|P
07714|Jena|P
07715|Jena|P
07722|Jena|P
07724|Jena|P
07725|Jena|P
07709|Jena|P
07710|Jena|P
07713|Jena|P
07717|Jena|P
07718|Jena|P
07738|Jena|G
07751|Jena|N
07737|Jena|G
98527|Suhl|H
98528|Suhl|N
98529|Suhl|N
98501|Suhl|P
98502|Suhl|P
98503|Suhl|P
98504|Suhl|P
98509|Suhl|P
98490|Suhl|P
98491|Suhl|P
98496|Suhl|G
98506|Suhl|P
98507|Suhl|P
98500|Suhl|G
98523|Suhl|G
98497|Suhl|G
99423|Weimar|H
99425|Weimar|N
99427|Weimar|N
99401|Weimar|P
99402|Weimar|P
99403|Weimar|P
99404|Weimar|P
99405|Weimar|P
99406|Weimar|P
99407|Weimar|P
99408|Weimar|P
99409|Weimar|P
99420|Weimar|G
99421|Weimar|G
99428|Weimar|H
99817|Eisenach|H
99801|Eisenach|P
99802|Eisenach|P
99803|Eisenach|P
99804|Eisenach|P
99805|Eisenach|P
99806|Eisenach|P
99807|Eisenach|P
99815|Eisenach|G
37318|Arenshausen|H
37318|Asbach-Sickenberg|H
37339|Berlingerode|H
37318|Birkenfelde|H
37308|Bodenrode-Westhausen|H
37318|Bornhagen|H
37339|Brehme|H
37339|Breitenworbis|H
37359|Büttstedt|H
37339|Buhla|H
37318|Burgwalde|H
37318|Dieterode|H
37318|Dietzenrode/Vatterode|H
37351|Dingelstädt|H
37339|Ecklingerode|H
37359|Effelder|H
37318|Eichstruth|H
37339|Ferna|H
37318|Freienhagen|H
37318|Fretterode|H
37308|Geisleden|H
37308|Geismar|H
37318|Gerbershausen|H
37339|Gernrode|H
37359|Großbartloff|H
37339|Haynrode|H
37308|Heilbad Heiligenstadt|H
37301|Heilbad Heiligenstadt|P
37302|Heilbad Heiligenstadt|P
37308|Heuthen|H
37318|Hohengandern|H
37308|Kella|H
37318|Kirchgandern|H
37339|Kirchworbis|H
37308|Krombach|H
37359|Küllstedt|H
37318|Lenterode|H
37318|Lindewerra|H
37318|Lutter|H
37318|Mackenrode|H
37318|Marth|H
37355|Niederorschel|H
37352|Niederorschel|P
37308|Pfaffschwende|H
37308|Reinholterode|H
37318|Röhrig|H
37318|Rohrberg|H
37318|Rustenfelde|H
37318|Schachtebich|H
37318|Schönhagen|H
37318|Schwobfeld|H
37308|Sickerode|H
37308|Steinbach|H
37318|Steinheuterode|H
37339|Tastungen|H
37318|Thalwenden|H
37318|Uder|H
37308|Volkerode|H
37359|Wachstedt|H
37318|Wahlhausen|H
37339|Wehnde|H
37308|Wiesenfeld|H
37327|Wingerode|H
37318|Wüstheuterode|H
37308|Schimberg|H
37339|Teistungen|H
37339|Böseckendorf|H
37339|Bleckenrode|H
37339|Neuendorf|H
37321|Leinefelde-Worbis|P
37327|Leinefelde-Worbis|H
37339|Leinefelde-Worbis|H
37345|Am Ohmberg|H
37345|Sonnenstein|H
99765|Auleben|H
99752|Bleicherode|H
99755|Ellrich|H
99765|Görsbach|H
99759|Großlohra|H
99765|Hamma|H
99765|Heringen|H
99752|Kehmstedt|H
99735|Kleinfurra|H
99752|Lipprechterode|H
99759|Niedergebra|H
99734|Nordhausen|H
99721|Nordhausen|P
99722|Nordhausen|P
99723|Nordhausen|P
99724|Nordhausen|P
99725|Nordhausen|P
99729|Nordhausen|P
99726|Nordhausen|P
99727|Nordhausen|P
99738|Nordhausen|G
99759|Sollstedt|H
99765|Urbach|H
99765|Uthleben|H
99765|Windehausen|H
99755|Hohenstein|H
99735|Werther|H
99768|Harztor|H
36448|Bad Liebenstein|H
36433|Bad Salzungen|H
36421|Bad Salzungen|P
36422|Bad Salzungen|P
36423|Bad Salzungen|P
36427|Bad Salzungen|P
36424|Bad Salzungen|P
36469|Bad Salzungen|H
36467|Bad Salzungen|P
36456|Barchfeld-Immelborn|H
99826|Berka v d Hainich|H
99826|Bischofroda|H
36419|Buttlar|H
36466|Dermbach|H
36452|Empfertshausen|H
36419|Geisa|H
36419|Gerstengrund|H
99826|Hallungen|H
36452|Kaltennordheim|H
99819|Krauthausen|H
99826|Lauterbach|H
36433|Leimbach|H
99826|Nazza|H
36404|Oechsen|H
99842|Ruhla|H
36419|Schleid|H
99846|Seebach|H
99830|Treffurt|H
36414|Unterbreizbach|H
36404|Vacha|H
36457|Weilar|H
36466|Wiesenthal|H
99848|Wutha-Farnroda|H
99847|Wutha-Farnroda|P
99834|Gerstungen|H
99820|Hörselberg-Hainich|H
99946|Hörselberg-Hainich|P
36460|Krayenberggemeinde|H
99837|Werra-Suhl-Tal|H
99831|Amt Creuzburg|H
99947|Bad Langensalza|H
99941|Bad Langensalza|P
99942|Bad Langensalza|P
99955|Bad Tennstedt|H
99954|Bad Tennstedt|P
99955|Ballhausen|H
99955|Blankenburg|H
99955|Bruchstedt|H
99958|Großvargula|H
99955|Haussömmern|H
99955|Herbsleben|H
99988|Heyerode|H
99976|Hildebrandshausen|H
99955|Hornsömmern|H
99986|Kammerforst|H
99947|Kirchheilingen|H
99998|Körner|H
99955|Kutzleben|H
99986|Langula|H
99976|Lengenfeld unterm Stein|H
99994|Marolterode|H
99955|Mittelsömmern|H
99974|Mühlhausen|H
99961|Mühlhausen|P
99962|Mühlhausen|P
99963|Mühlhausen|P
99964|Mühlhausen|P
99965|Mühlhausen|P
99966|Mühlhausen|P
99998|Mühlhausen|H
99986|Niederdorla|H
99986|Oberdorla|H
99986|Oppershausen|H
99947|Sundhausen|H
99947|Tottleben|H
99955|Urleben|H
99988|Diedorf|H
99976|Faulungen|H
99988|Schierschwende|H
99988|Wendehausen|H
99996|Unstruttal|H
99991|Unstrut-Hainich|H
99994|Nottertal-Heilinger H|H
99713|Abtsbessingen|H
06556|Artern|H
06551|Artern|P
06553|Artern|G
06567|Bad Frankenhausen|H
06562|Bad Frankenhausen|P
99713|Bellstedt|H
06556|Borxleben|H
99718|Clingen|H
99713|Ebeleben|H
06577|Etzleben|H
99713|Freienbessingen|H
06571|Gehofen|H
99718|Greußen|H
99713|Helbedündorf|H
99713|Holzsußra|H
06556|Kalbsrieth|H
06556|Mönchpfiffel-Nikolausrh|H
99718|Niederbösa|H
99718|Oberbösa|H
06577|Oberheldrungen|H
06556|Reinsdorf|H
99713|Rockstedt|H
06571|Roßleben-Wiehe|H
99706|Sondershausen|H
99701|Sondershausen|P
99702|Sondershausen|P
99718|Topfstedt|H
99718|Trebra|H
99718|Wasserthaleben|H
99718|Westgreußen|H
99707|Kyffhäuserland|H
06574|An der Schmücke|P
06577|An der Schmücke|H
98617|Belrieth|H
98634|Birx|H
98597|Breitungen|H
98547|Christes|H
98530|Dillstädt|H
98617|Einhausen|H
98617|Ellingshausen|H
98634|Erbenhausen|H
98597|Fambach|H
98593|Floh-Seligenthal|H
98591|Floh-Seligenthal|P
98634|Frankenheim|H
98634|Friedelshausen|H
98547|Kühndorf|H
98617|Leutersdorf|H
98634|Mehmels|H
98617|Meiningen|H
98601|Meiningen|P
98602|Meiningen|P
98603|Meiningen|P
98604|Meiningen|P
98605|Meiningen|P
98606|Meiningen|P
98607|Meiningen|P
98610|Meiningen|G
98617|Neubrunn|H
98559|Oberhof|H
98556|Oberhof|P
98557|Oberhof|P
98558|Oberhof|P
98617|Obermaßfeld-Grimmenthal|H
98634|Oberweid|H
98639|Rippershausen|H
98617|Ritschenhausen|H
98530|Rohr|H
98590|Rosa|H
98590|Roßdorf|H
98574|Schmalkalden|H
98561|Schmalkalden|P
98562|Schmalkalden|P
98563|Schmalkalden|P
98564|Schmalkalden|P
98565|Schmalkalden|P
98590|Schwallungen|H
98547|Schwarza|H
98587|Steinbach-Hallenberg|H
98596|Brotterode-Trusetal|H
98617|Untermaßfeld|H
98617|Utendorf|H
98617|Vachdorf|H
98634|Wasungen|H
98632|Wasungen|P
98544|Zella-Mehlis|H
98536|Zella-Mehlis|P
98537|Zella-Mehlis|P
98617|Rhönblick|H
98631|Grabfeld|H
99880|Aspach|H
99100|Bienstädt|H
99100|Dachwig|H
99100|Döllstädt|H
99869|Ebenheim|H
99869|Emleben|H
99869|Eschenbergen|H
99894|Friedrichroda|H
99892|Friedrichroda|P
99893|Friedrichroda|G
99869|Friemar|H
99880|Fröttstädt|H
99887|Georgenthal|H
99886|Georgenthal|P
99100|Gierstädt|H
99867|Gotha|H
99851|Gotha|P
99852|Gotha|P
99853|Gotha|P
99854|Gotha|P
99855|Gotha|P
99856|Gotha|P
99857|Gotha|P
99860|Gotha|P
99100|Großfahner|H
99880|Hörselgau|H
99880|Laucha|H
99885|Luisenthal|H
99880|Mechterstädt|H
99880|Metebach|H
99869|Molschleben|H
99192|Nottleben|H
99885|Ohrdruf|H
99869|Pferdingsleben|H
99869|Schwabhausen|H
99869|Sonneborn|H
99891|Bad Tabarz|H
99897|Tambach-Dietharz|H
99880|Teutleben|H
99958|Tonna|H
99869|Tröchtelborn|H
99880|Trügleben|H
99869|Tüttleben|H
99880|Waltershausen|H
99874|Waltershausen|P
99875|Waltershausen|P
99878|Waltershausen|G
99879|Waltershausen|G
99869|Weingarten|H
99100|Zimmernsupra|H
99869|Drei Gleichen|H
99192|Nesse-Apfelstädt|H
99869|Nessetal|H
99195|Alperstedt|H
99189|Andisleben|H
99638|Büchel|H
99628|Buttstädt|H
99195|Eckstedt|H
99189|Elxleben|H
99634|Gangloffsömmern|H
99189|Gebesee|H
99638|Griefstedt|H
99198|Großmölsen|H
99625|Großneuhausen|H
99195|Großrudestedt|H
99631|Günstedt|H
99189|Haßleben|H
99638|Kindelbrück|H
99198|Kleinmölsen|H
99625|Kleinneuhausen|H
99625|Kölleda|H
99623|Kölleda|P
99195|Markvippach|H
99195|Nöda|H
99198|Ollendorf|H
99636|Ostramondra|H
99636|Rastenberg|H
99195|Riethnordhausen|H
99189|Ringleben|H
99195|Schloßvippach|H
99634|Schwerstedt|H
99610|Sömmerda|H
99601|Sömmerda|P
99602|Sömmerda|P
99610|Sprötau|H
99634|Straußfurt|H
99198|Udestedt|H
99610|Vogelsberg|H
99189|Walschleben|H
99631|Weißensee|H
99634|Werningshausen|H
99189|Witterda|H
99610|Wundersleben|H
98553|Ahlstädt|H
98660|Beinerstadt|H
98553|Bischofrod|H
98673|Brünn|H
98646|Dingsleben|H
98660|Ehrenberg|H
98553|Eichenberg|H
98673|Eisfeld|H
98660|Grimmelshausen|H
98530|Grub|H
98660|Henfstädt|H
98646|Hildburghausen|H
98641|Hildburghausen|P
98642|Hildburghausen|P
98643|Hildburghausen|P
98660|Kloster Veßra|H
98660|Lengfeld|H
98530|Marisfeld|H
98530|Oberstadt|H
98646|Reurieth|H
98628|Römhild|P
98630|Römhild|H
98663|Schlechtsart|H
98666|Biberau|H
98667|Gießübel|H
98667|Langenbach|H
98667|Schönbrunn|H
98667|Steinbach|H
98553|Schleusingen|H
98530|Schmeheim|H
98663|Schweickershausen|H
98660|St. Bernhard|H
98646|Straufhain|H
98660|Themar|H
98663|Ummerstadt|H
98669|Veilsdorf|H
98663|Westhausen|H
98673|Auengrund|H
98666|Masserberg|H
98664|Masserberg|P
98663|Heldburg|H
99310|Alkersleben|H
99310|Arnstadt|H
99301|Arnstadt|P
99302|Arnstadt|P
99303|Arnstadt|P
99304|Arnstadt|P
99310|Bösleben-Wüllersleben|H
99310|Dornheim|H
98716|Elgersburg|H
99334|Elleben|H
99334|Elxleben|H
98701|Großbreitenbach|H
99334|Amt Wachsenburg|H
98693|Ilmenau|H
98681|Ilmenau|P
98682|Ilmenau|P
98683|Ilmenau|P
98684|Ilmenau|P
98685|Ilmenau|P
98686|Ilmenau|P
98706|Ilmenau|P
98694|Ilmenau|H
98693|Martinroda|H
99310|Osthausen-Wülfershausen|H
99338|Plaue|H
99326|Stadtilm|H
99324|Stadtilm|P
99310|Witzleben|H
99330|Geratal|H
99331|Geratal|H
99510|Apolda|H
99501|Apolda|P
99502|Apolda|P
99503|Apolda|P
99438|Bad Berka|H
99434|Bad Berka|P
99437|Bad Berka|G
99518|Bad Sulza|H
99439|Ballstedt|H
99444|Blankenhain|H
99438|Buchfart|H
99441|Döbritschen|H
99518|Eberstedt|H
99439|Ettersburg|H
99441|Frankendorf|H
99518|Großheringen|H
99441|Großschwabhausen|H
99441|Hammerstedt|H
99438|Hetschburg|H
99448|Hohenfelden|H
99510|Kapellendorf|H
99441|Kiliansroda|H
99441|Kleinschwabhausen|H
99102|Klettbach|H
99448|Kranichfeld|H
99441|Lehnstedt|H
99441|Magdala|H
99441|Mechelroda|H
99441|Mellingen|H
99448|Nauendorf|H
99439|Neumark|H
99518|Niedertrebra|H
99510|Obertrebra|H
99438|Oettern|H
99448|Rittersdorf|H
99518|Schmiedehausen|H
99518|Lachstedt|H
99438|Tonndorf|H
99441|Umpferstedt|H
99438|Vollersroda|H
99510|Wiegendorf|H
99510|Ilmtal-Weinstraße|H
99439|Am Ettersberg|H
99428|Grammetal|H
98746|Goldisthal|H
98724|Lauscha|H
98724|Neuhaus|H
96528|Schalkau|H
96515|Sonneberg|H
96501|Sonneberg|P
96502|Sonneberg|P
96503|Sonneberg|P
96504|Sonneberg|P
96505|Sonneberg|P
96508|Sonneberg|P
96506|Sonneberg|P
96507|Sonneberg|P
96523|Steinach|H
96528|Frankenblick|H
96524|Föritztal|H
07426|Allendorf|H
07338|Altenbeuthen|H
07422|Bad Blankenburg|H
07426|Bechstedt|H
98744|Cursdorf|H
98744|Deesbach|H
07429|Döschnitz|H
98743|Gräfenthal|H
07338|Hohenwarte|H
98746|Katzhütte|H
07338|Kaulsdorf|H
07349|Lehesten|H
98744|Meura|H
07330|Probstzella|H
07429|Rohrbach|H
07407|Rudolstadt|H
07391|Rudolstadt|P
07392|Rudolstadt|P
07393|Rudolstadt|P
07394|Rudolstadt|P
07318|Saalfeld|H
07306|Saalfeld|P
07307|Saalfeld|P
07308|Saalfeld|P
07309|Saalfeld|P
07310|Saalfeld|P
07311|Saalfeld|P
07427|Schwarzburg|H
07429|Sitzendorf|H
98744|Unterweißbach|H
07338|Leutenberg|H
07338|Drognitz|H
07407|Uhlstädt-Kirchhasel|H
07333|Unterwellenborn|H
07426|Königsee|H
98744|Schwarzatal|H
07646|Albersdorf|H
07768|Altenberga|H
07639|Bad Klosterlausnitz|H
07768|Bibra|H
07646|Bobeck|H
07646|Bremsnitz|H
07751|Bucha|H
07616|Bürgel|H
07771|Dornburg-Camburg|P
07774|Dornburg-Camburg|H
07613|Crossen|H
07768|Eichenberg|H
07646|Eineborn|H
07607|Eisenberg|H
07601|Eisenberg|P
07602|Eisenberg|P
07774|Frauenprießnitz|H
07768|Freienorla|H
07646|Geisenhain|H
07646|Gneus|H
07607|Gösen|H
07751|Golmsdorf|H
07616|Graitschen|H
07646|Großbockedra|H
07768|Großeutersdorf|H
07751|Großlöbichau|H
07751|Großpürschütz|H
07768|Gumperda|H
07778|Hainichen|H
07607|Hainspitz|H
07613|Hartmannsdorf|H
07613|Heideland|H
07629|Hermsdorf|H
07768|Hummelshain|H
07751|Jenalöbnitz|H
07768|Kahla|H
07764|Kahla|P
07765|Kahla|P
07646|Karlsdorf|H
07646|Kleinbockedra|H
07646|Kleinebersdorf|H
07768|Kleineutersdorf|H
07646|Laasdorf|H
07778|Lehesten|H
07768|Lindig|H
07646|Lippersdorf-Erdmannsdorf|H
07751|Löberschütz|H
07619|Mertendorf|H
07646|Meusebach|H
07751|Milda|H
07646|Möckern|H
07646|Mörsdorf|H
07616|Nausnitz|H
07778|Neuengönna|H
07646|Oberbodnitz|H
07768|Orlamünde|H
07646|Ottendorf|H
07616|Petersberg|H
07616|Poxdorf|H
07646|Rattelsdorf|H
07613|Rauda|H
07616|Rauschwitz|H
07646|Rausdorf|H
07629|Reichenbach|H
07768|Reinstädt|H
07646|Renthendorf|H
07751|Rothenstein|H
07646|Ruttersdorf-Lotschen|H
07646|Scheiditz|H
07629|Schleifreisen|H
07646|Schlöben|H
07646|Schöngleina|H
07768|Schöps|H
07768|Seitenroda|H
07616|Serba|H
07613|Silbitz|H
07629|St. Gangloff|H
07646|Stadtroda|H
07641|Stadtroda|P
07642|Stadtroda|P
07751|Sulza|H
07778|Tautenburg|H
07646|Tautendorf|H
07639|Tautenhain|H
07774|Thierschneck|H
07646|Tissa|H
07646|Trockenborn-Wolfersdorf|H
07646|Tröbnitz|H
07646|Unterbodnitz|H
07646|Waldeck|H
07613|Walpernhain|H
07646|Waltersdorf|H
07646|Weißbach|H
07639|Weißenborn|H
07774|Wichmar|H
07778|Zimmern|H
07751|Zöllnitz|H
07619|Schkölen|H
07381|Bodelwitz|H
07907|Dittersdorf|H
07381|Döbritz|H
07819|Dreitzsch|H
07924|Eßbach|H
07819|Geroda|H
07389|Gertewitz|H
07907|Görkwitz|H
07907|Göschitz|H
07389|Gössitz|H
07389|Grobengereuth|H
07927|Hirschberg|H
07927|Hirschberg|P
07389|Keila|H
07919|Kirschkau|H
07806|Kospoda|H
07381|Langenorla|H
07806|Lausnitz|H
07819|Lemnitz|H
07351|Bad Lobenstein|P
07352|Bad Lobenstein|P
07353|Bad Lobenstein|P
07356|Bad Lobenstein|H
07907|Löhma|H
07819|Miesitz|H
07819|Mittelpöllnitz|H
07907|Moßbach|H
07381|Moxa|H
07924|Neundorf|H
07806|Neustadt|H
07381|Nimritz|H
07381|Oberoppurg|H
07907|Oettersdorf|H
07381|Oppurg|H
07381|Paska|H
07389|Peuschen|H
07907|Plothen|H
07907|Pörmitz|H
07381|Pößneck|H
07371|Pößneck|P
07372|Pößneck|P
07373|Pößneck|P
07374|Pößneck|P
07389|Quaschwitz|H
07389|Ranis|H
07819|Rosendorf|H
07907|Schleiz|H
07901|Schleiz|P
07902|Schleiz|P
07903|Schleiz|P
07904|Schleiz|P
07819|Schmieritz|H
07389|Schmorda|H
07924|Schöndorf|H
07389|Seisla|H
07381|Solkwitz|H
07907|Tegau|H
07819|Tömmelsdorf|H
07819|Triptis|H
07924|Volkmannsdorf|H
07806|Weira|H
07381|Wernburg|H
07389|Wilhelmsdorf|H
07924|Ziegenrück|H
07387|Krölpa|H
07926|Gefell|H
07922|Tanna|H
07343|Wurzbach|H
07341|Wurzbach|P
07368|Remptendorf|H
07929|Saalburg-Ebersdorf|H
07366|Rosenthal|H
07955|Auma-Weidatal|H
07586|Bad Köstritz|H
07554|Bethenhausen|H
07589|Bocka|H
07554|Brahmenau|H
07580|Braunichswalde|H
07586|Caaschwitz|H
07557|Crimla|H
07570|Endschütz|H
07580|Gauern|H
07973|Greiz|H
07961|Greiz|P
07962|Greiz|P
07963|Greiz|P
07580|Großenstein|H
07580|Hilbersdorf|H
07554|Hirschfeld|H
07958|Hohenleuben|H
07557|Hundhaupten|H
07554|Kauern|H
07554|Korbußen|H
07957|Langenwetzendorf|H
07937|Langenwolschendorf|H
07589|Lederhose|H
07580|Linda|H
07589|Lindenkreuz|H
07589|Münchenbernsdorf|H
07580|Paitzdorf|H
07554|Pölzig|H
07580|Reichstädt|H
07580|Ronneburg|H
07576|Ronneburg|P
07580|Rückersdorf|H
07589|Saara|H
07554|Schwaara|H
07589|Schwarzbach|H
07580|Seelingstädt|H
07570|Teichwitz|H
07570|Weida|H
07565|Weida|P
07950|Weißendorf|H
07557|Zedlitz|H
07937|Zeulenroda-Triebes|H
07932|Zeulenroda-Triebes|P
07931|Zeulenroda-Triebes|P
07950|Zeulenroda-Triebes|H
07933|Zeulenroda-Triebes|P
07570|Harth-Pöllnitz|H
07586|Kraftsdorf|H
07987|Mohlsdorf-Teichwolframsd|H
07980|Berga-Wünschendorf|H
04600|Altenburg|H
04581|Altenburg|P
04582|Altenburg|P
04583|Altenburg|P
04584|Altenburg|P
04588|Altenburg|P
04590|Altenburg|P
04626|Dobitschen|H
04617|Fockendorf|H
04617|Gerstenberg|H
04603|Göhren|H
04626|Göllnitz|H
04618|Göpfersdorf|H
04639|Gößnitz|H
04617|Haselbach|H
04626|Heukewalde|H
04626|Heyersdorf|H
04626|Jonaswalde|H
04617|Kriebitzsch|H
04618|Langenleuba-Niederhain|H
04626|Löbichau|H
04617|Lödla|H
04613|Lucka|H
04626|Mehna|H
04610|Meuselwitz|H
04607|Meuselwitz|P
04617|Monstab|H
04603|Nobitz|H
04639|Ponitz|H
04626|Posterstein|H
04617|Rositz|H
04614|Rositz|P
04626|Schmölln|H
04621|Schmölln|P
04622|Schmölln|P
04617|Starkenberg|H
04626|Thonhausen|H
04617|Treben|H
04626|Vollmershain|H
04603|Windischleuba|H
